1779352530: mosquitto version 2.0.22 starting
1779352530: Config loaded from D:\gpstracker\MQTT\mosquitto-local.conf.
1779352530: Opening ipv4 listen socket on port 1883.
1779352530: mosquitto version 2.0.22 running
1779353252: New connection from 192.168.167.57:62161 on port 1883.
1779353252: New client connected from 192.168.167.57:62161 as esp32-gps-01-32a50528 (p2, c1, k15).
1779353252: No will message specified.
1779353252: Sending CONNACK to esp32-gps-01-32a50528 (0, 0)
1779353252: Received PUBLISH from esp32-gps-01-32a50528 (d0, q0, r0, m0, 'trackhub/gps', ... (214 bytes))
1779353255: Received PUBLISH from esp32-gps-01-32a50528 (d0, q0, r0, m0, 'trackhub/gps', ... (232 bytes))
1779353258: Received PUBLISH from esp32-gps-01-32a50528 (d0, q0, r0, m0, 'trackhub/gps', ... (232 bytes))
1779353261: Received PUBLISH from esp32-gps-01-32a50528 (d0, q0, r0, m0, 'trackhub/gps', ... (232 bytes))
1779353264: Received PUBLISH from esp32-gps-01-32a50528 (d0, q0, r0, m0, 'trackhub/gps', ... (232 bytes))
1779353267: Received PINGREQ from esp32-gps-01-32a50528
1779353267: Sending PINGRESP to esp32-gps-01-32a50528
1779353267: Received PUBLISH from esp32-gps-01-32a50528 (d0, q0, r0, m0, 'trackhub/gps', ... (239 bytes))
1779353270: Received PUBLISH from esp32-gps-01-32a50528 (d0, q0, r0, m0, 'trackhub/gps', ... (239 bytes))
1779353277: Received PUBLISH from esp32-gps-01-32a50528 (d0, q0, r0, m0, 'trackhub/gps', ... (232 bytes))
1779353280: Received PUBLISH from esp32-gps-01-32a50528 (d0, q0, r0, m0, 'trackhub/gps', ... (240 bytes))
1779353282: Received PINGREQ from esp32-gps-01-32a50528
1779353282: Sending PINGRESP to esp32-gps-01-32a50528
1779353283: Received PUBLISH from esp32-gps-01-32a50528 (d0, q0, r0, m0, 'trackhub/gps', ... (240 bytes))
1779353286: Received PUBLISH from esp32-gps-01-32a50528 (d0, q0, r0, m0, 'trackhub/gps', ... (240 bytes))
1779353289: Received PUBLISH from esp32-gps-01-32a50528 (d0, q0, r0, m0, 'trackhub/gps', ... (240 bytes))
1779353292: Received PUBLISH from esp32-gps-01-32a50528 (d0, q0, r0, m0, 'trackhub/gps', ... (241 bytes))
1779353295: Received PUBLISH from esp32-gps-01-32a50528 (d0, q0, r0, m0, 'trackhub/gps', ... (241 bytes))
1779353297: Received PINGREQ from esp32-gps-01-32a50528
1779353297: Sending PINGRESP to esp32-gps-01-32a50528
1779353298: Received PUBLISH from esp32-gps-01-32a50528 (d0, q0, r0, m0, 'trackhub/gps', ... (241 bytes))
1779353301: Received PUBLISH from esp32-gps-01-32a50528 (d0, q0, r0, m0, 'trackhub/gps', ... (241 bytes))
1779353308: Received PUBLISH from esp32-gps-01-32a50528 (d0, q0, r0, m0, 'trackhub/gps', ... (232 bytes))
1779353311: Received PUBLISH from esp32-gps-01-32a50528 (d0, q0, r0, m0, 'trackhub/gps', ... (261 bytes))
1779353312: Received PINGREQ from esp32-gps-01-32a50528
1779353312: Sending PINGRESP to esp32-gps-01-32a50528
1779353314: Received PUBLISH from esp32-gps-01-32a50528 (d0, q0, r0, m0, 'trackhub/gps', ... (261 bytes))
1779353317: Received PUBLISH from esp32-gps-01-32a50528 (d0, q0, r0, m0, 'trackhub/gps', ... (240 bytes))
1779353320: Received PUBLISH from esp32-gps-01-32a50528 (d0, q0, r0, m0, 'trackhub/gps', ... (240 bytes))
1779353323: Received PUBLISH from esp32-gps-01-32a50528 (d0, q0, r0, m0, 'trackhub/gps', ... (240 bytes))
1779353326: Received PUBLISH from esp32-gps-01-32a50528 (d0, q0, r0, m0, 'trackhub/gps', ... (240 bytes))
1779353328: Received PINGREQ from esp32-gps-01-32a50528
1779353328: Sending PINGRESP to esp32-gps-01-32a50528
1779353329: Received PUBLISH from esp32-gps-01-32a50528 (d0, q0, r0, m0, 'trackhub/gps', ... (241 bytes))
1779353338: Received PUBLISH from esp32-gps-01-32a50528 (d0, q0, r0, m0, 'trackhub/gps', ... (270 bytes))
1779353341: Received PUBLISH from esp32-gps-01-32a50528 (d0, q0, r0, m0, 'trackhub/gps', ... (226 bytes))
1779353343: Received PINGREQ from esp32-gps-01-32a50528
1779353343: Sending PINGRESP to esp32-gps-01-32a50528
1779353344: Received PUBLISH from esp32-gps-01-32a50528 (d0, q0, r0, m0, 'trackhub/gps', ... (226 bytes))
1779353347: Received PUBLISH from esp32-gps-01-32a50528 (d0, q0, r0, m0, 'trackhub/gps', ... (226 bytes))
1779353350: Received PUBLISH from esp32-gps-01-32a50528 (d0, q0, r0, m0, 'trackhub/gps', ... (226 bytes))
1779353353: Received PUBLISH from esp32-gps-01-32a50528 (d0, q0, r0, m0, 'trackhub/gps', ... (226 bytes))
1779353356: Received PUBLISH from esp32-gps-01-32a50528 (d0, q0, r0, m0, 'trackhub/gps', ... (218 bytes))
1779353358: Received PINGREQ from esp32-gps-01-32a50528
1779353358: Sending PINGRESP to esp32-gps-01-32a50528
1779353359: Received PUBLISH from esp32-gps-01-32a50528 (d0, q0, r0, m0, 'trackhub/gps', ... (218 bytes))
1779353368: Received PUBLISH from esp32-gps-01-32a50528 (d0, q0, r0, m0, 'trackhub/gps', ... (218 bytes))
1779353371: Received PUBLISH from esp32-gps-01-32a50528 (d0, q0, r0, m0, 'trackhub/gps', ... (218 bytes))
1779353373: Received PINGREQ from esp32-gps-01-32a50528
1779353373: Sending PINGRESP to esp32-gps-01-32a50528
1779353374: Received PUBLISH from esp32-gps-01-32a50528 (d0, q0, r0, m0, 'trackhub/gps', ... (218 bytes))
1779353377: Received PUBLISH from esp32-gps-01-32a50528 (d0, q0, r0, m0, 'trackhub/gps', ... (218 bytes))
1779353381: Received PUBLISH from esp32-gps-01-32a50528 (d0, q0, r0, m0, 'trackhub/gps', ... (218 bytes))
1779353383: Received PUBLISH from esp32-gps-01-32a50528 (d0, q0, r0, m0, 'trackhub/gps', ... (218 bytes))
1779353387: Received PUBLISH from esp32-gps-01-32a50528 (d0, q0, r0, m0, 'trackhub/gps', ... (218 bytes))
1779353388: Received PINGREQ from esp32-gps-01-32a50528
1779353388: Sending PINGRESP to esp32-gps-01-32a50528
1779353390: Received PUBLISH from esp32-gps-01-32a50528 (d0, q0, r0, m0, 'trackhub/gps', ... (218 bytes))
1779353398: Received PUBLISH from esp32-gps-01-32a50528 (d0, q0, r0, m0, 'trackhub/gps', ... (260 bytes))
1779353401: Received PUBLISH from esp32-gps-01-32a50528 (d0, q0, r0, m0, 'trackhub/gps', ... (260 bytes))
1779353403: Received PINGREQ from esp32-gps-01-32a50528
1779353403: Sending PINGRESP to esp32-gps-01-32a50528
1779353404: Received PUBLISH from esp32-gps-01-32a50528 (d0, q0, r0, m0, 'trackhub/gps', ... (233 bytes))
1779353407: Received PUBLISH from esp32-gps-01-32a50528 (d0, q0, r0, m0, 'trackhub/gps', ... (233 bytes))
1779353410: Received PUBLISH from esp32-gps-01-32a50528 (d0, q0, r0, m0, 'trackhub/gps', ... (233 bytes))
1779353413: Received PUBLISH from esp32-gps-01-32a50528 (d0, q0, r0, m0, 'trackhub/gps', ... (233 bytes))
1779353416: Received PUBLISH from esp32-gps-01-32a50528 (d0, q0, r0, m0, 'trackhub/gps', ... (233 bytes))
1779353418: Received PINGREQ from esp32-gps-01-32a50528
1779353418: Sending PINGRESP to esp32-gps-01-32a50528
1779353419: Received PUBLISH from esp32-gps-01-32a50528 (d0, q0, r0, m0, 'trackhub/gps', ... (233 bytes))
1779353428: Received PUBLISH from esp32-gps-01-32a50528 (d0, q0, r0, m0, 'trackhub/gps', ... (223 bytes))
1779353431: Received PUBLISH from esp32-gps-01-32a50528 (d0, q0, r0, m0, 'trackhub/gps', ... (218 bytes))
1779353433: Received PINGREQ from esp32-gps-01-32a50528
1779353433: Sending PINGRESP to esp32-gps-01-32a50528
1779353434: Received PUBLISH from esp32-gps-01-32a50528 (d0, q0, r0, m0, 'trackhub/gps', ... (218 bytes))
1779353437: Received PUBLISH from esp32-gps-01-32a50528 (d0, q0, r0, m0, 'trackhub/gps', ... (218 bytes))
1779353440: Received PUBLISH from esp32-gps-01-32a50528 (d0, q0, r0, m0, 'trackhub/gps', ... (218 bytes))
1779353443: Received PUBLISH from esp32-gps-01-32a50528 (d0, q0, r0, m0, 'trackhub/gps', ... (218 bytes))
1779353446: Received PUBLISH from esp32-gps-01-32a50528 (d0, q0, r0, m0, 'trackhub/gps', ... (218 bytes))
1779353448: Received PINGREQ from esp32-gps-01-32a50528
1779353448: Sending PINGRESP to esp32-gps-01-32a50528
1779353449: Received PUBLISH from esp32-gps-01-32a50528 (d0, q0, r0, m0, 'trackhub/gps', ... (218 bytes))
1779353459: Received PUBLISH from esp32-gps-01-32a50528 (d0, q0, r0, m0, 'trackhub/gps', ... (223 bytes))
1779353461: Received PUBLISH from esp32-gps-01-32a50528 (d0, q0, r0, m0, 'trackhub/gps', ... (218 bytes))
1779353463: Received PINGREQ from esp32-gps-01-32a50528
1779353463: Sending PINGRESP to esp32-gps-01-32a50528
1779353465: Received PUBLISH from esp32-gps-01-32a50528 (d0, q0, r0, m0, 'trackhub/gps', ... (218 bytes))
1779353467: Received PUBLISH from esp32-gps-01-32a50528 (d0, q0, r0, m0, 'trackhub/gps', ... (218 bytes))
1779353471: Received PUBLISH from esp32-gps-01-32a50528 (d0, q0, r0, m0, 'trackhub/gps', ... (218 bytes))
1779353473: Received PUBLISH from esp32-gps-01-32a50528 (d0, q0, r0, m0, 'trackhub/gps', ... (218 bytes))
1779353476: Received PUBLISH from esp32-gps-01-32a50528 (d0, q0, r0, m0, 'trackhub/gps', ... (218 bytes))
1779353479: Received PINGREQ from esp32-gps-01-32a50528
1779353479: Sending PINGRESP to esp32-gps-01-32a50528
1779353480: Received PUBLISH from esp32-gps-01-32a50528 (d0, q0, r0, m0, 'trackhub/gps', ... (218 bytes))
1779353488: Received PUBLISH from esp32-gps-01-32a50528 (d0, q0, r0, m0, 'trackhub/gps', ... (226 bytes))
1779353491: Received PUBLISH from esp32-gps-01-32a50528 (d0, q0, r0, m0, 'trackhub/gps', ... (226 bytes))
1779353494: Received PINGREQ from esp32-gps-01-32a50528
1779353494: Sending PINGRESP to esp32-gps-01-32a50528
1779353494: Received PUBLISH from esp32-gps-01-32a50528 (d0, q0, r0, m0, 'trackhub/gps', ... (218 bytes))
1779353497: Received PUBLISH from esp32-gps-01-32a50528 (d0, q0, r0, m0, 'trackhub/gps', ... (218 bytes))
1779353501: Received PUBLISH from esp32-gps-01-32a50528 (d0, q0, r0, m0, 'trackhub/gps', ... (218 bytes))
1779353504: Received PUBLISH from esp32-gps-01-32a50528 (d0, q0, r0, m0, 'trackhub/gps', ... (218 bytes))
1779353507: Received PUBLISH from esp32-gps-01-32a50528 (d0, q0, r0, m0, 'trackhub/gps', ... (218 bytes))
1779353507: New connection from 192.168.167.167:58905 on port 1883.
1779353507: New client connected from 192.168.167.167:58905 as trackhub-laravel-subscriber (p2, c1, k30).
1779353507: No will message specified.
1779353507: Sending CONNACK to trackhub-laravel-subscriber (0, 0)
1779353507: Received SUBSCRIBE from trackhub-laravel-subscriber
1779353507: 	trackhub/gps (QoS 0)
1779353507: trackhub-laravel-subscriber 0 trackhub/gps
1779353507: Sending SUBACK to trackhub-laravel-subscriber
1779353509: Received PINGREQ from esp32-gps-01-32a50528
1779353509: Sending PINGRESP to esp32-gps-01-32a50528
1779353509: Received PUBLISH from esp32-gps-01-32a50528 (d0, q0, r0, m0, 'trackhub/gps', ... (218 bytes))
1779353509: Sending PUBLISH to trackhub-laravel-subscriber (d0, q0, r0, m0, 'trackhub/gps', ... (218 bytes))
1779353518: Received PUBLISH from esp32-gps-01-32a50528 (d0, q0, r0, m0, 'trackhub/gps', ... (226 bytes))
1779353518: Sending PUBLISH to trackhub-laravel-subscriber (d0, q0, r0, m0, 'trackhub/gps', ... (226 bytes))
1779353521: Received PUBLISH from esp32-gps-01-32a50528 (d0, q0, r0, m0, 'trackhub/gps', ... (226 bytes))
1779353521: Sending PUBLISH to trackhub-laravel-subscriber (d0, q0, r0, m0, 'trackhub/gps', ... (226 bytes))
1779353524: Received PINGREQ from esp32-gps-01-32a50528
1779353524: Sending PINGRESP to esp32-gps-01-32a50528
1779353524: Received PUBLISH from esp32-gps-01-32a50528 (d0, q0, r0, m0, 'trackhub/gps', ... (226 bytes))
1779353524: Sending PUBLISH to trackhub-laravel-subscriber (d0, q0, r0, m0, 'trackhub/gps', ... (226 bytes))
1779353527: Received PUBLISH from esp32-gps-01-32a50528 (d0, q0, r0, m0, 'trackhub/gps', ... (218 bytes))
1779353527: Sending PUBLISH to trackhub-laravel-subscriber (d0, q0, r0, m0, 'trackhub/gps', ... (218 bytes))
1779353530: Received PUBLISH from esp32-gps-01-32a50528 (d0, q0, r0, m0, 'trackhub/gps', ... (218 bytes))
1779353530: Sending PUBLISH to trackhub-laravel-subscriber (d0, q0, r0, m0, 'trackhub/gps', ... (218 bytes))
1779353533: Received PUBLISH from esp32-gps-01-32a50528 (d0, q0, r0, m0, 'trackhub/gps', ... (218 bytes))
1779353533: Sending PUBLISH to trackhub-laravel-subscriber (d0, q0, r0, m0, 'trackhub/gps', ... (218 bytes))
1779353536: Received PUBLISH from esp32-gps-01-32a50528 (d0, q0, r0, m0, 'trackhub/gps', ... (218 bytes))
1779353536: Sending PUBLISH to trackhub-laravel-subscriber (d0, q0, r0, m0, 'trackhub/gps', ... (218 bytes))
1779353539: Received PINGREQ from esp32-gps-01-32a50528
1779353539: Sending PINGRESP to esp32-gps-01-32a50528
1779353540: Received PUBLISH from esp32-gps-01-32a50528 (d0, q0, r0, m0, 'trackhub/gps', ... (218 bytes))
1779353540: Sending PUBLISH to trackhub-laravel-subscriber (d0, q0, r0, m0, 'trackhub/gps', ... (218 bytes))
1779353547: Received PUBLISH from esp32-gps-01-32a50528 (d0, q0, r0, m0, 'trackhub/gps', ... (226 bytes))
1779353547: Sending PUBLISH to trackhub-laravel-subscriber (d0, q0, r0, m0, 'trackhub/gps', ... (226 bytes))
1779353550: Received PUBLISH from esp32-gps-01-32a50528 (d0, q0, r0, m0, 'trackhub/gps', ... (226 bytes))
1779353550: Sending PUBLISH to trackhub-laravel-subscriber (d0, q0, r0, m0, 'trackhub/gps', ... (226 bytes))
1779353553: Client trackhub-laravel-subscriber has exceeded timeout, disconnecting.
1779353554: Received PUBLISH from esp32-gps-01-32a50528 (d0, q0, r0, m0, 'trackhub/gps', ... (226 bytes))
1779353554: Received PINGREQ from esp32-gps-01-32a50528
1779353554: Sending PINGRESP to esp32-gps-01-32a50528
1779353556: Received PUBLISH from esp32-gps-01-32a50528 (d0, q0, r0, m0, 'trackhub/gps', ... (218 bytes))
1779353558: New connection from 192.168.167.167:52606 on port 1883.
1779353558: New client connected from 192.168.167.167:52606 as trackhub-laravel-subscriber (p2, c1, k30).
1779353558: No will message specified.
1779353558: Sending CONNACK to trackhub-laravel-subscriber (0, 0)
1779353558: Received SUBSCRIBE from trackhub-laravel-subscriber
1779353558: 	trackhub/gps (QoS 0)
1779353558: trackhub-laravel-subscriber 0 trackhub/gps
1779353558: Sending SUBACK to trackhub-laravel-subscriber
1779353559: Received PUBLISH from esp32-gps-01-32a50528 (d0, q0, r0, m0, 'trackhub/gps', ... (218 bytes))
1779353559: Sending PUBLISH to trackhub-laravel-subscriber (d0, q0, r0, m0, 'trackhub/gps', ... (218 bytes))
1779353562: Received PUBLISH from esp32-gps-01-32a50528 (d0, q0, r0, m0, 'trackhub/gps', ... (218 bytes))
1779353562: Sending PUBLISH to trackhub-laravel-subscriber (d0, q0, r0, m0, 'trackhub/gps', ... (218 bytes))
1779353566: Received PUBLISH from esp32-gps-01-32a50528 (d0, q0, r0, m0, 'trackhub/gps', ... (218 bytes))
1779353566: Sending PUBLISH to trackhub-laravel-subscriber (d0, q0, r0, m0, 'trackhub/gps', ... (218 bytes))
1779353569: Received PUBLISH from esp32-gps-01-32a50528 (d0, q0, r0, m0, 'trackhub/gps', ... (218 bytes))
1779353569: Sending PUBLISH to trackhub-laravel-subscriber (d0, q0, r0, m0, 'trackhub/gps', ... (218 bytes))
1779353569: Received PINGREQ from esp32-gps-01-32a50528
1779353569: Sending PINGRESP to esp32-gps-01-32a50528
1779353578: Received PUBLISH from esp32-gps-01-32a50528 (d0, q0, r0, m0, 'trackhub/gps', ... (225 bytes))
1779353578: Sending PUBLISH to trackhub-laravel-subscriber (d0, q0, r0, m0, 'trackhub/gps', ... (225 bytes))
1779353581: Received PUBLISH from esp32-gps-01-32a50528 (d0, q0, r0, m0, 'trackhub/gps', ... (225 bytes))
1779353581: Sending PUBLISH to trackhub-laravel-subscriber (d0, q0, r0, m0, 'trackhub/gps', ... (225 bytes))
1779353584: Received PINGREQ from esp32-gps-01-32a50528
1779353584: Sending PINGRESP to esp32-gps-01-32a50528
1779353584: Received PUBLISH from esp32-gps-01-32a50528 (d0, q0, r0, m0, 'trackhub/gps', ... (226 bytes))
1779353584: Sending PUBLISH to trackhub-laravel-subscriber (d0, q0, r0, m0, 'trackhub/gps', ... (226 bytes))
1779353587: Received PUBLISH from esp32-gps-01-32a50528 (d0, q0, r0, m0, 'trackhub/gps', ... (226 bytes))
1779353587: Sending PUBLISH to trackhub-laravel-subscriber (d0, q0, r0, m0, 'trackhub/gps', ... (226 bytes))
1779353590: Received PUBLISH from esp32-gps-01-32a50528 (d0, q0, r0, m0, 'trackhub/gps', ... (226 bytes))
1779353590: Sending PUBLISH to trackhub-laravel-subscriber (d0, q0, r0, m0, 'trackhub/gps', ... (226 bytes))
1779353594: Received PUBLISH from esp32-gps-01-32a50528 (d0, q0, r0, m0, 'trackhub/gps', ... (218 bytes))
1779353594: Sending PUBLISH to trackhub-laravel-subscriber (d0, q0, r0, m0, 'trackhub/gps', ... (218 bytes))
1779353597: Received PUBLISH from esp32-gps-01-32a50528 (d0, q0, r0, m0, 'trackhub/gps', ... (218 bytes))
1779353597: Sending PUBLISH to trackhub-laravel-subscriber (d0, q0, r0, m0, 'trackhub/gps', ... (218 bytes))
1779353599: Received PINGREQ from esp32-gps-01-32a50528
1779353599: Sending PINGRESP to esp32-gps-01-32a50528
1779353599: Received PUBLISH from esp32-gps-01-32a50528 (d0, q0, r0, m0, 'trackhub/gps', ... (218 bytes))
1779353599: Sending PUBLISH to trackhub-laravel-subscriber (d0, q0, r0, m0, 'trackhub/gps', ... (218 bytes))
1779353604: Client trackhub-laravel-subscriber has exceeded timeout, disconnecting.
1779353608: Received PUBLISH from esp32-gps-01-32a50528 (d0, q0, r0, m0, 'trackhub/gps', ... (225 bytes))
1779353609: New connection from 192.168.167.167:65277 on port 1883.
1779353609: New client connected from 192.168.167.167:65277 as trackhub-laravel-subscriber (p2, c1, k30).
1779353609: No will message specified.
1779353609: Sending CONNACK to trackhub-laravel-subscriber (0, 0)
1779353609: Received SUBSCRIBE from trackhub-laravel-subscriber
1779353609: 	trackhub/gps (QoS 0)
1779353609: trackhub-laravel-subscriber 0 trackhub/gps
1779353609: Sending SUBACK to trackhub-laravel-subscriber
1779353611: Received PUBLISH from esp32-gps-01-32a50528 (d0, q0, r0, m0, 'trackhub/gps', ... (225 bytes))
1779353611: Sending PUBLISH to trackhub-laravel-subscriber (d0, q0, r0, m0, 'trackhub/gps', ... (225 bytes))
1779353614: Received PINGREQ from esp32-gps-01-32a50528
1779353614: Sending PINGRESP to esp32-gps-01-32a50528
1779353615: Received PUBLISH from esp32-gps-01-32a50528 (d0, q0, r0, m0, 'trackhub/gps', ... (225 bytes))
1779353615: Sending PUBLISH to trackhub-laravel-subscriber (d0, q0, r0, m0, 'trackhub/gps', ... (225 bytes))
1779353617: Received PUBLISH from esp32-gps-01-32a50528 (d0, q0, r0, m0, 'trackhub/gps', ... (226 bytes))
1779353617: Sending PUBLISH to trackhub-laravel-subscriber (d0, q0, r0, m0, 'trackhub/gps', ... (226 bytes))
1779353620: Received PUBLISH from esp32-gps-01-32a50528 (d0, q0, r0, m0, 'trackhub/gps', ... (226 bytes))
1779353620: Sending PUBLISH to trackhub-laravel-subscriber (d0, q0, r0, m0, 'trackhub/gps', ... (226 bytes))
1779353624: Received PUBLISH from esp32-gps-01-32a50528 (d0, q0, r0, m0, 'trackhub/gps', ... (218 bytes))
1779353624: Sending PUBLISH to trackhub-laravel-subscriber (d0, q0, r0, m0, 'trackhub/gps', ... (218 bytes))
1779353626: Received PUBLISH from esp32-gps-01-32a50528 (d0, q0, r0, m0, 'trackhub/gps', ... (218 bytes))
1779353626: Sending PUBLISH to trackhub-laravel-subscriber (d0, q0, r0, m0, 'trackhub/gps', ... (218 bytes))
1779353630: Received PUBLISH from esp32-gps-01-32a50528 (d0, q0, r0, m0, 'trackhub/gps', ... (218 bytes))
1779353630: Sending PUBLISH to trackhub-laravel-subscriber (d0, q0, r0, m0, 'trackhub/gps', ... (218 bytes))
1779353630: Received PINGREQ from esp32-gps-01-32a50528
1779353630: Sending PINGRESP to esp32-gps-01-32a50528
1779353638: Received PUBLISH from esp32-gps-01-32a50528 (d0, q0, r0, m0, 'trackhub/gps', ... (243 bytes))
1779353638: Sending PUBLISH to trackhub-laravel-subscriber (d0, q0, r0, m0, 'trackhub/gps', ... (243 bytes))
1779353641: Received PUBLISH from esp32-gps-01-32a50528 (d0, q0, r0, m0, 'trackhub/gps', ... (243 bytes))
1779353641: Sending PUBLISH to trackhub-laravel-subscriber (d0, q0, r0, m0, 'trackhub/gps', ... (243 bytes))
1779353644: Received PUBLISH from esp32-gps-01-32a50528 (d0, q0, r0, m0, 'trackhub/gps', ... (243 bytes))
1779353644: Sending PUBLISH to trackhub-laravel-subscriber (d0, q0, r0, m0, 'trackhub/gps', ... (243 bytes))
1779353645: Received PINGREQ from esp32-gps-01-32a50528
1779353645: Sending PINGRESP to esp32-gps-01-32a50528
1779353647: Received PUBLISH from esp32-gps-01-32a50528 (d0, q0, r0, m0, 'trackhub/gps', ... (232 bytes))
1779353647: Sending PUBLISH to trackhub-laravel-subscriber (d0, q0, r0, m0, 'trackhub/gps', ... (232 bytes))
1779353650: Received PUBLISH from esp32-gps-01-32a50528 (d0, q0, r0, m0, 'trackhub/gps', ... (232 bytes))
1779353650: Sending PUBLISH to trackhub-laravel-subscriber (d0, q0, r0, m0, 'trackhub/gps', ... (232 bytes))
1779353653: Received PUBLISH from esp32-gps-01-32a50528 (d0, q0, r0, m0, 'trackhub/gps', ... (232 bytes))
1779353653: Sending PUBLISH to trackhub-laravel-subscriber (d0, q0, r0, m0, 'trackhub/gps', ... (232 bytes))
1779353655: Client trackhub-laravel-subscriber has exceeded timeout, disconnecting.
1779353656: Received PUBLISH from esp32-gps-01-32a50528 (d0, q0, r0, m0, 'trackhub/gps', ... (232 bytes))
1779353659: Received PUBLISH from esp32-gps-01-32a50528 (d0, q0, r0, m0, 'trackhub/gps', ... (232 bytes))
1779353660: Received PINGREQ from esp32-gps-01-32a50528
1779353660: Sending PINGRESP to esp32-gps-01-32a50528
1779353660: New connection from 192.168.167.167:59167 on port 1883.
1779353660: New client connected from 192.168.167.167:59167 as trackhub-laravel-subscriber (p2, c1, k30).
1779353660: No will message specified.
1779353660: Sending CONNACK to trackhub-laravel-subscriber (0, 0)
1779353660: Received SUBSCRIBE from trackhub-laravel-subscriber
1779353660: 	trackhub/gps (QoS 0)
1779353660: trackhub-laravel-subscriber 0 trackhub/gps
1779353660: Sending SUBACK to trackhub-laravel-subscriber
1779353668: Received PUBLISH from esp32-gps-01-32a50528 (d0, q0, r0, m0, 'trackhub/gps', ... (225 bytes))
1779353668: Sending PUBLISH to trackhub-laravel-subscriber (d0, q0, r0, m0, 'trackhub/gps', ... (225 bytes))
1779353672: Received PUBLISH from esp32-gps-01-32a50528 (d0, q0, r0, m0, 'trackhub/gps', ... (225 bytes))
1779353672: Sending PUBLISH to trackhub-laravel-subscriber (d0, q0, r0, m0, 'trackhub/gps', ... (225 bytes))
1779353675: Received PUBLISH from esp32-gps-01-32a50528 (d0, q0, r0, m0, 'trackhub/gps', ... (225 bytes))
1779353675: Sending PUBLISH to trackhub-laravel-subscriber (d0, q0, r0, m0, 'trackhub/gps', ... (225 bytes))
1779353675: Received PINGREQ from esp32-gps-01-32a50528
1779353675: Sending PINGRESP to esp32-gps-01-32a50528
1779353678: Received PUBLISH from esp32-gps-01-32a50528 (d0, q0, r0, m0, 'trackhub/gps', ... (226 bytes))
1779353678: Sending PUBLISH to trackhub-laravel-subscriber (d0, q0, r0, m0, 'trackhub/gps', ... (226 bytes))
1779353681: Received PUBLISH from esp32-gps-01-32a50528 (d0, q0, r0, m0, 'trackhub/gps', ... (226 bytes))
1779353681: Sending PUBLISH to trackhub-laravel-subscriber (d0, q0, r0, m0, 'trackhub/gps', ... (226 bytes))
1779353684: Received PUBLISH from esp32-gps-01-32a50528 (d0, q0, r0, m0, 'trackhub/gps', ... (226 bytes))
1779353684: Sending PUBLISH to trackhub-laravel-subscriber (d0, q0, r0, m0, 'trackhub/gps', ... (226 bytes))
1779353687: Received PUBLISH from esp32-gps-01-32a50528 (d0, q0, r0, m0, 'trackhub/gps', ... (218 bytes))
1779353687: Sending PUBLISH to trackhub-laravel-subscriber (d0, q0, r0, m0, 'trackhub/gps', ... (218 bytes))
1779353690: Received PUBLISH from esp32-gps-01-32a50528 (d0, q0, r0, m0, 'trackhub/gps', ... (218 bytes))
1779353690: Sending PUBLISH to trackhub-laravel-subscriber (d0, q0, r0, m0, 'trackhub/gps', ... (218 bytes))
1779353690: Received PINGREQ from esp32-gps-01-32a50528
1779353690: Sending PINGRESP to esp32-gps-01-32a50528
1779353697: Received PUBLISH from esp32-gps-01-32a50528 (d0, q0, r0, m0, 'trackhub/gps', ... (218 bytes))
1779353697: Sending PUBLISH to trackhub-laravel-subscriber (d0, q0, r0, m0, 'trackhub/gps', ... (218 bytes))
1779353700: Received PUBLISH from esp32-gps-01-32a50528 (d0, q0, r0, m0, 'trackhub/gps', ... (218 bytes))
1779353700: Sending PUBLISH to trackhub-laravel-subscriber (d0, q0, r0, m0, 'trackhub/gps', ... (218 bytes))
1779353704: Received PUBLISH from esp32-gps-01-32a50528 (d0, q0, r0, m0, 'trackhub/gps', ... (218 bytes))
1779353704: Sending PUBLISH to trackhub-laravel-subscriber (d0, q0, r0, m0, 'trackhub/gps', ... (218 bytes))
1779353705: Received PINGREQ from esp32-gps-01-32a50528
1779353705: Sending PINGRESP to esp32-gps-01-32a50528
1779353706: Client trackhub-laravel-subscriber has exceeded timeout, disconnecting.
1779353707: Received PUBLISH from esp32-gps-01-32a50528 (d0, q0, r0, m0, 'trackhub/gps', ... (218 bytes))
1779353710: Received PUBLISH from esp32-gps-01-32a50528 (d0, q0, r0, m0, 'trackhub/gps', ... (218 bytes))
1779353711: New connection from 192.168.167.167:54368 on port 1883.
1779353711: New client connected from 192.168.167.167:54368 as trackhub-laravel-subscriber (p2, c1, k30).
1779353711: No will message specified.
1779353711: Sending CONNACK to trackhub-laravel-subscriber (0, 0)
1779353711: Received SUBSCRIBE from trackhub-laravel-subscriber
1779353711: 	trackhub/gps (QoS 0)
1779353711: trackhub-laravel-subscriber 0 trackhub/gps
1779353711: Sending SUBACK to trackhub-laravel-subscriber
1779353713: Received PUBLISH from esp32-gps-01-32a50528 (d0, q0, r0, m0, 'trackhub/gps', ... (218 bytes))
1779353713: Sending PUBLISH to trackhub-laravel-subscriber (d0, q0, r0, m0, 'trackhub/gps', ... (218 bytes))
1779353716: Received PUBLISH from esp32-gps-01-32a50528 (d0, q0, r0, m0, 'trackhub/gps', ... (218 bytes))
1779353716: Sending PUBLISH to trackhub-laravel-subscriber (d0, q0, r0, m0, 'trackhub/gps', ... (218 bytes))
1779353719: Received PUBLISH from esp32-gps-01-32a50528 (d0, q0, r0, m0, 'trackhub/gps', ... (218 bytes))
1779353719: Sending PUBLISH to trackhub-laravel-subscriber (d0, q0, r0, m0, 'trackhub/gps', ... (218 bytes))
1779353720: Received PINGREQ from esp32-gps-01-32a50528
1779353720: Sending PINGRESP to esp32-gps-01-32a50528
1779353728: Received PUBLISH from esp32-gps-01-32a50528 (d0, q0, r0, m0, 'trackhub/gps', ... (229 bytes))
1779353728: Sending PUBLISH to trackhub-laravel-subscriber (d0, q0, r0, m0, 'trackhub/gps', ... (229 bytes))
1779353732: Received PUBLISH from esp32-gps-01-32a50528 (d0, q0, r0, m0, 'trackhub/gps', ... (263 bytes))
1779353732: Sending PUBLISH to trackhub-laravel-subscriber (d0, q0, r0, m0, 'trackhub/gps', ... (263 bytes))
1779353734: Received PUBLISH from esp32-gps-01-32a50528 (d0, q0, r0, m0, 'trackhub/gps', ... (226 bytes))
1779353734: Sending PUBLISH to trackhub-laravel-subscriber (d0, q0, r0, m0, 'trackhub/gps', ... (226 bytes))
1779353736: Received PINGREQ from esp32-gps-01-32a50528
1779353736: Sending PINGRESP to esp32-gps-01-32a50528
1779353737: Received PUBLISH from esp32-gps-01-32a50528 (d0, q0, r0, m0, 'trackhub/gps', ... (226 bytes))
1779353737: Sending PUBLISH to trackhub-laravel-subscriber (d0, q0, r0, m0, 'trackhub/gps', ... (226 bytes))
1779353741: Received PUBLISH from esp32-gps-01-32a50528 (d0, q0, r0, m0, 'trackhub/gps', ... (226 bytes))
1779353741: Sending PUBLISH to trackhub-laravel-subscriber (d0, q0, r0, m0, 'trackhub/gps', ... (226 bytes))
1779353744: Received PUBLISH from esp32-gps-01-32a50528 (d0, q0, r0, m0, 'trackhub/gps', ... (227 bytes))
1779353744: Sending PUBLISH to trackhub-laravel-subscriber (d0, q0, r0, m0, 'trackhub/gps', ... (227 bytes))
1779353746: Received PUBLISH from esp32-gps-01-32a50528 (d0, q0, r0, m0, 'trackhub/gps', ... (227 bytes))
1779353746: Sending PUBLISH to trackhub-laravel-subscriber (d0, q0, r0, m0, 'trackhub/gps', ... (227 bytes))
1779353757: Received PINGREQ from trackhub-laravel-subscriber
1779353757: Sending PINGRESP to trackhub-laravel-subscriber
1779353767: Received PINGREQ from trackhub-laravel-subscriber
1779353767: Sending PINGRESP to trackhub-laravel-subscriber
1779353769: Client esp32-gps-01-32a50528 has exceeded timeout, disconnecting.
1779353777: Received PINGREQ from trackhub-laravel-subscriber
1779353777: Sending PINGRESP to trackhub-laravel-subscriber
1779353787: Received PINGREQ from trackhub-laravel-subscriber
1779353787: Sending PINGRESP to trackhub-laravel-subscriber
1779353797: Received PINGREQ from trackhub-laravel-subscriber
1779353797: Sending PINGRESP to trackhub-laravel-subscriber
1779353807: Received PINGREQ from trackhub-laravel-subscriber
1779353807: Sending PINGRESP to trackhub-laravel-subscriber
1779353817: Received PINGREQ from trackhub-laravel-subscriber
1779353817: Sending PINGRESP to trackhub-laravel-subscriber
1779353827: Received PINGREQ from trackhub-laravel-subscriber
1779353827: Sending PINGRESP to trackhub-laravel-subscriber
1779353837: Received PINGREQ from trackhub-laravel-subscriber
1779353837: Sending PINGRESP to trackhub-laravel-subscriber
1779353847: Received PINGREQ from trackhub-laravel-subscriber
1779353847: Sending PINGRESP to trackhub-laravel-subscriber
1779353857: Received PINGREQ from trackhub-laravel-subscriber
1779353857: Sending PINGRESP to trackhub-laravel-subscriber
1779353867: Received PINGREQ from trackhub-laravel-subscriber
1779353867: Sending PINGRESP to trackhub-laravel-subscriber
1779353877: Received PINGREQ from trackhub-laravel-subscriber
1779353877: Sending PINGRESP to trackhub-laravel-subscriber
1779353887: Received PINGREQ from trackhub-laravel-subscriber
1779353887: Sending PINGRESP to trackhub-laravel-subscriber
1779353897: Received PINGREQ from trackhub-laravel-subscriber
1779353897: Sending PINGRESP to trackhub-laravel-subscriber
1779353907: Received PINGREQ from trackhub-laravel-subscriber
1779353907: Sending PINGRESP to trackhub-laravel-subscriber
1779353917: Received PINGREQ from trackhub-laravel-subscriber
1779353917: Sending PINGRESP to trackhub-laravel-subscriber
1779353927: Received PINGREQ from trackhub-laravel-subscriber
1779353927: Sending PINGRESP to trackhub-laravel-subscriber
1779353937: Received PINGREQ from trackhub-laravel-subscriber
1779353937: Sending PINGRESP to trackhub-laravel-subscriber
1779353947: Received PINGREQ from trackhub-laravel-subscriber
1779353947: Sending PINGRESP to trackhub-laravel-subscriber
1779353957: Received PINGREQ from trackhub-laravel-subscriber
1779353957: Sending PINGRESP to trackhub-laravel-subscriber
1779353967: Received PINGREQ from trackhub-laravel-subscriber
1779353967: Sending PINGRESP to trackhub-laravel-subscriber
1779353977: Received PINGREQ from trackhub-laravel-subscriber
1779353977: Sending PINGRESP to trackhub-laravel-subscriber
1779353986: New connection from 192.168.167.57:57268 on port 1883.
1779353986: New client connected from 192.168.167.57:57268 as esp32-gps-01-32a50528 (p2, c1, k15).
1779353986: No will message specified.
1779353986: Sending CONNACK to esp32-gps-01-32a50528 (0, 0)
1779353986: Received PUBLISH from esp32-gps-01-32a50528 (d0, q0, r0, m0, 'trackhub/gps', ... (204 bytes))
1779353986: Sending PUBLISH to trackhub-laravel-subscriber (d0, q0, r0, m0, 'trackhub/gps', ... (204 bytes))
1779353990: Received PUBLISH from esp32-gps-01-32a50528 (d0, q0, r0, m0, 'trackhub/gps', ... (255 bytes))
1779353990: Sending PUBLISH to trackhub-laravel-subscriber (d0, q0, r0, m0, 'trackhub/gps', ... (255 bytes))
1779353995: Received PUBLISH from esp32-gps-01-32a50528 (d0, q0, r0, m0, 'trackhub/gps', ... (218 bytes))
1779353995: Sending PUBLISH to trackhub-laravel-subscriber (d0, q0, r0, m0, 'trackhub/gps', ... (218 bytes))
1779354005: Received PINGREQ from trackhub-laravel-subscriber
1779354005: Sending PINGRESP to trackhub-laravel-subscriber
1779354015: Received PINGREQ from trackhub-laravel-subscriber
1779354015: Sending PINGRESP to trackhub-laravel-subscriber
1779354017: Client esp32-gps-01-32a50528 has exceeded timeout, disconnecting.
1779354025: Received PINGREQ from trackhub-laravel-subscriber
1779354025: Sending PINGRESP to trackhub-laravel-subscriber
1779354027: New connection from 192.168.167.57:50810 on port 1883.
1779354027: New client connected from 192.168.167.57:50810 as esp32-gps-01-32a50528 (p2, c1, k15).
1779354027: No will message specified.
1779354027: Sending CONNACK to esp32-gps-01-32a50528 (0, 0)
1779354027: Received PUBLISH from esp32-gps-01-32a50528 (d0, q0, r0, m0, 'trackhub/gps', ... (202 bytes))
1779354027: Sending PUBLISH to trackhub-laravel-subscriber (d0, q0, r0, m0, 'trackhub/gps', ... (202 bytes))
1779354031: Received PUBLISH from esp32-gps-01-32a50528 (d0, q0, r0, m0, 'trackhub/gps', ... (261 bytes))
1779354031: Sending PUBLISH to trackhub-laravel-subscriber (d0, q0, r0, m0, 'trackhub/gps', ... (261 bytes))
1779354036: Received PUBLISH from esp32-gps-01-32a50528 (d0, q0, r0, m0, 'trackhub/gps', ... (218 bytes))
1779354036: Sending PUBLISH to trackhub-laravel-subscriber (d0, q0, r0, m0, 'trackhub/gps', ... (218 bytes))
1779354040: Received PUBLISH from esp32-gps-01-32a50528 (d0, q0, r0, m0, 'trackhub/gps', ... (248 bytes))
1779354040: Sending PUBLISH to trackhub-laravel-subscriber (d0, q0, r0, m0, 'trackhub/gps', ... (248 bytes))
1779354042: Received PINGREQ from esp32-gps-01-32a50528
1779354042: Sending PINGRESP to esp32-gps-01-32a50528
1779354045: Received PUBLISH from esp32-gps-01-32a50528 (d0, q0, r0, m0, 'trackhub/gps', ... (218 bytes))
1779354045: Sending PUBLISH to trackhub-laravel-subscriber (d0, q0, r0, m0, 'trackhub/gps', ... (218 bytes))
1779354049: Received PUBLISH from esp32-gps-01-32a50528 (d0, q0, r0, m0, 'trackhub/gps', ... (230 bytes))
1779354049: Sending PUBLISH to trackhub-laravel-subscriber (d0, q0, r0, m0, 'trackhub/gps', ... (230 bytes))
1779354053: Received PUBLISH from esp32-gps-01-32a50528 (d0, q0, r0, m0, 'trackhub/gps', ... (219 bytes))
1779354053: Sending PUBLISH to trackhub-laravel-subscriber (d0, q0, r0, m0, 'trackhub/gps', ... (219 bytes))
1779354057: Received PINGREQ from esp32-gps-01-32a50528
1779354057: Sending PINGRESP to esp32-gps-01-32a50528
1779354058: Received PUBLISH from esp32-gps-01-32a50528 (d0, q0, r0, m0, 'trackhub/gps', ... (241 bytes))
1779354058: Sending PUBLISH to trackhub-laravel-subscriber (d0, q0, r0, m0, 'trackhub/gps', ... (241 bytes))
1779354062: Received PUBLISH from esp32-gps-01-32a50528 (d0, q0, r0, m0, 'trackhub/gps', ... (262 bytes))
1779354062: Sending PUBLISH to trackhub-laravel-subscriber (d0, q0, r0, m0, 'trackhub/gps', ... (262 bytes))
1779354067: Received PUBLISH from esp32-gps-01-32a50528 (d0, q0, r0, m0, 'trackhub/gps', ... (219 bytes))
1779354067: Sending PUBLISH to trackhub-laravel-subscriber (d0, q0, r0, m0, 'trackhub/gps', ... (219 bytes))
1779354070: Client trackhub-laravel-subscriber has exceeded timeout, disconnecting.
1779354071: Received PUBLISH from esp32-gps-01-32a50528 (d0, q0, r0, m0, 'trackhub/gps', ... (258 bytes))
1779354073: Received PINGREQ from esp32-gps-01-32a50528
1779354073: Sending PINGRESP to esp32-gps-01-32a50528
1779354075: New connection from 192.168.167.167:63855 on port 1883.
1779354075: New client connected from 192.168.167.167:63855 as trackhub-laravel-subscriber (p2, c1, k30).
1779354075: No will message specified.
1779354075: Sending CONNACK to trackhub-laravel-subscriber (0, 0)
1779354075: Received SUBSCRIBE from trackhub-laravel-subscriber
1779354075: 	trackhub/gps (QoS 0)
1779354075: trackhub-laravel-subscriber 0 trackhub/gps
1779354075: Sending SUBACK to trackhub-laravel-subscriber
1779354076: Received PUBLISH from esp32-gps-01-32a50528 (d0, q0, r0, m0, 'trackhub/gps', ... (219 bytes))
1779354076: Sending PUBLISH to trackhub-laravel-subscriber (d0, q0, r0, m0, 'trackhub/gps', ... (219 bytes))
1779354080: Received PUBLISH from esp32-gps-01-32a50528 (d0, q0, r0, m0, 'trackhub/gps', ... (251 bytes))
1779354080: Sending PUBLISH to trackhub-laravel-subscriber (d0, q0, r0, m0, 'trackhub/gps', ... (251 bytes))
1779354084: Received PUBLISH from esp32-gps-01-32a50528 (d0, q0, r0, m0, 'trackhub/gps', ... (219 bytes))
1779354084: Sending PUBLISH to trackhub-laravel-subscriber (d0, q0, r0, m0, 'trackhub/gps', ... (219 bytes))
1779354088: Received PINGREQ from esp32-gps-01-32a50528
1779354088: Sending PINGRESP to esp32-gps-01-32a50528
1779354089: Received PUBLISH from esp32-gps-01-32a50528 (d0, q0, r0, m0, 'trackhub/gps', ... (241 bytes))
1779354089: Sending PUBLISH to trackhub-laravel-subscriber (d0, q0, r0, m0, 'trackhub/gps', ... (241 bytes))
1779354093: Received PUBLISH from esp32-gps-01-32a50528 (d0, q0, r0, m0, 'trackhub/gps', ... (262 bytes))
1779354093: Sending PUBLISH to trackhub-laravel-subscriber (d0, q0, r0, m0, 'trackhub/gps', ... (262 bytes))
1779354103: Received PINGREQ from trackhub-laravel-subscriber
1779354103: Sending PINGRESP to trackhub-laravel-subscriber
1779354113: Received PINGREQ from trackhub-laravel-subscriber
1779354113: Sending PINGRESP to trackhub-laravel-subscriber
1779354116: Client esp32-gps-01-32a50528 has exceeded timeout, disconnecting.
1779354123: Received PINGREQ from trackhub-laravel-subscriber
1779354123: Sending PINGRESP to trackhub-laravel-subscriber
1779354133: Received PINGREQ from trackhub-laravel-subscriber
1779354133: Sending PINGRESP to trackhub-laravel-subscriber
1779354143: Received PINGREQ from trackhub-laravel-subscriber
1779354143: Sending PINGRESP to trackhub-laravel-subscriber
1779354154: Received PINGREQ from trackhub-laravel-subscriber
1779354154: Sending PINGRESP to trackhub-laravel-subscriber
1779354163: New connection from 192.168.167.57:50825 on port 1883.
1779354163: New client connected from 192.168.167.57:50825 as esp32-gps-01-32a50528 (p2, c1, k15).
1779354163: No will message specified.
1779354163: Sending CONNACK to esp32-gps-01-32a50528 (0, 0)
1779354164: Received PINGREQ from trackhub-laravel-subscriber
1779354164: Sending PINGRESP to trackhub-laravel-subscriber
1779354165: Received PUBLISH from esp32-gps-01-32a50528 (d0, q0, r0, m0, 'trackhub/gps', ... (244 bytes))
1779354165: Sending PUBLISH to trackhub-laravel-subscriber (d0, q0, r0, m0, 'trackhub/gps', ... (244 bytes))
1779354165: Received PUBLISH from esp32-gps-01-32a50528 (d0, q0, r0, m0, 'trackhub/gps', ... (218 bytes))
1779354165: Sending PUBLISH to trackhub-laravel-subscriber (d0, q0, r0, m0, 'trackhub/gps', ... (218 bytes))
1779354165: Received PUBLISH from esp32-gps-01-32a50528 (d0, q0, r0, m0, 'trackhub/gps', ... (240 bytes))
1779354165: Sending PUBLISH to trackhub-laravel-subscriber (d0, q0, r0, m0, 'trackhub/gps', ... (240 bytes))
1779354166: Received PUBLISH from esp32-gps-01-32a50528 (d0, q0, r0, m0, 'trackhub/gps', ... (257 bytes))
1779354166: Sending PUBLISH to trackhub-laravel-subscriber (d0, q0, r0, m0, 'trackhub/gps', ... (257 bytes))
1779354166: Received PUBLISH from esp32-gps-01-32a50528 (d0, q0, r0, m0, 'trackhub/gps', ... (261 bytes))
1779354166: Sending PUBLISH to trackhub-laravel-subscriber (d0, q0, r0, m0, 'trackhub/gps', ... (261 bytes))
1779354166: Received PUBLISH from esp32-gps-01-32a50528 (d0, q0, r0, m0, 'trackhub/gps', ... (218 bytes))
1779354166: Sending PUBLISH to trackhub-laravel-subscriber (d0, q0, r0, m0, 'trackhub/gps', ... (218 bytes))
1779354166: Received PUBLISH from esp32-gps-01-32a50528 (d0, q0, r0, m0, 'trackhub/gps', ... (218 bytes))
1779354166: Sending PUBLISH to trackhub-laravel-subscriber (d0, q0, r0, m0, 'trackhub/gps', ... (218 bytes))
1779354167: Received PUBLISH from esp32-gps-01-32a50528 (d0, q0, r0, m0, 'trackhub/gps', ... (219 bytes))
1779354167: Sending PUBLISH to trackhub-laravel-subscriber (d0, q0, r0, m0, 'trackhub/gps', ... (219 bytes))
1779354171: Received PUBLISH from esp32-gps-01-32a50528 (d0, q0, r0, m0, 'trackhub/gps', ... (258 bytes))
1779354171: Sending PUBLISH to trackhub-laravel-subscriber (d0, q0, r0, m0, 'trackhub/gps', ... (258 bytes))
1779354176: Received PUBLISH from esp32-gps-01-32a50528 (d0, q0, r0, m0, 'trackhub/gps', ... (219 bytes))
1779354176: Sending PUBLISH to trackhub-laravel-subscriber (d0, q0, r0, m0, 'trackhub/gps', ... (219 bytes))
1779354186: Received PINGREQ from trackhub-laravel-subscriber
1779354186: Sending PINGRESP to trackhub-laravel-subscriber
1779354196: Received PINGREQ from trackhub-laravel-subscriber
1779354196: Sending PINGRESP to trackhub-laravel-subscriber
1779354198: Client esp32-gps-01-32a50528 has exceeded timeout, disconnecting.
1779354206: Received PINGREQ from trackhub-laravel-subscriber
1779354206: Sending PINGRESP to trackhub-laravel-subscriber
1779354216: Received PINGREQ from trackhub-laravel-subscriber
1779354216: Sending PINGRESP to trackhub-laravel-subscriber
1779354226: Received PINGREQ from trackhub-laravel-subscriber
1779354226: Sending PINGRESP to trackhub-laravel-subscriber
1779354236: Received PINGREQ from trackhub-laravel-subscriber
1779354236: Sending PINGRESP to trackhub-laravel-subscriber
1779354246: Received PINGREQ from trackhub-laravel-subscriber
1779354246: Sending PINGRESP to trackhub-laravel-subscriber
1779354256: Received PINGREQ from trackhub-laravel-subscriber
1779354256: Sending PINGRESP to trackhub-laravel-subscriber
1779354266: Received PINGREQ from trackhub-laravel-subscriber
1779354266: Sending PINGRESP to trackhub-laravel-subscriber
1779354276: Received PINGREQ from trackhub-laravel-subscriber
1779354276: Sending PINGRESP to trackhub-laravel-subscriber
1779354286: Received PINGREQ from trackhub-laravel-subscriber
1779354286: Sending PINGRESP to trackhub-laravel-subscriber
1779354296: Received PINGREQ from trackhub-laravel-subscriber
1779354296: Sending PINGRESP to trackhub-laravel-subscriber
1779354306: Received PINGREQ from trackhub-laravel-subscriber
1779354306: Sending PINGRESP to trackhub-laravel-subscriber
1779354316: Received PINGREQ from trackhub-laravel-subscriber
1779354316: Sending PINGRESP to trackhub-laravel-subscriber
1779354326: Received PINGREQ from trackhub-laravel-subscriber
1779354326: Sending PINGRESP to trackhub-laravel-subscriber
1779354330: Saving in-memory database to D:\gpstracker\MQTT\mosquitto\data\\mosquitto.db.
1779354336: Received PINGREQ from trackhub-laravel-subscriber
1779354336: Sending PINGRESP to trackhub-laravel-subscriber
1779354346: Received PINGREQ from trackhub-laravel-subscriber
1779354346: Sending PINGRESP to trackhub-laravel-subscriber
1779354356: Received PINGREQ from trackhub-laravel-subscriber
1779354356: Sending PINGRESP to trackhub-laravel-subscriber
1779354366: Received PINGREQ from trackhub-laravel-subscriber
1779354366: Sending PINGRESP to trackhub-laravel-subscriber
1779354376: Received PINGREQ from trackhub-laravel-subscriber
1779354376: Sending PINGRESP to trackhub-laravel-subscriber
1779354386: Received PINGREQ from trackhub-laravel-subscriber
1779354386: Sending PINGRESP to trackhub-laravel-subscriber
1779354396: Received PINGREQ from trackhub-laravel-subscriber
1779354396: Sending PINGRESP to trackhub-laravel-subscriber
1779354406: Received PINGREQ from trackhub-laravel-subscriber
1779354406: Sending PINGRESP to trackhub-laravel-subscriber
1779354416: Received PINGREQ from trackhub-laravel-subscriber
1779354416: Sending PINGRESP to trackhub-laravel-subscriber
1779354426: Received PINGREQ from trackhub-laravel-subscriber
1779354426: Sending PINGRESP to trackhub-laravel-subscriber
1779354436: Received PINGREQ from trackhub-laravel-subscriber
1779354436: Sending PINGRESP to trackhub-laravel-subscriber
1779354446: Received PINGREQ from trackhub-laravel-subscriber
1779354446: Sending PINGRESP to trackhub-laravel-subscriber
1779354448: New connection from 192.168.167.57:56065 on port 1883.
1779354448: New client connected from 192.168.167.57:56065 as esp32-gps-01-32a50528 (p2, c1, k15).
1779354448: No will message specified.
1779354448: Sending CONNACK to esp32-gps-01-32a50528 (0, 0)
1779354448: Received PUBLISH from esp32-gps-01-32a50528 (d0, q0, r0, m0, 'trackhub/gps', ... (189 bytes))
1779354448: Sending PUBLISH to trackhub-laravel-subscriber (d0, q0, r0, m0, 'trackhub/gps', ... (189 bytes))
1779354452: Received PUBLISH from esp32-gps-01-32a50528 (d0, q0, r0, m0, 'trackhub/gps', ... (205 bytes))
1779354452: Sending PUBLISH to trackhub-laravel-subscriber (d0, q0, r0, m0, 'trackhub/gps', ... (205 bytes))
1779354457: Received PUBLISH from esp32-gps-01-32a50528 (d0, q0, r0, m0, 'trackhub/gps', ... (240 bytes))
1779354457: Sending PUBLISH to trackhub-laravel-subscriber (d0, q0, r0, m0, 'trackhub/gps', ... (240 bytes))
1779354461: Received PUBLISH from esp32-gps-01-32a50528 (d0, q0, r0, m0, 'trackhub/gps', ... (205 bytes))
1779354461: Sending PUBLISH to trackhub-laravel-subscriber (d0, q0, r0, m0, 'trackhub/gps', ... (205 bytes))
1779354463: Received PINGREQ from esp32-gps-01-32a50528
1779354463: Sending PINGRESP to esp32-gps-01-32a50528
1779354466: Received PUBLISH from esp32-gps-01-32a50528 (d0, q0, r0, m0, 'trackhub/gps', ... (261 bytes))
1779354466: Sending PUBLISH to trackhub-laravel-subscriber (d0, q0, r0, m0, 'trackhub/gps', ... (261 bytes))
1779354470: Received PUBLISH from esp32-gps-01-32a50528 (d0, q0, r0, m0, 'trackhub/gps', ... (234 bytes))
1779354470: Sending PUBLISH to trackhub-laravel-subscriber (d0, q0, r0, m0, 'trackhub/gps', ... (234 bytes))
1779354475: Received PUBLISH from esp32-gps-01-32a50528 (d0, q0, r0, m0, 'trackhub/gps', ... (219 bytes))
1779354475: Sending PUBLISH to trackhub-laravel-subscriber (d0, q0, r0, m0, 'trackhub/gps', ... (219 bytes))
1779354478: Received PINGREQ from esp32-gps-01-32a50528
1779354478: Sending PINGRESP to esp32-gps-01-32a50528
1779354479: Received PUBLISH from esp32-gps-01-32a50528 (d0, q0, r0, m0, 'trackhub/gps', ... (254 bytes))
1779354479: Sending PUBLISH to trackhub-laravel-subscriber (d0, q0, r0, m0, 'trackhub/gps', ... (254 bytes))
1779354488: New connection from 192.168.167.57:60772 on port 1883.
1779354488: Client esp32-gps-01-32a50528 already connected, closing old connection.
1779354488: New client connected from 192.168.167.57:60772 as esp32-gps-01-32a50528 (p2, c1, k15).
1779354488: No will message specified.
1779354488: Sending CONNACK to esp32-gps-01-32a50528 (0, 0)
1779354488: Received PUBLISH from esp32-gps-01-32a50528 (d0, q0, r0, m0, 'trackhub/gps', ... (189 bytes))
1779354488: Sending PUBLISH to trackhub-laravel-subscriber (d0, q0, r0, m0, 'trackhub/gps', ... (189 bytes))
1779354492: Client trackhub-laravel-subscriber has exceeded timeout, disconnecting.
1779354492: Received PUBLISH from esp32-gps-01-32a50528 (d0, q0, r0, m0, 'trackhub/gps', ... (218 bytes))
1779354496: Received PUBLISH from esp32-gps-01-32a50528 (d0, q0, r0, m0, 'trackhub/gps', ... (205 bytes))
1779354497: New connection from 192.168.167.167:60887 on port 1883.
1779354497: New client connected from 192.168.167.167:60887 as trackhub-laravel-subscriber (p2, c1, k30).
1779354497: No will message specified.
1779354497: Sending CONNACK to trackhub-laravel-subscriber (0, 0)
1779354497: Received SUBSCRIBE from trackhub-laravel-subscriber
1779354497: 	trackhub/gps (QoS 0)
1779354497: trackhub-laravel-subscriber 0 trackhub/gps
1779354497: Sending SUBACK to trackhub-laravel-subscriber
1779354501: Received PUBLISH from esp32-gps-01-32a50528 (d0, q0, r0, m0, 'trackhub/gps', ... (233 bytes))
1779354501: Sending PUBLISH to trackhub-laravel-subscriber (d0, q0, r0, m0, 'trackhub/gps', ... (233 bytes))
1779354503: Received PINGREQ from esp32-gps-01-32a50528
1779354503: Sending PINGRESP to esp32-gps-01-32a50528
1779354505: Received PUBLISH from esp32-gps-01-32a50528 (d0, q0, r0, m0, 'trackhub/gps', ... (227 bytes))
1779354505: Sending PUBLISH to trackhub-laravel-subscriber (d0, q0, r0, m0, 'trackhub/gps', ... (227 bytes))
1779354515: Received PINGREQ from trackhub-laravel-subscriber
1779354515: Sending PINGRESP to trackhub-laravel-subscriber
1779354525: Received PINGREQ from trackhub-laravel-subscriber
1779354525: Sending PINGRESP to trackhub-laravel-subscriber
1779354528: Client esp32-gps-01-32a50528 has exceeded timeout, disconnecting.
1779354535: Received PINGREQ from trackhub-laravel-subscriber
1779354535: Sending PINGRESP to trackhub-laravel-subscriber
1779354545: Received PINGREQ from trackhub-laravel-subscriber
1779354545: Sending PINGRESP to trackhub-laravel-subscriber
1779354555: Received PINGREQ from trackhub-laravel-subscriber
1779354555: Sending PINGRESP to trackhub-laravel-subscriber
1779354565: Received PINGREQ from trackhub-laravel-subscriber
1779354565: Sending PINGRESP to trackhub-laravel-subscriber
1779354575: Received PINGREQ from trackhub-laravel-subscriber
1779354575: Sending PINGRESP to trackhub-laravel-subscriber
1779354585: Received PINGREQ from trackhub-laravel-subscriber
1779354585: Sending PINGRESP to trackhub-laravel-subscriber
1779354595: Received PINGREQ from trackhub-laravel-subscriber
1779354595: Sending PINGRESP to trackhub-laravel-subscriber
1779354597: New connection from 192.168.167.57:60793 on port 1883.
1779354597: New client connected from 192.168.167.57:60793 as esp32-gps-01-32a50528 (p2, c1, k15).
1779354597: No will message specified.
1779354597: Sending CONNACK to esp32-gps-01-32a50528 (0, 0)
1779354598: Received PUBLISH from esp32-gps-01-32a50528 (d0, q0, r0, m0, 'trackhub/gps', ... (233 bytes))
1779354598: Sending PUBLISH to trackhub-laravel-subscriber (d0, q0, r0, m0, 'trackhub/gps', ... (233 bytes))
1779354598: Received PUBLISH from esp32-gps-01-32a50528 (d0, q0, r0, m0, 'trackhub/gps', ... (219 bytes))
1779354598: Sending PUBLISH to trackhub-laravel-subscriber (d0, q0, r0, m0, 'trackhub/gps', ... (219 bytes))
1779354599: Received PUBLISH from esp32-gps-01-32a50528 (d0, q0, r0, m0, 'trackhub/gps', ... (219 bytes))
1779354599: Sending PUBLISH to trackhub-laravel-subscriber (d0, q0, r0, m0, 'trackhub/gps', ... (219 bytes))
1779354599: Received PUBLISH from esp32-gps-01-32a50528 (d0, q0, r0, m0, 'trackhub/gps', ... (260 bytes))
1779354599: Sending PUBLISH to trackhub-laravel-subscriber (d0, q0, r0, m0, 'trackhub/gps', ... (260 bytes))
1779354599: Received PUBLISH from esp32-gps-01-32a50528 (d0, q0, r0, m0, 'trackhub/gps', ... (233 bytes))
1779354599: Sending PUBLISH to trackhub-laravel-subscriber (d0, q0, r0, m0, 'trackhub/gps', ... (233 bytes))
1779354599: Received PUBLISH from esp32-gps-01-32a50528 (d0, q0, r0, m0, 'trackhub/gps', ... (262 bytes))
1779354599: Sending PUBLISH to trackhub-laravel-subscriber (d0, q0, r0, m0, 'trackhub/gps', ... (262 bytes))
1779354600: Received PUBLISH from esp32-gps-01-32a50528 (d0, q0, r0, m0, 'trackhub/gps', ... (277 bytes))
1779354600: Sending PUBLISH to trackhub-laravel-subscriber (d0, q0, r0, m0, 'trackhub/gps', ... (277 bytes))
1779354600: Received PUBLISH from esp32-gps-01-32a50528 (d0, q0, r0, m0, 'trackhub/gps', ... (207 bytes))
1779354600: Sending PUBLISH to trackhub-laravel-subscriber (d0, q0, r0, m0, 'trackhub/gps', ... (207 bytes))
1779354600: Received PUBLISH from esp32-gps-01-32a50528 (d0, q0, r0, m0, 'trackhub/gps', ... (233 bytes))
1779354600: Sending PUBLISH to trackhub-laravel-subscriber (d0, q0, r0, m0, 'trackhub/gps', ... (233 bytes))
1779354600: Received PUBLISH from esp32-gps-01-32a50528 (d0, q0, r0, m0, 'trackhub/gps', ... (245 bytes))
1779354600: Sending PUBLISH to trackhub-laravel-subscriber (d0, q0, r0, m0, 'trackhub/gps', ... (245 bytes))
1779354601: Received PUBLISH from esp32-gps-01-32a50528 (d0, q0, r0, m0, 'trackhub/gps', ... (240 bytes))
1779354601: Sending PUBLISH to trackhub-laravel-subscriber (d0, q0, r0, m0, 'trackhub/gps', ... (240 bytes))
1779354605: Received PUBLISH from esp32-gps-01-32a50528 (d0, q0, r0, m0, 'trackhub/gps', ... (233 bytes))
1779354605: Sending PUBLISH to trackhub-laravel-subscriber (d0, q0, r0, m0, 'trackhub/gps', ... (233 bytes))
1779354610: Received PUBLISH from esp32-gps-01-32a50528 (d0, q0, r0, m0, 'trackhub/gps', ... (218 bytes))
1779354610: Sending PUBLISH to trackhub-laravel-subscriber (d0, q0, r0, m0, 'trackhub/gps', ... (218 bytes))
1779354612: Received PINGREQ from esp32-gps-01-32a50528
1779354612: Sending PINGRESP to esp32-gps-01-32a50528
1779354614: Received PUBLISH from esp32-gps-01-32a50528 (d0, q0, r0, m0, 'trackhub/gps', ... (251 bytes))
1779354614: Sending PUBLISH to trackhub-laravel-subscriber (d0, q0, r0, m0, 'trackhub/gps', ... (251 bytes))
1779354619: Received PUBLISH from esp32-gps-01-32a50528 (d0, q0, r0, m0, 'trackhub/gps', ... (218 bytes))
1779354619: Sending PUBLISH to trackhub-laravel-subscriber (d0, q0, r0, m0, 'trackhub/gps', ... (218 bytes))
1779354623: Received PUBLISH from esp32-gps-01-32a50528 (d0, q0, r0, m0, 'trackhub/gps', ... (232 bytes))
1779354623: Sending PUBLISH to trackhub-laravel-subscriber (d0, q0, r0, m0, 'trackhub/gps', ... (232 bytes))
1779354627: Received PINGREQ from esp32-gps-01-32a50528
1779354627: Sending PINGRESP to esp32-gps-01-32a50528
1779354627: Received PUBLISH from esp32-gps-01-32a50528 (d0, q0, r0, m0, 'trackhub/gps', ... (227 bytes))
1779354627: Sending PUBLISH to trackhub-laravel-subscriber (d0, q0, r0, m0, 'trackhub/gps', ... (227 bytes))
1779354632: Received PUBLISH from esp32-gps-01-32a50528 (d0, q0, r0, m0, 'trackhub/gps', ... (241 bytes))
1779354632: Sending PUBLISH to trackhub-laravel-subscriber (d0, q0, r0, m0, 'trackhub/gps', ... (241 bytes))
1779354636: Received PUBLISH from esp32-gps-01-32a50528 (d0, q0, r0, m0, 'trackhub/gps', ... (242 bytes))
1779354636: Sending PUBLISH to trackhub-laravel-subscriber (d0, q0, r0, m0, 'trackhub/gps', ... (242 bytes))
1779354641: Received PUBLISH from esp32-gps-01-32a50528 (d0, q0, r0, m0, 'trackhub/gps', ... (219 bytes))
1779354641: Sending PUBLISH to trackhub-laravel-subscriber (d0, q0, r0, m0, 'trackhub/gps', ... (219 bytes))
1779354641: Client trackhub-laravel-subscriber has exceeded timeout, disconnecting.
1779354642: Received PINGREQ from esp32-gps-01-32a50528
1779354642: Sending PINGRESP to esp32-gps-01-32a50528
1779354645: Received PUBLISH from esp32-gps-01-32a50528 (d0, q0, r0, m0, 'trackhub/gps', ... (261 bytes))
1779354646: New connection from 192.168.167.167:58876 on port 1883.
1779354646: New client connected from 192.168.167.167:58876 as trackhub-laravel-subscriber (p2, c1, k30).
1779354646: No will message specified.
1779354646: Sending CONNACK to trackhub-laravel-subscriber (0, 0)
1779354646: Received SUBSCRIBE from trackhub-laravel-subscriber
1779354646: 	trackhub/gps (QoS 0)
1779354646: trackhub-laravel-subscriber 0 trackhub/gps
1779354646: Sending SUBACK to trackhub-laravel-subscriber
1779354650: Received PUBLISH from esp32-gps-01-32a50528 (d0, q0, r0, m0, 'trackhub/gps', ... (219 bytes))
1779354650: Sending PUBLISH to trackhub-laravel-subscriber (d0, q0, r0, m0, 'trackhub/gps', ... (219 bytes))
1779354654: Received PUBLISH from esp32-gps-01-32a50528 (d0, q0, r0, m0, 'trackhub/gps', ... (256 bytes))
1779354654: Sending PUBLISH to trackhub-laravel-subscriber (d0, q0, r0, m0, 'trackhub/gps', ... (256 bytes))
1779354657: Received PINGREQ from esp32-gps-01-32a50528
1779354657: Sending PINGRESP to esp32-gps-01-32a50528
1779354658: Received PUBLISH from esp32-gps-01-32a50528 (d0, q0, r0, m0, 'trackhub/gps', ... (219 bytes))
1779354658: Sending PUBLISH to trackhub-laravel-subscriber (d0, q0, r0, m0, 'trackhub/gps', ... (219 bytes))
1779354663: Received PUBLISH from esp32-gps-01-32a50528 (d0, q0, r0, m0, 'trackhub/gps', ... (241 bytes))
1779354663: Sending PUBLISH to trackhub-laravel-subscriber (d0, q0, r0, m0, 'trackhub/gps', ... (241 bytes))
1779354667: Received PUBLISH from esp32-gps-01-32a50528 (d0, q0, r0, m0, 'trackhub/gps', ... (242 bytes))
1779354667: Sending PUBLISH to trackhub-laravel-subscriber (d0, q0, r0, m0, 'trackhub/gps', ... (242 bytes))
1779354672: Received PUBLISH from esp32-gps-01-32a50528 (d0, q0, r0, m0, 'trackhub/gps', ... (219 bytes))
1779354672: Sending PUBLISH to trackhub-laravel-subscriber (d0, q0, r0, m0, 'trackhub/gps', ... (219 bytes))
1779354673: Received PINGREQ from esp32-gps-01-32a50528
1779354673: Sending PINGRESP to esp32-gps-01-32a50528
1779354676: Received PUBLISH from esp32-gps-01-32a50528 (d0, q0, r0, m0, 'trackhub/gps', ... (261 bytes))
1779354676: Sending PUBLISH to trackhub-laravel-subscriber (d0, q0, r0, m0, 'trackhub/gps', ... (261 bytes))
1779354681: Received PUBLISH from esp32-gps-01-32a50528 (d0, q0, r0, m0, 'trackhub/gps', ... (219 bytes))
1779354681: Sending PUBLISH to trackhub-laravel-subscriber (d0, q0, r0, m0, 'trackhub/gps', ... (219 bytes))
1779354685: Received PUBLISH from esp32-gps-01-32a50528 (d0, q0, r0, m0, 'trackhub/gps', ... (256 bytes))
1779354685: Sending PUBLISH to trackhub-laravel-subscriber (d0, q0, r0, m0, 'trackhub/gps', ... (256 bytes))
1779354688: Received PINGREQ from esp32-gps-01-32a50528
1779354688: Sending PINGRESP to esp32-gps-01-32a50528
1779354689: Received PUBLISH from esp32-gps-01-32a50528 (d0, q0, r0, m0, 'trackhub/gps', ... (219 bytes))
1779354689: Sending PUBLISH to trackhub-laravel-subscriber (d0, q0, r0, m0, 'trackhub/gps', ... (219 bytes))
1779354692: Client trackhub-laravel-subscriber has exceeded timeout, disconnecting.
1779354694: Received PUBLISH from esp32-gps-01-32a50528 (d0, q0, r0, m0, 'trackhub/gps', ... (245 bytes))
1779354697: New connection from 192.168.167.167:57879 on port 1883.
1779354697: New client connected from 192.168.167.167:57879 as trackhub-laravel-subscriber (p2, c1, k30).
1779354697: No will message specified.
1779354697: Sending CONNACK to trackhub-laravel-subscriber (0, 0)
1779354697: Received SUBSCRIBE from trackhub-laravel-subscriber
1779354697: 	trackhub/gps (QoS 0)
1779354697: trackhub-laravel-subscriber 0 trackhub/gps
1779354697: Sending SUBACK to trackhub-laravel-subscriber
1779354698: Received PUBLISH from esp32-gps-01-32a50528 (d0, q0, r0, m0, 'trackhub/gps', ... (262 bytes))
1779354698: Sending PUBLISH to trackhub-laravel-subscriber (d0, q0, r0, m0, 'trackhub/gps', ... (262 bytes))
1779354703: Received PUBLISH from esp32-gps-01-32a50528 (d0, q0, r0, m0, 'trackhub/gps', ... (219 bytes))
1779354703: Sending PUBLISH to trackhub-laravel-subscriber (d0, q0, r0, m0, 'trackhub/gps', ... (219 bytes))
1779354704: Received PINGREQ from esp32-gps-01-32a50528
1779354704: Sending PINGRESP to esp32-gps-01-32a50528
1779354707: Received PUBLISH from esp32-gps-01-32a50528 (d0, q0, r0, m0, 'trackhub/gps', ... (221 bytes))
1779354707: Sending PUBLISH to trackhub-laravel-subscriber (d0, q0, r0, m0, 'trackhub/gps', ... (221 bytes))
1779354712: Received PUBLISH from esp32-gps-01-32a50528 (d0, q0, r0, m0, 'trackhub/gps', ... (218 bytes))
1779354712: Sending PUBLISH to trackhub-laravel-subscriber (d0, q0, r0, m0, 'trackhub/gps', ... (218 bytes))
1779354716: Received PUBLISH from esp32-gps-01-32a50528 (d0, q0, r0, m0, 'trackhub/gps', ... (254 bytes))
1779354716: Sending PUBLISH to trackhub-laravel-subscriber (d0, q0, r0, m0, 'trackhub/gps', ... (254 bytes))
1779354719: Received PINGREQ from esp32-gps-01-32a50528
1779354719: Sending PINGRESP to esp32-gps-01-32a50528
1779354720: Received PUBLISH from esp32-gps-01-32a50528 (d0, q0, r0, m0, 'trackhub/gps', ... (219 bytes))
1779354720: Sending PUBLISH to trackhub-laravel-subscriber (d0, q0, r0, m0, 'trackhub/gps', ... (219 bytes))
1779354725: Received PUBLISH from esp32-gps-01-32a50528 (d0, q0, r0, m0, 'trackhub/gps', ... (245 bytes))
1779354725: Sending PUBLISH to trackhub-laravel-subscriber (d0, q0, r0, m0, 'trackhub/gps', ... (245 bytes))
1779354729: Received PUBLISH from esp32-gps-01-32a50528 (d0, q0, r0, m0, 'trackhub/gps', ... (262 bytes))
1779354729: Sending PUBLISH to trackhub-laravel-subscriber (d0, q0, r0, m0, 'trackhub/gps', ... (262 bytes))
1779354734: Received PUBLISH from esp32-gps-01-32a50528 (d0, q0, r0, m0, 'trackhub/gps', ... (219 bytes))
1779354734: Sending PUBLISH to trackhub-laravel-subscriber (d0, q0, r0, m0, 'trackhub/gps', ... (219 bytes))
1779354735: Received PINGREQ from esp32-gps-01-32a50528
1779354735: Sending PINGRESP to esp32-gps-01-32a50528
1779354738: Received PUBLISH from esp32-gps-01-32a50528 (d0, q0, r0, m0, 'trackhub/gps', ... (222 bytes))
1779354738: Sending PUBLISH to trackhub-laravel-subscriber (d0, q0, r0, m0, 'trackhub/gps', ... (222 bytes))
1779354743: Received PUBLISH from esp32-gps-01-32a50528 (d0, q0, r0, m0, 'trackhub/gps', ... (219 bytes))
1779354743: Sending PUBLISH to trackhub-laravel-subscriber (d0, q0, r0, m0, 'trackhub/gps', ... (219 bytes))
1779354743: Client trackhub-laravel-subscriber has exceeded timeout, disconnecting.
1779354747: Received PUBLISH from esp32-gps-01-32a50528 (d0, q0, r0, m0, 'trackhub/gps', ... (254 bytes))
1779354748: New connection from 192.168.167.167:64397 on port 1883.
1779354748: New client connected from 192.168.167.167:64397 as trackhub-laravel-subscriber (p2, c1, k30).
1779354748: No will message specified.
1779354748: Sending CONNACK to trackhub-laravel-subscriber (0, 0)
1779354748: Received SUBSCRIBE from trackhub-laravel-subscriber
1779354748: 	trackhub/gps (QoS 0)
1779354748: trackhub-laravel-subscriber 0 trackhub/gps
1779354748: Sending SUBACK to trackhub-laravel-subscriber
1779354750: Received PINGREQ from esp32-gps-01-32a50528
1779354750: Sending PINGRESP to esp32-gps-01-32a50528
1779354752: Received PUBLISH from esp32-gps-01-32a50528 (d0, q0, r0, m0, 'trackhub/gps', ... (219 bytes))
1779354752: Sending PUBLISH to trackhub-laravel-subscriber (d0, q0, r0, m0, 'trackhub/gps', ... (219 bytes))
1779354756: Received PUBLISH from esp32-gps-01-32a50528 (d0, q0, r0, m0, 'trackhub/gps', ... (232 bytes))
1779354756: Sending PUBLISH to trackhub-laravel-subscriber (d0, q0, r0, m0, 'trackhub/gps', ... (232 bytes))
1779354760: Received PUBLISH from esp32-gps-01-32a50528 (d0, q0, r0, m0, 'trackhub/gps', ... (262 bytes))
1779354760: Sending PUBLISH to trackhub-laravel-subscriber (d0, q0, r0, m0, 'trackhub/gps', ... (262 bytes))
1779354765: Received PUBLISH from esp32-gps-01-32a50528 (d0, q0, r0, m0, 'trackhub/gps', ... (261 bytes))
1779354765: Sending PUBLISH to trackhub-laravel-subscriber (d0, q0, r0, m0, 'trackhub/gps', ... (261 bytes))
1779354766: Received PINGREQ from esp32-gps-01-32a50528
1779354766: Sending PINGRESP to esp32-gps-01-32a50528
1779354769: Received PUBLISH from esp32-gps-01-32a50528 (d0, q0, r0, m0, 'trackhub/gps', ... (222 bytes))
1779354769: Sending PUBLISH to trackhub-laravel-subscriber (d0, q0, r0, m0, 'trackhub/gps', ... (222 bytes))
1779354774: Received PUBLISH from esp32-gps-01-32a50528 (d0, q0, r0, m0, 'trackhub/gps', ... (219 bytes))
1779354774: Sending PUBLISH to trackhub-laravel-subscriber (d0, q0, r0, m0, 'trackhub/gps', ... (219 bytes))
1779354778: Received PUBLISH from esp32-gps-01-32a50528 (d0, q0, r0, m0, 'trackhub/gps', ... (254 bytes))
1779354778: Sending PUBLISH to trackhub-laravel-subscriber (d0, q0, r0, m0, 'trackhub/gps', ... (254 bytes))
1779354781: Received PINGREQ from esp32-gps-01-32a50528
1779354781: Sending PINGRESP to esp32-gps-01-32a50528
1779354783: Received PUBLISH from esp32-gps-01-32a50528 (d0, q0, r0, m0, 'trackhub/gps', ... (219 bytes))
1779354783: Sending PUBLISH to trackhub-laravel-subscriber (d0, q0, r0, m0, 'trackhub/gps', ... (219 bytes))
1779354787: Received PUBLISH from esp32-gps-01-32a50528 (d0, q0, r0, m0, 'trackhub/gps', ... (235 bytes))
1779354787: Sending PUBLISH to trackhub-laravel-subscriber (d0, q0, r0, m0, 'trackhub/gps', ... (235 bytes))
1779354791: Received PUBLISH from esp32-gps-01-32a50528 (d0, q0, r0, m0, 'trackhub/gps', ... (226 bytes))
1779354791: Sending PUBLISH to trackhub-laravel-subscriber (d0, q0, r0, m0, 'trackhub/gps', ... (226 bytes))
1779354794: Client trackhub-laravel-subscriber has exceeded timeout, disconnecting.
1779354796: Received PUBLISH from esp32-gps-01-32a50528 (d0, q0, r0, m0, 'trackhub/gps', ... (262 bytes))
1779354797: Received PINGREQ from esp32-gps-01-32a50528
1779354797: Sending PINGRESP to esp32-gps-01-32a50528
1779354799: New connection from 192.168.167.167:61491 on port 1883.
1779354799: New client connected from 192.168.167.167:61491 as trackhub-laravel-subscriber (p2, c1, k30).
1779354799: No will message specified.
1779354799: Sending CONNACK to trackhub-laravel-subscriber (0, 0)
1779354799: Received SUBSCRIBE from trackhub-laravel-subscriber
1779354799: 	trackhub/gps (QoS 0)
1779354799: trackhub-laravel-subscriber 0 trackhub/gps
1779354799: Sending SUBACK to trackhub-laravel-subscriber
1779354800: Received PUBLISH from esp32-gps-01-32a50528 (d0, q0, r0, m0, 'trackhub/gps', ... (247 bytes))
1779354800: Sending PUBLISH to trackhub-laravel-subscriber (d0, q0, r0, m0, 'trackhub/gps', ... (247 bytes))
1779354805: Received PUBLISH from esp32-gps-01-32a50528 (d0, q0, r0, m0, 'trackhub/gps', ... (219 bytes))
1779354805: Sending PUBLISH to trackhub-laravel-subscriber (d0, q0, r0, m0, 'trackhub/gps', ... (219 bytes))
1779354809: Received PUBLISH from esp32-gps-01-32a50528 (d0, q0, r0, m0, 'trackhub/gps', ... (254 bytes))
1779354809: Sending PUBLISH to trackhub-laravel-subscriber (d0, q0, r0, m0, 'trackhub/gps', ... (254 bytes))
1779354812: Received PINGREQ from esp32-gps-01-32a50528
1779354812: Sending PINGRESP to esp32-gps-01-32a50528
1779354814: Received PUBLISH from esp32-gps-01-32a50528 (d0, q0, r0, m0, 'trackhub/gps', ... (218 bytes))
1779354814: Sending PUBLISH to trackhub-laravel-subscriber (d0, q0, r0, m0, 'trackhub/gps', ... (218 bytes))
1779354818: Received PUBLISH from esp32-gps-01-32a50528 (d0, q0, r0, m0, 'trackhub/gps', ... (235 bytes))
1779354818: Sending PUBLISH to trackhub-laravel-subscriber (d0, q0, r0, m0, 'trackhub/gps', ... (235 bytes))
1779354822: Received PUBLISH from esp32-gps-01-32a50528 (d0, q0, r0, m0, 'trackhub/gps', ... (227 bytes))
1779354822: Sending PUBLISH to trackhub-laravel-subscriber (d0, q0, r0, m0, 'trackhub/gps', ... (227 bytes))
1779354827: Received PUBLISH from esp32-gps-01-32a50528 (d0, q0, r0, m0, 'trackhub/gps', ... (241 bytes))
1779354827: Sending PUBLISH to trackhub-laravel-subscriber (d0, q0, r0, m0, 'trackhub/gps', ... (241 bytes))
1779354828: Received PINGREQ from esp32-gps-01-32a50528
1779354828: Sending PINGRESP to esp32-gps-01-32a50528
1779354831: Received PUBLISH from esp32-gps-01-32a50528 (d0, q0, r0, m0, 'trackhub/gps', ... (247 bytes))
1779354831: Sending PUBLISH to trackhub-laravel-subscriber (d0, q0, r0, m0, 'trackhub/gps', ... (247 bytes))
1779354836: Received PUBLISH from esp32-gps-01-32a50528 (d0, q0, r0, m0, 'trackhub/gps', ... (219 bytes))
1779354836: Sending PUBLISH to trackhub-laravel-subscriber (d0, q0, r0, m0, 'trackhub/gps', ... (219 bytes))
1779354840: Received PUBLISH from esp32-gps-01-32a50528 (d0, q0, r0, m0, 'trackhub/gps', ... (254 bytes))
1779354840: Sending PUBLISH to trackhub-laravel-subscriber (d0, q0, r0, m0, 'trackhub/gps', ... (254 bytes))
1779354843: Received PINGREQ from esp32-gps-01-32a50528
1779354843: Sending PINGRESP to esp32-gps-01-32a50528
1779354845: Received PUBLISH from esp32-gps-01-32a50528 (d0, q0, r0, m0, 'trackhub/gps', ... (219 bytes))
1779354845: Sending PUBLISH to trackhub-laravel-subscriber (d0, q0, r0, m0, 'trackhub/gps', ... (219 bytes))
1779354845: Client trackhub-laravel-subscriber has exceeded timeout, disconnecting.
1779354849: Received PUBLISH from esp32-gps-01-32a50528 (d0, q0, r0, m0, 'trackhub/gps', ... (235 bytes))
1779354850: New connection from 192.168.167.167:59507 on port 1883.
1779354850: New client connected from 192.168.167.167:59507 as trackhub-laravel-subscriber (p2, c1, k30).
1779354850: No will message specified.
1779354850: Sending CONNACK to trackhub-laravel-subscriber (0, 0)
1779354850: Received SUBSCRIBE from trackhub-laravel-subscriber
1779354850: 	trackhub/gps (QoS 0)
1779354850: trackhub-laravel-subscriber 0 trackhub/gps
1779354850: Sending SUBACK to trackhub-laravel-subscriber
1779354853: Received PUBLISH from esp32-gps-01-32a50528 (d0, q0, r0, m0, 'trackhub/gps', ... (227 bytes))
1779354853: Sending PUBLISH to trackhub-laravel-subscriber (d0, q0, r0, m0, 'trackhub/gps', ... (227 bytes))
1779354858: Received PUBLISH from esp32-gps-01-32a50528 (d0, q0, r0, m0, 'trackhub/gps', ... (241 bytes))
1779354858: Sending PUBLISH to trackhub-laravel-subscriber (d0, q0, r0, m0, 'trackhub/gps', ... (241 bytes))
1779354859: Received PINGREQ from esp32-gps-01-32a50528
1779354859: Sending PINGRESP to esp32-gps-01-32a50528
1779354862: Received PUBLISH from esp32-gps-01-32a50528 (d0, q0, r0, m0, 'trackhub/gps', ... (247 bytes))
1779354862: Sending PUBLISH to trackhub-laravel-subscriber (d0, q0, r0, m0, 'trackhub/gps', ... (247 bytes))
1779354867: Received PUBLISH from esp32-gps-01-32a50528 (d0, q0, r0, m0, 'trackhub/gps', ... (219 bytes))
1779354867: Sending PUBLISH to trackhub-laravel-subscriber (d0, q0, r0, m0, 'trackhub/gps', ... (219 bytes))
1779354871: Received PUBLISH from esp32-gps-01-32a50528 (d0, q0, r0, m0, 'trackhub/gps', ... (254 bytes))
1779354871: Sending PUBLISH to trackhub-laravel-subscriber (d0, q0, r0, m0, 'trackhub/gps', ... (254 bytes))
1779354874: Received PINGREQ from esp32-gps-01-32a50528
1779354874: Sending PINGRESP to esp32-gps-01-32a50528
1779354876: Received PUBLISH from esp32-gps-01-32a50528 (d0, q0, r0, m0, 'trackhub/gps', ... (219 bytes))
1779354876: Sending PUBLISH to trackhub-laravel-subscriber (d0, q0, r0, m0, 'trackhub/gps', ... (219 bytes))
1779354880: Received PUBLISH from esp32-gps-01-32a50528 (d0, q0, r0, m0, 'trackhub/gps', ... (235 bytes))
1779354880: Sending PUBLISH to trackhub-laravel-subscriber (d0, q0, r0, m0, 'trackhub/gps', ... (235 bytes))
1779354884: Received PUBLISH from esp32-gps-01-32a50528 (d0, q0, r0, m0, 'trackhub/gps', ... (219 bytes))
1779354884: Sending PUBLISH to trackhub-laravel-subscriber (d0, q0, r0, m0, 'trackhub/gps', ... (219 bytes))
1779354889: Received PUBLISH from esp32-gps-01-32a50528 (d0, q0, r0, m0, 'trackhub/gps', ... (241 bytes))
1779354889: Sending PUBLISH to trackhub-laravel-subscriber (d0, q0, r0, m0, 'trackhub/gps', ... (241 bytes))
1779354890: Received PINGREQ from esp32-gps-01-32a50528
1779354890: Sending PINGRESP to esp32-gps-01-32a50528
1779354893: Received PUBLISH from esp32-gps-01-32a50528 (d0, q0, r0, m0, 'trackhub/gps', ... (247 bytes))
1779354893: Sending PUBLISH to trackhub-laravel-subscriber (d0, q0, r0, m0, 'trackhub/gps', ... (247 bytes))
1779354896: Client trackhub-laravel-subscriber has exceeded timeout, disconnecting.
1779354898: Received PUBLISH from esp32-gps-01-32a50528 (d0, q0, r0, m0, 'trackhub/gps', ... (219 bytes))
1779354901: New connection from 192.168.167.167:63587 on port 1883.
1779354901: New client connected from 192.168.167.167:63587 as trackhub-laravel-subscriber (p2, c1, k30).
1779354901: No will message specified.
1779354901: Sending CONNACK to trackhub-laravel-subscriber (0, 0)
1779354901: Received SUBSCRIBE from trackhub-laravel-subscriber
1779354901: 	trackhub/gps (QoS 0)
1779354901: trackhub-laravel-subscriber 0 trackhub/gps
1779354901: Sending SUBACK to trackhub-laravel-subscriber
1779354902: Received PUBLISH from esp32-gps-01-32a50528 (d0, q0, r0, m0, 'trackhub/gps', ... (261 bytes))
1779354902: Sending PUBLISH to trackhub-laravel-subscriber (d0, q0, r0, m0, 'trackhub/gps', ... (261 bytes))
1779354905: Received PINGREQ from esp32-gps-01-32a50528
1779354905: Sending PINGRESP to esp32-gps-01-32a50528
1779354907: Received PUBLISH from esp32-gps-01-32a50528 (d0, q0, r0, m0, 'trackhub/gps', ... (219 bytes))
1779354907: Sending PUBLISH to trackhub-laravel-subscriber (d0, q0, r0, m0, 'trackhub/gps', ... (219 bytes))
1779354911: Received PUBLISH from esp32-gps-01-32a50528 (d0, q0, r0, m0, 'trackhub/gps', ... (256 bytes))
1779354911: Sending PUBLISH to trackhub-laravel-subscriber (d0, q0, r0, m0, 'trackhub/gps', ... (256 bytes))
1779354915: Received PUBLISH from esp32-gps-01-32a50528 (d0, q0, r0, m0, 'trackhub/gps', ... (219 bytes))
1779354915: Sending PUBLISH to trackhub-laravel-subscriber (d0, q0, r0, m0, 'trackhub/gps', ... (219 bytes))
1779354920: Received PUBLISH from esp32-gps-01-32a50528 (d0, q0, r0, m0, 'trackhub/gps', ... (244 bytes))
1779354920: Sending PUBLISH to trackhub-laravel-subscriber (d0, q0, r0, m0, 'trackhub/gps', ... (244 bytes))
1779354921: Received PINGREQ from esp32-gps-01-32a50528
1779354921: Sending PINGRESP to esp32-gps-01-32a50528
1779354924: Received PUBLISH from esp32-gps-01-32a50528 (d0, q0, r0, m0, 'trackhub/gps', ... (263 bytes))
1779354924: Sending PUBLISH to trackhub-laravel-subscriber (d0, q0, r0, m0, 'trackhub/gps', ... (263 bytes))
1779354929: Received PUBLISH from esp32-gps-01-32a50528 (d0, q0, r0, m0, 'trackhub/gps', ... (218 bytes))
1779354929: Sending PUBLISH to trackhub-laravel-subscriber (d0, q0, r0, m0, 'trackhub/gps', ... (218 bytes))
1779354933: Received PUBLISH from esp32-gps-01-32a50528 (d0, q0, r0, m0, 'trackhub/gps', ... (220 bytes))
1779354933: Sending PUBLISH to trackhub-laravel-subscriber (d0, q0, r0, m0, 'trackhub/gps', ... (220 bytes))
1779354936: Received PINGREQ from esp32-gps-01-32a50528
1779354936: Sending PINGRESP to esp32-gps-01-32a50528
1779354938: Received PUBLISH from esp32-gps-01-32a50528 (d0, q0, r0, m0, 'trackhub/gps', ... (219 bytes))
1779354938: Sending PUBLISH to trackhub-laravel-subscriber (d0, q0, r0, m0, 'trackhub/gps', ... (219 bytes))
1779354942: Received PUBLISH from esp32-gps-01-32a50528 (d0, q0, r0, m0, 'trackhub/gps', ... (256 bytes))
1779354942: Sending PUBLISH to trackhub-laravel-subscriber (d0, q0, r0, m0, 'trackhub/gps', ... (256 bytes))
1779354946: Received PUBLISH from esp32-gps-01-32a50528 (d0, q0, r0, m0, 'trackhub/gps', ... (219 bytes))
1779354946: Sending PUBLISH to trackhub-laravel-subscriber (d0, q0, r0, m0, 'trackhub/gps', ... (219 bytes))
1779354947: Client trackhub-laravel-subscriber has exceeded timeout, disconnecting.
1779354951: Received PUBLISH from esp32-gps-01-32a50528 (d0, q0, r0, m0, 'trackhub/gps', ... (244 bytes))
1779354952: New connection from 192.168.167.167:57909 on port 1883.
1779354952: New client connected from 192.168.167.167:57909 as trackhub-laravel-subscriber (p2, c1, k30).
1779354952: No will message specified.
1779354952: Sending CONNACK to trackhub-laravel-subscriber (0, 0)
1779354952: Received SUBSCRIBE from trackhub-laravel-subscriber
1779354952: 	trackhub/gps (QoS 0)
1779354952: trackhub-laravel-subscriber 0 trackhub/gps
1779354952: Sending SUBACK to trackhub-laravel-subscriber
1779354952: Received PINGREQ from esp32-gps-01-32a50528
1779354952: Sending PINGRESP to esp32-gps-01-32a50528
1779354955: Received PUBLISH from esp32-gps-01-32a50528 (d0, q0, r0, m0, 'trackhub/gps', ... (263 bytes))
1779354955: Sending PUBLISH to trackhub-laravel-subscriber (d0, q0, r0, m0, 'trackhub/gps', ... (263 bytes))
1779354960: Received PUBLISH from esp32-gps-01-32a50528 (d0, q0, r0, m0, 'trackhub/gps', ... (262 bytes))
1779354960: Sending PUBLISH to trackhub-laravel-subscriber (d0, q0, r0, m0, 'trackhub/gps', ... (262 bytes))
1779354964: Received PUBLISH from esp32-gps-01-32a50528 (d0, q0, r0, m0, 'trackhub/gps', ... (220 bytes))
1779354964: Sending PUBLISH to trackhub-laravel-subscriber (d0, q0, r0, m0, 'trackhub/gps', ... (220 bytes))
1779354967: Received PINGREQ from esp32-gps-01-32a50528
1779354967: Sending PINGRESP to esp32-gps-01-32a50528
1779354969: Received PUBLISH from esp32-gps-01-32a50528 (d0, q0, r0, m0, 'trackhub/gps', ... (218 bytes))
1779354969: Sending PUBLISH to trackhub-laravel-subscriber (d0, q0, r0, m0, 'trackhub/gps', ... (218 bytes))
1779354973: Received PUBLISH from esp32-gps-01-32a50528 (d0, q0, r0, m0, 'trackhub/gps', ... (256 bytes))
1779354973: Sending PUBLISH to trackhub-laravel-subscriber (d0, q0, r0, m0, 'trackhub/gps', ... (256 bytes))
1779354978: Received PUBLISH from esp32-gps-01-32a50528 (d0, q0, r0, m0, 'trackhub/gps', ... (219 bytes))
1779354978: Sending PUBLISH to trackhub-laravel-subscriber (d0, q0, r0, m0, 'trackhub/gps', ... (219 bytes))
1779354982: Received PUBLISH from esp32-gps-01-32a50528 (d0, q0, r0, m0, 'trackhub/gps', ... (235 bytes))
1779354982: Sending PUBLISH to trackhub-laravel-subscriber (d0, q0, r0, m0, 'trackhub/gps', ... (235 bytes))
1779354983: Received PINGREQ from esp32-gps-01-32a50528
1779354983: Sending PINGRESP to esp32-gps-01-32a50528
1779354986: Received PUBLISH from esp32-gps-01-32a50528 (d0, q0, r0, m0, 'trackhub/gps', ... (226 bytes))
1779354986: Sending PUBLISH to trackhub-laravel-subscriber (d0, q0, r0, m0, 'trackhub/gps', ... (226 bytes))
1779354991: Received PUBLISH from esp32-gps-01-32a50528 (d0, q0, r0, m0, 'trackhub/gps', ... (262 bytes))
1779354991: Sending PUBLISH to trackhub-laravel-subscriber (d0, q0, r0, m0, 'trackhub/gps', ... (262 bytes))
1779354995: Received PUBLISH from esp32-gps-01-32a50528 (d0, q0, r0, m0, 'trackhub/gps', ... (222 bytes))
1779354995: Sending PUBLISH to trackhub-laravel-subscriber (d0, q0, r0, m0, 'trackhub/gps', ... (222 bytes))
1779354998: Client trackhub-laravel-subscriber has exceeded timeout, disconnecting.
1779354998: Received PINGREQ from esp32-gps-01-32a50528
1779354998: Sending PINGRESP to esp32-gps-01-32a50528
1779355000: Received PUBLISH from esp32-gps-01-32a50528 (d0, q0, r0, m0, 'trackhub/gps', ... (219 bytes))
1779355003: New connection from 192.168.167.167:59568 on port 1883.
1779355003: New client connected from 192.168.167.167:59568 as trackhub-laravel-subscriber (p2, c1, k30).
1779355003: No will message specified.
1779355003: Sending CONNACK to trackhub-laravel-subscriber (0, 0)
1779355003: Received SUBSCRIBE from trackhub-laravel-subscriber
1779355003: 	trackhub/gps (QoS 0)
1779355003: trackhub-laravel-subscriber 0 trackhub/gps
1779355003: Sending SUBACK to trackhub-laravel-subscriber
1779355004: Received PUBLISH from esp32-gps-01-32a50528 (d0, q0, r0, m0, 'trackhub/gps', ... (256 bytes))
1779355004: Sending PUBLISH to trackhub-laravel-subscriber (d0, q0, r0, m0, 'trackhub/gps', ... (256 bytes))
1779355009: Received PUBLISH from esp32-gps-01-32a50528 (d0, q0, r0, m0, 'trackhub/gps', ... (219 bytes))
1779355009: Sending PUBLISH to trackhub-laravel-subscriber (d0, q0, r0, m0, 'trackhub/gps', ... (219 bytes))
1779355013: Received PUBLISH from esp32-gps-01-32a50528 (d0, q0, r0, m0, 'trackhub/gps', ... (247 bytes))
1779355013: Sending PUBLISH to trackhub-laravel-subscriber (d0, q0, r0, m0, 'trackhub/gps', ... (247 bytes))
1779355014: Received PINGREQ from esp32-gps-01-32a50528
1779355014: Sending PINGRESP to esp32-gps-01-32a50528
1779355017: Received PUBLISH from esp32-gps-01-32a50528 (d0, q0, r0, m0, 'trackhub/gps', ... (263 bytes))
1779355017: Sending PUBLISH to trackhub-laravel-subscriber (d0, q0, r0, m0, 'trackhub/gps', ... (263 bytes))
1779355022: Received PUBLISH from esp32-gps-01-32a50528 (d0, q0, r0, m0, 'trackhub/gps', ... (262 bytes))
1779355022: Sending PUBLISH to trackhub-laravel-subscriber (d0, q0, r0, m0, 'trackhub/gps', ... (262 bytes))
1779355026: Received PUBLISH from esp32-gps-01-32a50528 (d0, q0, r0, m0, 'trackhub/gps', ... (236 bytes))
1779355026: Sending PUBLISH to trackhub-laravel-subscriber (d0, q0, r0, m0, 'trackhub/gps', ... (236 bytes))
1779355029: Received PINGREQ from esp32-gps-01-32a50528
1779355029: Sending PINGRESP to esp32-gps-01-32a50528
1779355031: Received PUBLISH from esp32-gps-01-32a50528 (d0, q0, r0, m0, 'trackhub/gps', ... (219 bytes))
1779355031: Sending PUBLISH to trackhub-laravel-subscriber (d0, q0, r0, m0, 'trackhub/gps', ... (219 bytes))
1779355035: Received PUBLISH from esp32-gps-01-32a50528 (d0, q0, r0, m0, 'trackhub/gps', ... (256 bytes))
1779355035: Sending PUBLISH to trackhub-laravel-subscriber (d0, q0, r0, m0, 'trackhub/gps', ... (256 bytes))
1779355040: Received PUBLISH from esp32-gps-01-32a50528 (d0, q0, r0, m0, 'trackhub/gps', ... (219 bytes))
1779355040: Sending PUBLISH to trackhub-laravel-subscriber (d0, q0, r0, m0, 'trackhub/gps', ... (219 bytes))
1779355044: Received PUBLISH from esp32-gps-01-32a50528 (d0, q0, r0, m0, 'trackhub/gps', ... (235 bytes))
1779355044: Sending PUBLISH to trackhub-laravel-subscriber (d0, q0, r0, m0, 'trackhub/gps', ... (235 bytes))
1779355045: Received PINGREQ from esp32-gps-01-32a50528
1779355045: Sending PINGRESP to esp32-gps-01-32a50528
1779355048: Received PUBLISH from esp32-gps-01-32a50528 (d0, q0, r0, m0, 'trackhub/gps', ... (226 bytes))
1779355048: Sending PUBLISH to trackhub-laravel-subscriber (d0, q0, r0, m0, 'trackhub/gps', ... (226 bytes))
1779355049: Client trackhub-laravel-subscriber has exceeded timeout, disconnecting.
1779355053: Received PUBLISH from esp32-gps-01-32a50528 (d0, q0, r0, m0, 'trackhub/gps', ... (241 bytes))
1779355054: New connection from 192.168.167.167:52873 on port 1883.
1779355054: New client connected from 192.168.167.167:52873 as trackhub-laravel-subscriber (p2, c1, k30).
1779355054: No will message specified.
1779355054: Sending CONNACK to trackhub-laravel-subscriber (0, 0)
1779355054: Received SUBSCRIBE from trackhub-laravel-subscriber
1779355054: 	trackhub/gps (QoS 0)
1779355054: trackhub-laravel-subscriber 0 trackhub/gps
1779355054: Sending SUBACK to trackhub-laravel-subscriber
1779355057: Received PUBLISH from esp32-gps-01-32a50528 (d0, q0, r0, m0, 'trackhub/gps', ... (236 bytes))
1779355057: Sending PUBLISH to trackhub-laravel-subscriber (d0, q0, r0, m0, 'trackhub/gps', ... (236 bytes))
1779355060: Received PINGREQ from esp32-gps-01-32a50528
1779355060: Sending PINGRESP to esp32-gps-01-32a50528
1779355062: Received PUBLISH from esp32-gps-01-32a50528 (d0, q0, r0, m0, 'trackhub/gps', ... (219 bytes))
1779355062: Sending PUBLISH to trackhub-laravel-subscriber (d0, q0, r0, m0, 'trackhub/gps', ... (219 bytes))
1779355066: Received PUBLISH from esp32-gps-01-32a50528 (d0, q0, r0, m0, 'trackhub/gps', ... (256 bytes))
1779355066: Sending PUBLISH to trackhub-laravel-subscriber (d0, q0, r0, m0, 'trackhub/gps', ... (256 bytes))
1779355071: Received PUBLISH from esp32-gps-01-32a50528 (d0, q0, r0, m0, 'trackhub/gps', ... (219 bytes))
1779355071: Sending PUBLISH to trackhub-laravel-subscriber (d0, q0, r0, m0, 'trackhub/gps', ... (219 bytes))
1779355075: Received PUBLISH from esp32-gps-01-32a50528 (d0, q0, r0, m0, 'trackhub/gps', ... (235 bytes))
1779355075: Sending PUBLISH to trackhub-laravel-subscriber (d0, q0, r0, m0, 'trackhub/gps', ... (235 bytes))
1779355076: Received PINGREQ from esp32-gps-01-32a50528
1779355076: Sending PINGRESP to esp32-gps-01-32a50528
1779355079: Received PUBLISH from esp32-gps-01-32a50528 (d0, q0, r0, m0, 'trackhub/gps', ... (227 bytes))
1779355079: Sending PUBLISH to trackhub-laravel-subscriber (d0, q0, r0, m0, 'trackhub/gps', ... (227 bytes))
1779355084: Received PUBLISH from esp32-gps-01-32a50528 (d0, q0, r0, m0, 'trackhub/gps', ... (241 bytes))
1779355084: Sending PUBLISH to trackhub-laravel-subscriber (d0, q0, r0, m0, 'trackhub/gps', ... (241 bytes))
1779355088: Received PUBLISH from esp32-gps-01-32a50528 (d0, q0, r0, m0, 'trackhub/gps', ... (255 bytes))
1779355088: Sending PUBLISH to trackhub-laravel-subscriber (d0, q0, r0, m0, 'trackhub/gps', ... (255 bytes))
1779355091: Received PINGREQ from esp32-gps-01-32a50528
1779355091: Sending PINGRESP to esp32-gps-01-32a50528
1779355093: Received PUBLISH from esp32-gps-01-32a50528 (d0, q0, r0, m0, 'trackhub/gps', ... (219 bytes))
1779355093: Sending PUBLISH to trackhub-laravel-subscriber (d0, q0, r0, m0, 'trackhub/gps', ... (219 bytes))
1779355097: Received PUBLISH from esp32-gps-01-32a50528 (d0, q0, r0, m0, 'trackhub/gps', ... (260 bytes))
1779355097: Sending PUBLISH to trackhub-laravel-subscriber (d0, q0, r0, m0, 'trackhub/gps', ... (260 bytes))
1779355100: Client trackhub-laravel-subscriber has exceeded timeout, disconnecting.
1779355102: Received PUBLISH from esp32-gps-01-32a50528 (d0, q0, r0, m0, 'trackhub/gps', ... (219 bytes))
1779355105: New connection from 192.168.167.167:52574 on port 1883.
1779355105: New client connected from 192.168.167.167:52574 as trackhub-laravel-subscriber (p2, c1, k30).
1779355105: No will message specified.
1779355105: Sending CONNACK to trackhub-laravel-subscriber (0, 0)
1779355105: Received SUBSCRIBE from trackhub-laravel-subscriber
1779355105: 	trackhub/gps (QoS 0)
1779355105: trackhub-laravel-subscriber 0 trackhub/gps
1779355105: Sending SUBACK to trackhub-laravel-subscriber
1779355106: Received PUBLISH from esp32-gps-01-32a50528 (d0, q0, r0, m0, 'trackhub/gps', ... (251 bytes))
1779355106: Sending PUBLISH to trackhub-laravel-subscriber (d0, q0, r0, m0, 'trackhub/gps', ... (251 bytes))
1779355107: Received PINGREQ from esp32-gps-01-32a50528
1779355107: Sending PINGRESP to esp32-gps-01-32a50528
1779355110: Received PUBLISH from esp32-gps-01-32a50528 (d0, q0, r0, m0, 'trackhub/gps', ... (226 bytes))
1779355110: Sending PUBLISH to trackhub-laravel-subscriber (d0, q0, r0, m0, 'trackhub/gps', ... (226 bytes))
1779355115: Received PUBLISH from esp32-gps-01-32a50528 (d0, q0, r0, m0, 'trackhub/gps', ... (241 bytes))
1779355115: Sending PUBLISH to trackhub-laravel-subscriber (d0, q0, r0, m0, 'trackhub/gps', ... (241 bytes))
1779355119: Received PUBLISH from esp32-gps-01-32a50528 (d0, q0, r0, m0, 'trackhub/gps', ... (255 bytes))
1779355119: Sending PUBLISH to trackhub-laravel-subscriber (d0, q0, r0, m0, 'trackhub/gps', ... (255 bytes))
1779355122: Received PINGREQ from esp32-gps-01-32a50528
1779355122: Sending PINGRESP to esp32-gps-01-32a50528
1779355124: Received PUBLISH from esp32-gps-01-32a50528 (d0, q0, r0, m0, 'trackhub/gps', ... (219 bytes))
1779355124: Sending PUBLISH to trackhub-laravel-subscriber (d0, q0, r0, m0, 'trackhub/gps', ... (219 bytes))
1779355128: Received PUBLISH from esp32-gps-01-32a50528 (d0, q0, r0, m0, 'trackhub/gps', ... (260 bytes))
1779355128: Sending PUBLISH to trackhub-laravel-subscriber (d0, q0, r0, m0, 'trackhub/gps', ... (260 bytes))
1779355133: Received PUBLISH from esp32-gps-01-32a50528 (d0, q0, r0, m0, 'trackhub/gps', ... (219 bytes))
1779355133: Sending PUBLISH to trackhub-laravel-subscriber (d0, q0, r0, m0, 'trackhub/gps', ... (219 bytes))
1779355137: Received PUBLISH from esp32-gps-01-32a50528 (d0, q0, r0, m0, 'trackhub/gps', ... (251 bytes))
1779355137: Sending PUBLISH to trackhub-laravel-subscriber (d0, q0, r0, m0, 'trackhub/gps', ... (251 bytes))
1779355139: Received PINGREQ from esp32-gps-01-32a50528
1779355139: Sending PINGRESP to esp32-gps-01-32a50528
1779355141: Received PUBLISH from esp32-gps-01-32a50528 (d0, q0, r0, m0, 'trackhub/gps', ... (219 bytes))
1779355141: Sending PUBLISH to trackhub-laravel-subscriber (d0, q0, r0, m0, 'trackhub/gps', ... (219 bytes))
1779355146: Received PUBLISH from esp32-gps-01-32a50528 (d0, q0, r0, m0, 'trackhub/gps', ... (247 bytes))
1779355146: Sending PUBLISH to trackhub-laravel-subscriber (d0, q0, r0, m0, 'trackhub/gps', ... (247 bytes))
1779355150: Received PUBLISH from esp32-gps-01-32a50528 (d0, q0, r0, m0, 'trackhub/gps', ... (255 bytes))
1779355150: Sending PUBLISH to trackhub-laravel-subscriber (d0, q0, r0, m0, 'trackhub/gps', ... (255 bytes))
1779355151: Client trackhub-laravel-subscriber has exceeded timeout, disconnecting.
1779355154: Received PINGREQ from esp32-gps-01-32a50528
1779355154: Sending PINGRESP to esp32-gps-01-32a50528
1779355155: Received PUBLISH from esp32-gps-01-32a50528 (d0, q0, r0, m0, 'trackhub/gps', ... (262 bytes))
1779355156: New connection from 192.168.167.167:54211 on port 1883.
1779355156: New client connected from 192.168.167.167:54211 as trackhub-laravel-subscriber (p2, c1, k30).
1779355156: No will message specified.
1779355156: Sending CONNACK to trackhub-laravel-subscriber (0, 0)
1779355156: Received SUBSCRIBE from trackhub-laravel-subscriber
1779355156: 	trackhub/gps (QoS 0)
1779355156: trackhub-laravel-subscriber 0 trackhub/gps
1779355156: Sending SUBACK to trackhub-laravel-subscriber
1779355159: Received PUBLISH from esp32-gps-01-32a50528 (d0, q0, r0, m0, 'trackhub/gps', ... (236 bytes))
1779355159: Sending PUBLISH to trackhub-laravel-subscriber (d0, q0, r0, m0, 'trackhub/gps', ... (236 bytes))
1779355164: Received PUBLISH from esp32-gps-01-32a50528 (d0, q0, r0, m0, 'trackhub/gps', ... (219 bytes))
1779355164: Sending PUBLISH to trackhub-laravel-subscriber (d0, q0, r0, m0, 'trackhub/gps', ... (219 bytes))
1779355168: Received PUBLISH from esp32-gps-01-32a50528 (d0, q0, r0, m0, 'trackhub/gps', ... (251 bytes))
1779355168: Sending PUBLISH to trackhub-laravel-subscriber (d0, q0, r0, m0, 'trackhub/gps', ... (251 bytes))
1779355169: Received PINGREQ from esp32-gps-01-32a50528
1779355169: Sending PINGRESP to esp32-gps-01-32a50528
1779355173: Received PUBLISH from esp32-gps-01-32a50528 (d0, q0, r0, m0, 'trackhub/gps', ... (219 bytes))
1779355173: Sending PUBLISH to trackhub-laravel-subscriber (d0, q0, r0, m0, 'trackhub/gps', ... (219 bytes))
1779355177: Received PUBLISH from esp32-gps-01-32a50528 (d0, q0, r0, m0, 'trackhub/gps', ... (247 bytes))
1779355177: Sending PUBLISH to trackhub-laravel-subscriber (d0, q0, r0, m0, 'trackhub/gps', ... (247 bytes))
1779355181: Received PUBLISH from esp32-gps-01-32a50528 (d0, q0, r0, m0, 'trackhub/gps', ... (263 bytes))
1779355181: Sending PUBLISH to trackhub-laravel-subscriber (d0, q0, r0, m0, 'trackhub/gps', ... (263 bytes))
1779355185: Received PINGREQ from esp32-gps-01-32a50528
1779355185: Sending PINGRESP to esp32-gps-01-32a50528
1779355186: Received PUBLISH from esp32-gps-01-32a50528 (d0, q0, r0, m0, 'trackhub/gps', ... (262 bytes))
1779355186: Sending PUBLISH to trackhub-laravel-subscriber (d0, q0, r0, m0, 'trackhub/gps', ... (262 bytes))
1779355190: Received PUBLISH from esp32-gps-01-32a50528 (d0, q0, r0, m0, 'trackhub/gps', ... (236 bytes))
1779355190: Sending PUBLISH to trackhub-laravel-subscriber (d0, q0, r0, m0, 'trackhub/gps', ... (236 bytes))
1779355195: Received PUBLISH from esp32-gps-01-32a50528 (d0, q0, r0, m0, 'trackhub/gps', ... (219 bytes))
1779355195: Sending PUBLISH to trackhub-laravel-subscriber (d0, q0, r0, m0, 'trackhub/gps', ... (219 bytes))
1779355199: Received PUBLISH from esp32-gps-01-32a50528 (d0, q0, r0, m0, 'trackhub/gps', ... (256 bytes))
1779355199: Sending PUBLISH to trackhub-laravel-subscriber (d0, q0, r0, m0, 'trackhub/gps', ... (256 bytes))
1779355201: Received PINGREQ from esp32-gps-01-32a50528
1779355201: Sending PINGRESP to esp32-gps-01-32a50528
1779355202: Client trackhub-laravel-subscriber has exceeded timeout, disconnecting.
1779355204: Received PUBLISH from esp32-gps-01-32a50528 (d0, q0, r0, m0, 'trackhub/gps', ... (219 bytes))
1779355207: New connection from 192.168.167.167:61444 on port 1883.
1779355207: New client connected from 192.168.167.167:61444 as trackhub-laravel-subscriber (p2, c1, k30).
1779355207: No will message specified.
1779355207: Sending CONNACK to trackhub-laravel-subscriber (0, 0)
1779355207: Received SUBSCRIBE from trackhub-laravel-subscriber
1779355207: 	trackhub/gps (QoS 0)
1779355207: trackhub-laravel-subscriber 0 trackhub/gps
1779355207: Sending SUBACK to trackhub-laravel-subscriber
1779355208: Received PUBLISH from esp32-gps-01-32a50528 (d0, q0, r0, m0, 'trackhub/gps', ... (235 bytes))
1779355208: Sending PUBLISH to trackhub-laravel-subscriber (d0, q0, r0, m0, 'trackhub/gps', ... (235 bytes))
1779355212: Received PUBLISH from esp32-gps-01-32a50528 (d0, q0, r0, m0, 'trackhub/gps', ... (226 bytes))
1779355212: Sending PUBLISH to trackhub-laravel-subscriber (d0, q0, r0, m0, 'trackhub/gps', ... (226 bytes))
1779355216: Received PINGREQ from esp32-gps-01-32a50528
1779355216: Sending PINGRESP to esp32-gps-01-32a50528
1779355217: Received PUBLISH from esp32-gps-01-32a50528 (d0, q0, r0, m0, 'trackhub/gps', ... (262 bytes))
1779355217: Sending PUBLISH to trackhub-laravel-subscriber (d0, q0, r0, m0, 'trackhub/gps', ... (262 bytes))
1779355221: Received PUBLISH from esp32-gps-01-32a50528 (d0, q0, r0, m0, 'trackhub/gps', ... (236 bytes))
1779355221: Sending PUBLISH to trackhub-laravel-subscriber (d0, q0, r0, m0, 'trackhub/gps', ... (236 bytes))
1779355226: Received PUBLISH from esp32-gps-01-32a50528 (d0, q0, r0, m0, 'trackhub/gps', ... (219 bytes))
1779355226: Sending PUBLISH to trackhub-laravel-subscriber (d0, q0, r0, m0, 'trackhub/gps', ... (219 bytes))
1779355230: Received PUBLISH from esp32-gps-01-32a50528 (d0, q0, r0, m0, 'trackhub/gps', ... (256 bytes))
1779355230: Sending PUBLISH to trackhub-laravel-subscriber (d0, q0, r0, m0, 'trackhub/gps', ... (256 bytes))
1779355232: Received PINGREQ from esp32-gps-01-32a50528
1779355232: Sending PINGRESP to esp32-gps-01-32a50528
1779355235: Received PUBLISH from esp32-gps-01-32a50528 (d0, q0, r0, m0, 'trackhub/gps', ... (219 bytes))
1779355235: Sending PUBLISH to trackhub-laravel-subscriber (d0, q0, r0, m0, 'trackhub/gps', ... (219 bytes))
1779355239: Received PUBLISH from esp32-gps-01-32a50528 (d0, q0, r0, m0, 'trackhub/gps', ... (232 bytes))
1779355239: Sending PUBLISH to trackhub-laravel-subscriber (d0, q0, r0, m0, 'trackhub/gps', ... (232 bytes))
1779355243: Received PUBLISH from esp32-gps-01-32a50528 (d0, q0, r0, m0, 'trackhub/gps', ... (226 bytes))
1779355243: Sending PUBLISH to trackhub-laravel-subscriber (d0, q0, r0, m0, 'trackhub/gps', ... (226 bytes))
1779355247: Received PINGREQ from esp32-gps-01-32a50528
1779355247: Sending PINGRESP to esp32-gps-01-32a50528
1779355248: Received PUBLISH from esp32-gps-01-32a50528 (d0, q0, r0, m0, 'trackhub/gps', ... (240 bytes))
1779355248: Sending PUBLISH to trackhub-laravel-subscriber (d0, q0, r0, m0, 'trackhub/gps', ... (240 bytes))
1779355252: Received PUBLISH from esp32-gps-01-32a50528 (d0, q0, r0, m0, 'trackhub/gps', ... (254 bytes))
1779355252: Sending PUBLISH to trackhub-laravel-subscriber (d0, q0, r0, m0, 'trackhub/gps', ... (254 bytes))
1779355253: Client trackhub-laravel-subscriber has exceeded timeout, disconnecting.
1779355257: Received PUBLISH from esp32-gps-01-32a50528 (d0, q0, r0, m0, 'trackhub/gps', ... (218 bytes))
1779355258: New connection from 192.168.167.167:55454 on port 1883.
1779355258: New client connected from 192.168.167.167:55454 as trackhub-laravel-subscriber (p2, c1, k30).
1779355258: No will message specified.
1779355258: Sending CONNACK to trackhub-laravel-subscriber (0, 0)
1779355258: Received SUBSCRIBE from trackhub-laravel-subscriber
1779355258: 	trackhub/gps (QoS 0)
1779355258: trackhub-laravel-subscriber 0 trackhub/gps
1779355258: Sending SUBACK to trackhub-laravel-subscriber
1779355261: Received PUBLISH from esp32-gps-01-32a50528 (d0, q0, r0, m0, 'trackhub/gps', ... (256 bytes))
1779355261: Sending PUBLISH to trackhub-laravel-subscriber (d0, q0, r0, m0, 'trackhub/gps', ... (256 bytes))
1779355263: Received PINGREQ from esp32-gps-01-32a50528
1779355263: Sending PINGRESP to esp32-gps-01-32a50528
1779355266: Received PUBLISH from esp32-gps-01-32a50528 (d0, q0, r0, m0, 'trackhub/gps', ... (219 bytes))
1779355266: Sending PUBLISH to trackhub-laravel-subscriber (d0, q0, r0, m0, 'trackhub/gps', ... (219 bytes))
1779355270: Received PUBLISH from esp32-gps-01-32a50528 (d0, q0, r0, m0, 'trackhub/gps', ... (235 bytes))
1779355270: Sending PUBLISH to trackhub-laravel-subscriber (d0, q0, r0, m0, 'trackhub/gps', ... (235 bytes))
1779355274: Received PUBLISH from esp32-gps-01-32a50528 (d0, q0, r0, m0, 'trackhub/gps', ... (227 bytes))
1779355274: Sending PUBLISH to trackhub-laravel-subscriber (d0, q0, r0, m0, 'trackhub/gps', ... (227 bytes))
1779355278: Received PINGREQ from esp32-gps-01-32a50528
1779355278: Sending PINGRESP to esp32-gps-01-32a50528
1779355279: Received PUBLISH from esp32-gps-01-32a50528 (d0, q0, r0, m0, 'trackhub/gps', ... (240 bytes))
1779355279: Sending PUBLISH to trackhub-laravel-subscriber (d0, q0, r0, m0, 'trackhub/gps', ... (240 bytes))
1779355283: Received PUBLISH from esp32-gps-01-32a50528 (d0, q0, r0, m0, 'trackhub/gps', ... (255 bytes))
1779355283: Sending PUBLISH to trackhub-laravel-subscriber (d0, q0, r0, m0, 'trackhub/gps', ... (255 bytes))
1779355288: Received PUBLISH from esp32-gps-01-32a50528 (d0, q0, r0, m0, 'trackhub/gps', ... (219 bytes))
1779355288: Sending PUBLISH to trackhub-laravel-subscriber (d0, q0, r0, m0, 'trackhub/gps', ... (219 bytes))
1779355292: Received PUBLISH from esp32-gps-01-32a50528 (d0, q0, r0, m0, 'trackhub/gps', ... (260 bytes))
1779355292: Sending PUBLISH to trackhub-laravel-subscriber (d0, q0, r0, m0, 'trackhub/gps', ... (260 bytes))
1779355294: Received PINGREQ from esp32-gps-01-32a50528
1779355294: Sending PINGRESP to esp32-gps-01-32a50528
1779355297: Received PUBLISH from esp32-gps-01-32a50528 (d0, q0, r0, m0, 'trackhub/gps', ... (219 bytes))
1779355297: Sending PUBLISH to trackhub-laravel-subscriber (d0, q0, r0, m0, 'trackhub/gps', ... (219 bytes))
1779355301: Received PUBLISH from esp32-gps-01-32a50528 (d0, q0, r0, m0, 'trackhub/gps', ... (251 bytes))
1779355301: Sending PUBLISH to trackhub-laravel-subscriber (d0, q0, r0, m0, 'trackhub/gps', ... (251 bytes))
1779355304: Client trackhub-laravel-subscriber has exceeded timeout, disconnecting.
1779355305: Received PUBLISH from esp32-gps-01-32a50528 (d0, q0, r0, m0, 'trackhub/gps', ... (227 bytes))
1779355309: Received PINGREQ from esp32-gps-01-32a50528
1779355309: Sending PINGRESP to esp32-gps-01-32a50528
1779355309: New connection from 192.168.167.167:54724 on port 1883.
1779355309: New client connected from 192.168.167.167:54724 as trackhub-laravel-subscriber (p2, c1, k30).
1779355309: No will message specified.
1779355309: Sending CONNACK to trackhub-laravel-subscriber (0, 0)
1779355309: Received SUBSCRIBE from trackhub-laravel-subscriber
1779355309: 	trackhub/gps (QoS 0)
1779355309: trackhub-laravel-subscriber 0 trackhub/gps
1779355309: Sending SUBACK to trackhub-laravel-subscriber
1779355310: Received PUBLISH from esp32-gps-01-32a50528 (d0, q0, r0, m0, 'trackhub/gps', ... (241 bytes))
1779355310: Sending PUBLISH to trackhub-laravel-subscriber (d0, q0, r0, m0, 'trackhub/gps', ... (241 bytes))
1779355314: Received PUBLISH from esp32-gps-01-32a50528 (d0, q0, r0, m0, 'trackhub/gps', ... (255 bytes))
1779355314: Sending PUBLISH to trackhub-laravel-subscriber (d0, q0, r0, m0, 'trackhub/gps', ... (255 bytes))
1779355319: Received PUBLISH from esp32-gps-01-32a50528 (d0, q0, r0, m0, 'trackhub/gps', ... (219 bytes))
1779355319: Sending PUBLISH to trackhub-laravel-subscriber (d0, q0, r0, m0, 'trackhub/gps', ... (219 bytes))
1779355323: Received PUBLISH from esp32-gps-01-32a50528 (d0, q0, r0, m0, 'trackhub/gps', ... (260 bytes))
1779355323: Sending PUBLISH to trackhub-laravel-subscriber (d0, q0, r0, m0, 'trackhub/gps', ... (260 bytes))
1779355325: Received PINGREQ from esp32-gps-01-32a50528
1779355325: Sending PINGRESP to esp32-gps-01-32a50528
1779355328: Received PUBLISH from esp32-gps-01-32a50528 (d0, q0, r0, m0, 'trackhub/gps', ... (219 bytes))
1779355328: Sending PUBLISH to trackhub-laravel-subscriber (d0, q0, r0, m0, 'trackhub/gps', ... (219 bytes))
1779355332: Received PUBLISH from esp32-gps-01-32a50528 (d0, q0, r0, m0, 'trackhub/gps', ... (251 bytes))
1779355332: Sending PUBLISH to trackhub-laravel-subscriber (d0, q0, r0, m0, 'trackhub/gps', ... (251 bytes))
1779355336: Received PUBLISH from esp32-gps-01-32a50528 (d0, q0, r0, m0, 'trackhub/gps', ... (219 bytes))
1779355336: Sending PUBLISH to trackhub-laravel-subscriber (d0, q0, r0, m0, 'trackhub/gps', ... (219 bytes))
1779355340: Received PINGREQ from esp32-gps-01-32a50528
1779355340: Sending PINGRESP to esp32-gps-01-32a50528
1779355341: Received PUBLISH from esp32-gps-01-32a50528 (d0, q0, r0, m0, 'trackhub/gps', ... (247 bytes))
1779355341: Sending PUBLISH to trackhub-laravel-subscriber (d0, q0, r0, m0, 'trackhub/gps', ... (247 bytes))
1779355345: Received PUBLISH from esp32-gps-01-32a50528 (d0, q0, r0, m0, 'trackhub/gps', ... (255 bytes))
1779355345: Sending PUBLISH to trackhub-laravel-subscriber (d0, q0, r0, m0, 'trackhub/gps', ... (255 bytes))
1779355350: Received PUBLISH from esp32-gps-01-32a50528 (d0, q0, r0, m0, 'trackhub/gps', ... (219 bytes))
1779355350: Sending PUBLISH to trackhub-laravel-subscriber (d0, q0, r0, m0, 'trackhub/gps', ... (219 bytes))
1779355354: Received PUBLISH from esp32-gps-01-32a50528 (d0, q0, r0, m0, 'trackhub/gps', ... (260 bytes))
1779355354: Sending PUBLISH to trackhub-laravel-subscriber (d0, q0, r0, m0, 'trackhub/gps', ... (260 bytes))
1779355355: Client trackhub-laravel-subscriber has exceeded timeout, disconnecting.
1779355356: Received PINGREQ from esp32-gps-01-32a50528
1779355356: Sending PINGRESP to esp32-gps-01-32a50528
1779355359: Received PUBLISH from esp32-gps-01-32a50528 (d0, q0, r0, m0, 'trackhub/gps', ... (219 bytes))
1779355360: New connection from 192.168.167.167:64865 on port 1883.
1779355360: New client connected from 192.168.167.167:64865 as trackhub-laravel-subscriber (p2, c1, k30).
1779355360: No will message specified.
1779355360: Sending CONNACK to trackhub-laravel-subscriber (0, 0)
1779355360: Received SUBSCRIBE from trackhub-laravel-subscriber
1779355360: 	trackhub/gps (QoS 0)
1779355360: trackhub-laravel-subscriber 0 trackhub/gps
1779355360: Sending SUBACK to trackhub-laravel-subscriber
1779355363: Received PUBLISH from esp32-gps-01-32a50528 (d0, q0, r0, m0, 'trackhub/gps', ... (251 bytes))
1779355363: Sending PUBLISH to trackhub-laravel-subscriber (d0, q0, r0, m0, 'trackhub/gps', ... (251 bytes))
1779355368: Received PUBLISH from esp32-gps-01-32a50528 (d0, q0, r0, m0, 'trackhub/gps', ... (219 bytes))
1779355368: Sending PUBLISH to trackhub-laravel-subscriber (d0, q0, r0, m0, 'trackhub/gps', ... (219 bytes))
1779355371: Received PINGREQ from esp32-gps-01-32a50528
1779355371: Sending PINGRESP to esp32-gps-01-32a50528
1779355372: Received PUBLISH from esp32-gps-01-32a50528 (d0, q0, r0, m0, 'trackhub/gps', ... (245 bytes))
1779355372: Sending PUBLISH to trackhub-laravel-subscriber (d0, q0, r0, m0, 'trackhub/gps', ... (245 bytes))
1779355376: Received PUBLISH from esp32-gps-01-32a50528 (d0, q0, r0, m0, 'trackhub/gps', ... (255 bytes))
1779355376: Sending PUBLISH to trackhub-laravel-subscriber (d0, q0, r0, m0, 'trackhub/gps', ... (255 bytes))
1779355381: Received PUBLISH from esp32-gps-01-32a50528 (d0, q0, r0, m0, 'trackhub/gps', ... (219 bytes))
1779355381: Sending PUBLISH to trackhub-laravel-subscriber (d0, q0, r0, m0, 'trackhub/gps', ... (219 bytes))
1779355385: Received PUBLISH from esp32-gps-01-32a50528 (d0, q0, r0, m0, 'trackhub/gps', ... (236 bytes))
1779355385: Sending PUBLISH to trackhub-laravel-subscriber (d0, q0, r0, m0, 'trackhub/gps', ... (236 bytes))
1779355387: Received PINGREQ from esp32-gps-01-32a50528
1779355387: Sending PINGRESP to esp32-gps-01-32a50528
1779355390: Received PUBLISH from esp32-gps-01-32a50528 (d0, q0, r0, m0, 'trackhub/gps', ... (219 bytes))
1779355390: Sending PUBLISH to trackhub-laravel-subscriber (d0, q0, r0, m0, 'trackhub/gps', ... (219 bytes))
1779355394: Received PUBLISH from esp32-gps-01-32a50528 (d0, q0, r0, m0, 'trackhub/gps', ... (254 bytes))
1779355394: Sending PUBLISH to trackhub-laravel-subscriber (d0, q0, r0, m0, 'trackhub/gps', ... (254 bytes))
1779355399: Received PUBLISH from esp32-gps-01-32a50528 (d0, q0, r0, m0, 'trackhub/gps', ... (219 bytes))
1779355399: Sending PUBLISH to trackhub-laravel-subscriber (d0, q0, r0, m0, 'trackhub/gps', ... (219 bytes))
1779355402: Received PINGREQ from esp32-gps-01-32a50528
1779355402: Sending PINGRESP to esp32-gps-01-32a50528
1779355403: Received PUBLISH from esp32-gps-01-32a50528 (d0, q0, r0, m0, 'trackhub/gps', ... (235 bytes))
1779355403: Sending PUBLISH to trackhub-laravel-subscriber (d0, q0, r0, m0, 'trackhub/gps', ... (235 bytes))
1779355406: Client trackhub-laravel-subscriber has exceeded timeout, disconnecting.
1779355407: Received PUBLISH from esp32-gps-01-32a50528 (d0, q0, r0, m0, 'trackhub/gps', ... (264 bytes))
1779355411: New connection from 192.168.167.167:60275 on port 1883.
1779355411: New client connected from 192.168.167.167:60275 as trackhub-laravel-subscriber (p2, c1, k30).
1779355411: No will message specified.
1779355411: Sending CONNACK to trackhub-laravel-subscriber (0, 0)
1779355411: Received SUBSCRIBE from trackhub-laravel-subscriber
1779355411: 	trackhub/gps (QoS 0)
1779355411: trackhub-laravel-subscriber 0 trackhub/gps
1779355411: Sending SUBACK to trackhub-laravel-subscriber
1779355412: Received PUBLISH from esp32-gps-01-32a50528 (d0, q0, r0, m0, 'trackhub/gps', ... (262 bytes))
1779355412: Sending PUBLISH to trackhub-laravel-subscriber (d0, q0, r0, m0, 'trackhub/gps', ... (262 bytes))
1779355416: Received PUBLISH from esp32-gps-01-32a50528 (d0, q0, r0, m0, 'trackhub/gps', ... (236 bytes))
1779355416: Sending PUBLISH to trackhub-laravel-subscriber (d0, q0, r0, m0, 'trackhub/gps', ... (236 bytes))
1779355418: Received PINGREQ from esp32-gps-01-32a50528
1779355418: Sending PINGRESP to esp32-gps-01-32a50528
1779355421: Received PUBLISH from esp32-gps-01-32a50528 (d0, q0, r0, m0, 'trackhub/gps', ... (219 bytes))
1779355421: Sending PUBLISH to trackhub-laravel-subscriber (d0, q0, r0, m0, 'trackhub/gps', ... (219 bytes))
1779355425: Received PUBLISH from esp32-gps-01-32a50528 (d0, q0, r0, m0, 'trackhub/gps', ... (253 bytes))
1779355425: Sending PUBLISH to trackhub-laravel-subscriber (d0, q0, r0, m0, 'trackhub/gps', ... (253 bytes))
1779355430: Received PUBLISH from esp32-gps-01-32a50528 (d0, q0, r0, m0, 'trackhub/gps', ... (219 bytes))
1779355430: Sending PUBLISH to trackhub-laravel-subscriber (d0, q0, r0, m0, 'trackhub/gps', ... (219 bytes))
1779355433: Received PINGREQ from esp32-gps-01-32a50528
1779355433: Sending PINGRESP to esp32-gps-01-32a50528
1779355434: Received PUBLISH from esp32-gps-01-32a50528 (d0, q0, r0, m0, 'trackhub/gps', ... (235 bytes))
1779355434: Sending PUBLISH to trackhub-laravel-subscriber (d0, q0, r0, m0, 'trackhub/gps', ... (235 bytes))
1779355438: Received PUBLISH from esp32-gps-01-32a50528 (d0, q0, r0, m0, 'trackhub/gps', ... (264 bytes))
1779355438: Sending PUBLISH to trackhub-laravel-subscriber (d0, q0, r0, m0, 'trackhub/gps', ... (264 bytes))
1779355443: Received PUBLISH from esp32-gps-01-32a50528 (d0, q0, r0, m0, 'trackhub/gps', ... (241 bytes))
1779355443: Sending PUBLISH to trackhub-laravel-subscriber (d0, q0, r0, m0, 'trackhub/gps', ... (241 bytes))
1779355447: Received PUBLISH from esp32-gps-01-32a50528 (d0, q0, r0, m0, 'trackhub/gps', ... (236 bytes))
1779355447: Sending PUBLISH to trackhub-laravel-subscriber (d0, q0, r0, m0, 'trackhub/gps', ... (236 bytes))
1779355449: Received PINGREQ from esp32-gps-01-32a50528
1779355449: Sending PINGRESP to esp32-gps-01-32a50528
1779355452: Received PUBLISH from esp32-gps-01-32a50528 (d0, q0, r0, m0, 'trackhub/gps', ... (219 bytes))
1779355452: Sending PUBLISH to trackhub-laravel-subscriber (d0, q0, r0, m0, 'trackhub/gps', ... (219 bytes))
1779355456: Received PUBLISH from esp32-gps-01-32a50528 (d0, q0, r0, m0, 'trackhub/gps', ... (254 bytes))
1779355456: Sending PUBLISH to trackhub-laravel-subscriber (d0, q0, r0, m0, 'trackhub/gps', ... (254 bytes))
1779355457: Client trackhub-laravel-subscriber has exceeded timeout, disconnecting.
1779355461: Received PUBLISH from esp32-gps-01-32a50528 (d0, q0, r0, m0, 'trackhub/gps', ... (218 bytes))
1779355462: New connection from 192.168.167.167:51359 on port 1883.
1779355462: New client connected from 192.168.167.167:51359 as trackhub-laravel-subscriber (p2, c1, k30).
1779355462: No will message specified.
1779355462: Sending CONNACK to trackhub-laravel-subscriber (0, 0)
1779355462: Received SUBSCRIBE from trackhub-laravel-subscriber
1779355462: 	trackhub/gps (QoS 0)
1779355462: trackhub-laravel-subscriber 0 trackhub/gps
1779355462: Sending SUBACK to trackhub-laravel-subscriber
1779355464: Received PINGREQ from esp32-gps-01-32a50528
1779355464: Sending PINGRESP to esp32-gps-01-32a50528
1779355465: Received PUBLISH from esp32-gps-01-32a50528 (d0, q0, r0, m0, 'trackhub/gps', ... (234 bytes))
1779355465: Sending PUBLISH to trackhub-laravel-subscriber (d0, q0, r0, m0, 'trackhub/gps', ... (234 bytes))
1779355469: Received PUBLISH from esp32-gps-01-32a50528 (d0, q0, r0, m0, 'trackhub/gps', ... (225 bytes))
1779355469: Sending PUBLISH to trackhub-laravel-subscriber (d0, q0, r0, m0, 'trackhub/gps', ... (225 bytes))
1779355474: Received PUBLISH from esp32-gps-01-32a50528 (d0, q0, r0, m0, 'trackhub/gps', ... (240 bytes))
1779355474: Sending PUBLISH to trackhub-laravel-subscriber (d0, q0, r0, m0, 'trackhub/gps', ... (240 bytes))
1779355478: Received PUBLISH from esp32-gps-01-32a50528 (d0, q0, r0, m0, 'trackhub/gps', ... (254 bytes))
1779355478: Sending PUBLISH to trackhub-laravel-subscriber (d0, q0, r0, m0, 'trackhub/gps', ... (254 bytes))
1779355480: Received PINGREQ from esp32-gps-01-32a50528
1779355480: Sending PINGRESP to esp32-gps-01-32a50528
1779355483: Received PUBLISH from esp32-gps-01-32a50528 (d0, q0, r0, m0, 'trackhub/gps', ... (218 bytes))
1779355483: Sending PUBLISH to trackhub-laravel-subscriber (d0, q0, r0, m0, 'trackhub/gps', ... (218 bytes))
1779355487: Received PUBLISH from esp32-gps-01-32a50528 (d0, q0, r0, m0, 'trackhub/gps', ... (259 bytes))
1779355487: Sending PUBLISH to trackhub-laravel-subscriber (d0, q0, r0, m0, 'trackhub/gps', ... (259 bytes))
1779355492: Received PUBLISH from esp32-gps-01-32a50528 (d0, q0, r0, m0, 'trackhub/gps', ... (218 bytes))
1779355492: Sending PUBLISH to trackhub-laravel-subscriber (d0, q0, r0, m0, 'trackhub/gps', ... (218 bytes))
1779355495: Received PINGREQ from esp32-gps-01-32a50528
1779355495: Sending PINGRESP to esp32-gps-01-32a50528
1779355496: Received PUBLISH from esp32-gps-01-32a50528 (d0, q0, r0, m0, 'trackhub/gps', ... (252 bytes))
1779355496: Sending PUBLISH to trackhub-laravel-subscriber (d0, q0, r0, m0, 'trackhub/gps', ... (252 bytes))
1779355500: Received PUBLISH from esp32-gps-01-32a50528 (d0, q0, r0, m0, 'trackhub/gps', ... (226 bytes))
1779355500: Sending PUBLISH to trackhub-laravel-subscriber (d0, q0, r0, m0, 'trackhub/gps', ... (226 bytes))
1779355505: Received PUBLISH from esp32-gps-01-32a50528 (d0, q0, r0, m0, 'trackhub/gps', ... (240 bytes))
1779355505: Sending PUBLISH to trackhub-laravel-subscriber (d0, q0, r0, m0, 'trackhub/gps', ... (240 bytes))
1779355508: Client trackhub-laravel-subscriber has exceeded timeout, disconnecting.
1779355509: Received PUBLISH from esp32-gps-01-32a50528 (d0, q0, r0, m0, 'trackhub/gps', ... (254 bytes))
1779355511: Received PINGREQ from esp32-gps-01-32a50528
1779355511: Sending PINGRESP to esp32-gps-01-32a50528
1779355513: New connection from 192.168.167.167:53001 on port 1883.
1779355513: New client connected from 192.168.167.167:53001 as trackhub-laravel-subscriber (p2, c1, k30).
1779355513: No will message specified.
1779355513: Sending CONNACK to trackhub-laravel-subscriber (0, 0)
1779355513: Received SUBSCRIBE from trackhub-laravel-subscriber
1779355513: 	trackhub/gps (QoS 0)
1779355513: trackhub-laravel-subscriber 0 trackhub/gps
1779355513: Sending SUBACK to trackhub-laravel-subscriber
1779355514: Received PUBLISH from esp32-gps-01-32a50528 (d0, q0, r0, m0, 'trackhub/gps', ... (218 bytes))
1779355514: Sending PUBLISH to trackhub-laravel-subscriber (d0, q0, r0, m0, 'trackhub/gps', ... (218 bytes))
1779355518: Received PUBLISH from esp32-gps-01-32a50528 (d0, q0, r0, m0, 'trackhub/gps', ... (259 bytes))
1779355518: Sending PUBLISH to trackhub-laravel-subscriber (d0, q0, r0, m0, 'trackhub/gps', ... (259 bytes))
1779355523: Received PUBLISH from esp32-gps-01-32a50528 (d0, q0, r0, m0, 'trackhub/gps', ... (218 bytes))
1779355523: Sending PUBLISH to trackhub-laravel-subscriber (d0, q0, r0, m0, 'trackhub/gps', ... (218 bytes))
1779355526: Received PINGREQ from esp32-gps-01-32a50528
1779355526: Sending PINGRESP to esp32-gps-01-32a50528
1779355527: Received PUBLISH from esp32-gps-01-32a50528 (d0, q0, r0, m0, 'trackhub/gps', ... (252 bytes))
1779355527: Sending PUBLISH to trackhub-laravel-subscriber (d0, q0, r0, m0, 'trackhub/gps', ... (252 bytes))
1779355532: Received PUBLISH from esp32-gps-01-32a50528 (d0, q0, r0, m0, 'trackhub/gps', ... (227 bytes))
1779355532: Sending PUBLISH to trackhub-laravel-subscriber (d0, q0, r0, m0, 'trackhub/gps', ... (227 bytes))
1779355536: Received PUBLISH from esp32-gps-01-32a50528 (d0, q0, r0, m0, 'trackhub/gps', ... (241 bytes))
1779355536: Sending PUBLISH to trackhub-laravel-subscriber (d0, q0, r0, m0, 'trackhub/gps', ... (241 bytes))
1779355540: Received PUBLISH from esp32-gps-01-32a50528 (d0, q0, r0, m0, 'trackhub/gps', ... (221 bytes))
1779355540: Sending PUBLISH to trackhub-laravel-subscriber (d0, q0, r0, m0, 'trackhub/gps', ... (221 bytes))
1779355542: Received PINGREQ from esp32-gps-01-32a50528
1779355542: Sending PINGRESP to esp32-gps-01-32a50528
1779355545: Received PUBLISH from esp32-gps-01-32a50528 (d0, q0, r0, m0, 'trackhub/gps', ... (219 bytes))
1779355545: Sending PUBLISH to trackhub-laravel-subscriber (d0, q0, r0, m0, 'trackhub/gps', ... (219 bytes))
1779355549: Received PUBLISH from esp32-gps-01-32a50528 (d0, q0, r0, m0, 'trackhub/gps', ... (260 bytes))
1779355549: Sending PUBLISH to trackhub-laravel-subscriber (d0, q0, r0, m0, 'trackhub/gps', ... (260 bytes))
1779355554: Received PUBLISH from esp32-gps-01-32a50528 (d0, q0, r0, m0, 'trackhub/gps', ... (219 bytes))
1779355554: Sending PUBLISH to trackhub-laravel-subscriber (d0, q0, r0, m0, 'trackhub/gps', ... (219 bytes))
1779355557: Received PINGREQ from esp32-gps-01-32a50528
1779355557: Sending PINGRESP to esp32-gps-01-32a50528
1779355558: Received PUBLISH from esp32-gps-01-32a50528 (d0, q0, r0, m0, 'trackhub/gps', ... (253 bytes))
1779355558: Sending PUBLISH to trackhub-laravel-subscriber (d0, q0, r0, m0, 'trackhub/gps', ... (253 bytes))
1779355559: Client trackhub-laravel-subscriber has exceeded timeout, disconnecting.
1779355563: Received PUBLISH from esp32-gps-01-32a50528 (d0, q0, r0, m0, 'trackhub/gps', ... (219 bytes))
1779355564: New connection from 192.168.167.167:64715 on port 1883.
1779355564: New client connected from 192.168.167.167:64715 as trackhub-laravel-subscriber (p2, c1, k30).
1779355564: No will message specified.
1779355564: Sending CONNACK to trackhub-laravel-subscriber (0, 0)
1779355564: Received SUBSCRIBE from trackhub-laravel-subscriber
1779355564: 	trackhub/gps (QoS 0)
1779355564: trackhub-laravel-subscriber 0 trackhub/gps
1779355564: Sending SUBACK to trackhub-laravel-subscriber
1779355567: Received PUBLISH from esp32-gps-01-32a50528 (d0, q0, r0, m0, 'trackhub/gps', ... (247 bytes))
1779355567: Sending PUBLISH to trackhub-laravel-subscriber (d0, q0, r0, m0, 'trackhub/gps', ... (247 bytes))
1779355571: Received PUBLISH from esp32-gps-01-32a50528 (d0, q0, r0, m0, 'trackhub/gps', ... (255 bytes))
1779355571: Sending PUBLISH to trackhub-laravel-subscriber (d0, q0, r0, m0, 'trackhub/gps', ... (255 bytes))
1779355573: Received PINGREQ from esp32-gps-01-32a50528
1779355573: Sending PINGRESP to esp32-gps-01-32a50528
1779355576: Received PUBLISH from esp32-gps-01-32a50528 (d0, q0, r0, m0, 'trackhub/gps', ... (219 bytes))
1779355576: Sending PUBLISH to trackhub-laravel-subscriber (d0, q0, r0, m0, 'trackhub/gps', ... (219 bytes))
1779355580: Received PUBLISH from esp32-gps-01-32a50528 (d0, q0, r0, m0, 'trackhub/gps', ... (234 bytes))
1779355580: Sending PUBLISH to trackhub-laravel-subscriber (d0, q0, r0, m0, 'trackhub/gps', ... (234 bytes))
1779355585: Received PUBLISH from esp32-gps-01-32a50528 (d0, q0, r0, m0, 'trackhub/gps', ... (219 bytes))
1779355585: Sending PUBLISH to trackhub-laravel-subscriber (d0, q0, r0, m0, 'trackhub/gps', ... (219 bytes))
1779355588: Received PINGREQ from esp32-gps-01-32a50528
1779355588: Sending PINGRESP to esp32-gps-01-32a50528
1779355589: Received PUBLISH from esp32-gps-01-32a50528 (d0, q0, r0, m0, 'trackhub/gps', ... (253 bytes))
1779355589: Sending PUBLISH to trackhub-laravel-subscriber (d0, q0, r0, m0, 'trackhub/gps', ... (253 bytes))
1779355594: Received PUBLISH from esp32-gps-01-32a50528 (d0, q0, r0, m0, 'trackhub/gps', ... (219 bytes))
1779355594: Sending PUBLISH to trackhub-laravel-subscriber (d0, q0, r0, m0, 'trackhub/gps', ... (219 bytes))
1779355598: Received PUBLISH from esp32-gps-01-32a50528 (d0, q0, r0, m0, 'trackhub/gps', ... (247 bytes))
1779355598: Sending PUBLISH to trackhub-laravel-subscriber (d0, q0, r0, m0, 'trackhub/gps', ... (247 bytes))
1779355602: Received PUBLISH from esp32-gps-01-32a50528 (d0, q0, r0, m0, 'trackhub/gps', ... (263 bytes))
1779355602: Sending PUBLISH to trackhub-laravel-subscriber (d0, q0, r0, m0, 'trackhub/gps', ... (263 bytes))
1779355604: Received PINGREQ from esp32-gps-01-32a50528
1779355604: Sending PINGRESP to esp32-gps-01-32a50528
1779355607: Received PUBLISH from esp32-gps-01-32a50528 (d0, q0, r0, m0, 'trackhub/gps', ... (262 bytes))
1779355607: Sending PUBLISH to trackhub-laravel-subscriber (d0, q0, r0, m0, 'trackhub/gps', ... (262 bytes))
1779355610: Client trackhub-laravel-subscriber has exceeded timeout, disconnecting.
1779355611: Received PUBLISH from esp32-gps-01-32a50528 (d0, q0, r0, m0, 'trackhub/gps', ... (236 bytes))
1779355615: New connection from 192.168.167.167:55676 on port 1883.
1779355615: New client connected from 192.168.167.167:55676 as trackhub-laravel-subscriber (p2, c1, k30).
1779355615: No will message specified.
1779355615: Sending CONNACK to trackhub-laravel-subscriber (0, 0)
1779355615: Received SUBSCRIBE from trackhub-laravel-subscriber
1779355615: 	trackhub/gps (QoS 0)
1779355615: trackhub-laravel-subscriber 0 trackhub/gps
1779355615: Sending SUBACK to trackhub-laravel-subscriber
1779355616: Received PUBLISH from esp32-gps-01-32a50528 (d0, q0, r0, m0, 'trackhub/gps', ... (219 bytes))
1779355616: Sending PUBLISH to trackhub-laravel-subscriber (d0, q0, r0, m0, 'trackhub/gps', ... (219 bytes))
1779355619: Received PINGREQ from esp32-gps-01-32a50528
1779355619: Sending PINGRESP to esp32-gps-01-32a50528
1779355620: Received PUBLISH from esp32-gps-01-32a50528 (d0, q0, r0, m0, 'trackhub/gps', ... (256 bytes))
1779355620: Sending PUBLISH to trackhub-laravel-subscriber (d0, q0, r0, m0, 'trackhub/gps', ... (256 bytes))
1779355625: Received PUBLISH from esp32-gps-01-32a50528 (d0, q0, r0, m0, 'trackhub/gps', ... (219 bytes))
1779355625: Sending PUBLISH to trackhub-laravel-subscriber (d0, q0, r0, m0, 'trackhub/gps', ... (219 bytes))
1779355629: Received PUBLISH from esp32-gps-01-32a50528 (d0, q0, r0, m0, 'trackhub/gps', ... (235 bytes))
1779355629: Sending PUBLISH to trackhub-laravel-subscriber (d0, q0, r0, m0, 'trackhub/gps', ... (235 bytes))
1779355633: Received PUBLISH from esp32-gps-01-32a50528 (d0, q0, r0, m0, 'trackhub/gps', ... (263 bytes))
1779355633: Sending PUBLISH to trackhub-laravel-subscriber (d0, q0, r0, m0, 'trackhub/gps', ... (263 bytes))
1779355635: Received PINGREQ from esp32-gps-01-32a50528
1779355635: Sending PINGRESP to esp32-gps-01-32a50528
1779355638: Received PUBLISH from esp32-gps-01-32a50528 (d0, q0, r0, m0, 'trackhub/gps', ... (262 bytes))
1779355638: Sending PUBLISH to trackhub-laravel-subscriber (d0, q0, r0, m0, 'trackhub/gps', ... (262 bytes))
1779355642: Received PUBLISH from esp32-gps-01-32a50528 (d0, q0, r0, m0, 'trackhub/gps', ... (236 bytes))
1779355642: Sending PUBLISH to trackhub-laravel-subscriber (d0, q0, r0, m0, 'trackhub/gps', ... (236 bytes))
1779355647: Received PUBLISH from esp32-gps-01-32a50528 (d0, q0, r0, m0, 'trackhub/gps', ... (219 bytes))
1779355647: Sending PUBLISH to trackhub-laravel-subscriber (d0, q0, r0, m0, 'trackhub/gps', ... (219 bytes))
1779355650: Received PINGREQ from esp32-gps-01-32a50528
1779355650: Sending PINGRESP to esp32-gps-01-32a50528
1779355651: Received PUBLISH from esp32-gps-01-32a50528 (d0, q0, r0, m0, 'trackhub/gps', ... (256 bytes))
1779355651: Sending PUBLISH to trackhub-laravel-subscriber (d0, q0, r0, m0, 'trackhub/gps', ... (256 bytes))
1779355656: Received PUBLISH from esp32-gps-01-32a50528 (d0, q0, r0, m0, 'trackhub/gps', ... (219 bytes))
1779355656: Sending PUBLISH to trackhub-laravel-subscriber (d0, q0, r0, m0, 'trackhub/gps', ... (219 bytes))
1779355660: Received PUBLISH from esp32-gps-01-32a50528 (d0, q0, r0, m0, 'trackhub/gps', ... (235 bytes))
1779355660: Sending PUBLISH to trackhub-laravel-subscriber (d0, q0, r0, m0, 'trackhub/gps', ... (235 bytes))
1779355661: Client trackhub-laravel-subscriber has exceeded timeout, disconnecting.
1779355664: Received PUBLISH from esp32-gps-01-32a50528 (d0, q0, r0, m0, 'trackhub/gps', ... (226 bytes))
1779355666: Received PINGREQ from esp32-gps-01-32a50528
1779355666: Sending PINGRESP to esp32-gps-01-32a50528
1779355666: New connection from 192.168.167.167:55682 on port 1883.
1779355666: New client connected from 192.168.167.167:55682 as trackhub-laravel-subscriber (p2, c1, k30).
1779355666: No will message specified.
1779355666: Sending CONNACK to trackhub-laravel-subscriber (0, 0)
1779355666: Received SUBSCRIBE from trackhub-laravel-subscriber
1779355666: 	trackhub/gps (QoS 0)
1779355666: trackhub-laravel-subscriber 0 trackhub/gps
1779355666: Sending SUBACK to trackhub-laravel-subscriber
1779355669: Received PUBLISH from esp32-gps-01-32a50528 (d0, q0, r0, m0, 'trackhub/gps', ... (241 bytes))
1779355669: Sending PUBLISH to trackhub-laravel-subscriber (d0, q0, r0, m0, 'trackhub/gps', ... (241 bytes))
1779355673: Received PUBLISH from esp32-gps-01-32a50528 (d0, q0, r0, m0, 'trackhub/gps', ... (236 bytes))
1779355673: Sending PUBLISH to trackhub-laravel-subscriber (d0, q0, r0, m0, 'trackhub/gps', ... (236 bytes))
1779355678: Received PUBLISH from esp32-gps-01-32a50528 (d0, q0, r0, m0, 'trackhub/gps', ... (219 bytes))
1779355678: Sending PUBLISH to trackhub-laravel-subscriber (d0, q0, r0, m0, 'trackhub/gps', ... (219 bytes))
1779355681: Received PINGREQ from esp32-gps-01-32a50528
1779355681: Sending PINGRESP to esp32-gps-01-32a50528
1779355682: Received PUBLISH from esp32-gps-01-32a50528 (d0, q0, r0, m0, 'trackhub/gps', ... (256 bytes))
1779355682: Sending PUBLISH to trackhub-laravel-subscriber (d0, q0, r0, m0, 'trackhub/gps', ... (256 bytes))
1779355687: Received PUBLISH from esp32-gps-01-32a50528 (d0, q0, r0, m0, 'trackhub/gps', ... (219 bytes))
1779355687: Sending PUBLISH to trackhub-laravel-subscriber (d0, q0, r0, m0, 'trackhub/gps', ... (219 bytes))
1779355691: Received PUBLISH from esp32-gps-01-32a50528 (d0, q0, r0, m0, 'trackhub/gps', ... (235 bytes))
1779355691: Sending PUBLISH to trackhub-laravel-subscriber (d0, q0, r0, m0, 'trackhub/gps', ... (235 bytes))
1779355695: Received PUBLISH from esp32-gps-01-32a50528 (d0, q0, r0, m0, 'trackhub/gps', ... (226 bytes))
1779355695: Sending PUBLISH to trackhub-laravel-subscriber (d0, q0, r0, m0, 'trackhub/gps', ... (226 bytes))
1779355697: Received PINGREQ from esp32-gps-01-32a50528
1779355697: Sending PINGRESP to esp32-gps-01-32a50528
1779355700: Received PUBLISH from esp32-gps-01-32a50528 (d0, q0, r0, m0, 'trackhub/gps', ... (241 bytes))
1779355700: Sending PUBLISH to trackhub-laravel-subscriber (d0, q0, r0, m0, 'trackhub/gps', ... (241 bytes))
1779355704: Received PUBLISH from esp32-gps-01-32a50528 (d0, q0, r0, m0, 'trackhub/gps', ... (255 bytes))
1779355704: Sending PUBLISH to trackhub-laravel-subscriber (d0, q0, r0, m0, 'trackhub/gps', ... (255 bytes))
1779355709: Received PUBLISH from esp32-gps-01-32a50528 (d0, q0, r0, m0, 'trackhub/gps', ... (219 bytes))
1779355709: Sending PUBLISH to trackhub-laravel-subscriber (d0, q0, r0, m0, 'trackhub/gps', ... (219 bytes))
1779355712: Received PINGREQ from esp32-gps-01-32a50528
1779355712: Sending PINGRESP to esp32-gps-01-32a50528
1779355712: Client trackhub-laravel-subscriber has exceeded timeout, disconnecting.
1779355713: Received PUBLISH from esp32-gps-01-32a50528 (d0, q0, r0, m0, 'trackhub/gps', ... (260 bytes))
1779355717: New connection from 192.168.167.167:49309 on port 1883.
1779355717: New client connected from 192.168.167.167:49309 as trackhub-laravel-subscriber (p2, c1, k30).
1779355717: No will message specified.
1779355717: Sending CONNACK to trackhub-laravel-subscriber (0, 0)
1779355717: Received SUBSCRIBE from trackhub-laravel-subscriber
1779355717: 	trackhub/gps (QoS 0)
1779355717: trackhub-laravel-subscriber 0 trackhub/gps
1779355717: Sending SUBACK to trackhub-laravel-subscriber
1779355718: Received PUBLISH from esp32-gps-01-32a50528 (d0, q0, r0, m0, 'trackhub/gps', ... (219 bytes))
1779355718: Sending PUBLISH to trackhub-laravel-subscriber (d0, q0, r0, m0, 'trackhub/gps', ... (219 bytes))
1779355722: Received PUBLISH from esp32-gps-01-32a50528 (d0, q0, r0, m0, 'trackhub/gps', ... (253 bytes))
1779355722: Sending PUBLISH to trackhub-laravel-subscriber (d0, q0, r0, m0, 'trackhub/gps', ... (253 bytes))
1779355726: Received PUBLISH from esp32-gps-01-32a50528 (d0, q0, r0, m0, 'trackhub/gps', ... (227 bytes))
1779355726: Sending PUBLISH to trackhub-laravel-subscriber (d0, q0, r0, m0, 'trackhub/gps', ... (227 bytes))
1779355728: Received PINGREQ from esp32-gps-01-32a50528
1779355728: Sending PINGRESP to esp32-gps-01-32a50528
1779355731: Received PUBLISH from esp32-gps-01-32a50528 (d0, q0, r0, m0, 'trackhub/gps', ... (241 bytes))
1779355731: Sending PUBLISH to trackhub-laravel-subscriber (d0, q0, r0, m0, 'trackhub/gps', ... (241 bytes))
1779355735: Received PUBLISH from esp32-gps-01-32a50528 (d0, q0, r0, m0, 'trackhub/gps', ... (255 bytes))
1779355735: Sending PUBLISH to trackhub-laravel-subscriber (d0, q0, r0, m0, 'trackhub/gps', ... (255 bytes))
1779355740: Received PUBLISH from esp32-gps-01-32a50528 (d0, q0, r0, m0, 'trackhub/gps', ... (219 bytes))
1779355740: Sending PUBLISH to trackhub-laravel-subscriber (d0, q0, r0, m0, 'trackhub/gps', ... (219 bytes))
1779355743: Received PINGREQ from esp32-gps-01-32a50528
1779355743: Sending PINGRESP to esp32-gps-01-32a50528
1779355744: Received PUBLISH from esp32-gps-01-32a50528 (d0, q0, r0, m0, 'trackhub/gps', ... (260 bytes))
1779355744: Sending PUBLISH to trackhub-laravel-subscriber (d0, q0, r0, m0, 'trackhub/gps', ... (260 bytes))
1779355749: Received PUBLISH from esp32-gps-01-32a50528 (d0, q0, r0, m0, 'trackhub/gps', ... (219 bytes))
1779355749: Sending PUBLISH to trackhub-laravel-subscriber (d0, q0, r0, m0, 'trackhub/gps', ... (219 bytes))
1779355753: Received PUBLISH from esp32-gps-01-32a50528 (d0, q0, r0, m0, 'trackhub/gps', ... (253 bytes))
1779355753: Sending PUBLISH to trackhub-laravel-subscriber (d0, q0, r0, m0, 'trackhub/gps', ... (253 bytes))
1779355758: Received PUBLISH from esp32-gps-01-32a50528 (d0, q0, r0, m0, 'trackhub/gps', ... (219 bytes))
1779355758: Sending PUBLISH to trackhub-laravel-subscriber (d0, q0, r0, m0, 'trackhub/gps', ... (219 bytes))
1779355759: Received PINGREQ from esp32-gps-01-32a50528
1779355759: Sending PINGRESP to esp32-gps-01-32a50528
1779355762: Received PUBLISH from esp32-gps-01-32a50528 (d0, q0, r0, m0, 'trackhub/gps', ... (247 bytes))
1779355762: Sending PUBLISH to trackhub-laravel-subscriber (d0, q0, r0, m0, 'trackhub/gps', ... (247 bytes))
1779355763: Client trackhub-laravel-subscriber has exceeded timeout, disconnecting.
1779355766: Received PUBLISH from esp32-gps-01-32a50528 (d0, q0, r0, m0, 'trackhub/gps', ... (255 bytes))
1779355768: New connection from 192.168.167.167:63398 on port 1883.
1779355768: New client connected from 192.168.167.167:63398 as trackhub-laravel-subscriber (p2, c1, k30).
1779355768: No will message specified.
1779355768: Sending CONNACK to trackhub-laravel-subscriber (0, 0)
1779355768: Received SUBSCRIBE from trackhub-laravel-subscriber
1779355768: 	trackhub/gps (QoS 0)
1779355768: trackhub-laravel-subscriber 0 trackhub/gps
1779355768: Sending SUBACK to trackhub-laravel-subscriber
1779355771: Received PUBLISH from esp32-gps-01-32a50528 (d0, q0, r0, m0, 'trackhub/gps', ... (219 bytes))
1779355771: Sending PUBLISH to trackhub-laravel-subscriber (d0, q0, r0, m0, 'trackhub/gps', ... (219 bytes))
1779355774: Received PINGREQ from esp32-gps-01-32a50528
1779355774: Sending PINGRESP to esp32-gps-01-32a50528
1779355775: Received PUBLISH from esp32-gps-01-32a50528 (d0, q0, r0, m0, 'trackhub/gps', ... (260 bytes))
1779355775: Sending PUBLISH to trackhub-laravel-subscriber (d0, q0, r0, m0, 'trackhub/gps', ... (260 bytes))
1779355780: Received PUBLISH from esp32-gps-01-32a50528 (d0, q0, r0, m0, 'trackhub/gps', ... (219 bytes))
1779355780: Sending PUBLISH to trackhub-laravel-subscriber (d0, q0, r0, m0, 'trackhub/gps', ... (219 bytes))
1779355784: Received PUBLISH from esp32-gps-01-32a50528 (d0, q0, r0, m0, 'trackhub/gps', ... (253 bytes))
1779355784: Sending PUBLISH to trackhub-laravel-subscriber (d0, q0, r0, m0, 'trackhub/gps', ... (253 bytes))
1779355788: Received PUBLISH from esp32-gps-01-32a50528 (d0, q0, r0, m0, 'trackhub/gps', ... (219 bytes))
1779355788: Sending PUBLISH to trackhub-laravel-subscriber (d0, q0, r0, m0, 'trackhub/gps', ... (219 bytes))
1779355790: Received PINGREQ from esp32-gps-01-32a50528
1779355790: Sending PINGRESP to esp32-gps-01-32a50528
1779355793: Received PUBLISH from esp32-gps-01-32a50528 (d0, q0, r0, m0, 'trackhub/gps', ... (247 bytes))
1779355793: Sending PUBLISH to trackhub-laravel-subscriber (d0, q0, r0, m0, 'trackhub/gps', ... (247 bytes))
1779355797: Received PUBLISH from esp32-gps-01-32a50528 (d0, q0, r0, m0, 'trackhub/gps', ... (221 bytes))
1779355797: Sending PUBLISH to trackhub-laravel-subscriber (d0, q0, r0, m0, 'trackhub/gps', ... (221 bytes))
1779355802: Received PUBLISH from esp32-gps-01-32a50528 (d0, q0, r0, m0, 'trackhub/gps', ... (262 bytes))
1779355802: Sending PUBLISH to trackhub-laravel-subscriber (d0, q0, r0, m0, 'trackhub/gps', ... (262 bytes))
1779355805: Received PINGREQ from esp32-gps-01-32a50528
1779355805: Sending PINGRESP to esp32-gps-01-32a50528
1779355806: Received PUBLISH from esp32-gps-01-32a50528 (d0, q0, r0, m0, 'trackhub/gps', ... (236 bytes))
1779355806: Sending PUBLISH to trackhub-laravel-subscriber (d0, q0, r0, m0, 'trackhub/gps', ... (236 bytes))
1779355811: Received PUBLISH from esp32-gps-01-32a50528 (d0, q0, r0, m0, 'trackhub/gps', ... (219 bytes))
1779355811: Sending PUBLISH to trackhub-laravel-subscriber (d0, q0, r0, m0, 'trackhub/gps', ... (219 bytes))
1779355814: Client trackhub-laravel-subscriber has exceeded timeout, disconnecting.
1779355815: Received PUBLISH from esp32-gps-01-32a50528 (d0, q0, r0, m0, 'trackhub/gps', ... (253 bytes))
1779355819: New connection from 192.168.167.167:52732 on port 1883.
1779355819: New client connected from 192.168.167.167:52732 as trackhub-laravel-subscriber (p2, c1, k30).
1779355819: No will message specified.
1779355819: Sending CONNACK to trackhub-laravel-subscriber (0, 0)
1779355819: Received SUBSCRIBE from trackhub-laravel-subscriber
1779355819: 	trackhub/gps (QoS 0)
1779355819: trackhub-laravel-subscriber 0 trackhub/gps
1779355819: Sending SUBACK to trackhub-laravel-subscriber
1779355820: Received PUBLISH from esp32-gps-01-32a50528 (d0, q0, r0, m0, 'trackhub/gps', ... (227 bytes))
1779355820: Sending PUBLISH to trackhub-laravel-subscriber (d0, q0, r0, m0, 'trackhub/gps', ... (227 bytes))
1779355821: Received PINGREQ from esp32-gps-01-32a50528
1779355821: Sending PINGRESP to esp32-gps-01-32a50528
1779355824: Received PUBLISH from esp32-gps-01-32a50528 (d0, q0, r0, m0, 'trackhub/gps', ... (247 bytes))
1779355824: Sending PUBLISH to trackhub-laravel-subscriber (d0, q0, r0, m0, 'trackhub/gps', ... (247 bytes))
1779355828: Received PUBLISH from esp32-gps-01-32a50528 (d0, q0, r0, m0, 'trackhub/gps', ... (221 bytes))
1779355828: Sending PUBLISH to trackhub-laravel-subscriber (d0, q0, r0, m0, 'trackhub/gps', ... (221 bytes))
1779355833: Received PUBLISH from esp32-gps-01-32a50528 (d0, q0, r0, m0, 'trackhub/gps', ... (262 bytes))
1779355833: Sending PUBLISH to trackhub-laravel-subscriber (d0, q0, r0, m0, 'trackhub/gps', ... (262 bytes))
1779355836: Received PINGREQ from esp32-gps-01-32a50528
1779355836: Sending PINGRESP to esp32-gps-01-32a50528
1779355837: Received PUBLISH from esp32-gps-01-32a50528 (d0, q0, r0, m0, 'trackhub/gps', ... (236 bytes))
1779355837: Sending PUBLISH to trackhub-laravel-subscriber (d0, q0, r0, m0, 'trackhub/gps', ... (236 bytes))
1779355842: Received PUBLISH from esp32-gps-01-32a50528 (d0, q0, r0, m0, 'trackhub/gps', ... (219 bytes))
1779355842: Sending PUBLISH to trackhub-laravel-subscriber (d0, q0, r0, m0, 'trackhub/gps', ... (219 bytes))
1779355846: Received PUBLISH from esp32-gps-01-32a50528 (d0, q0, r0, m0, 'trackhub/gps', ... (256 bytes))
1779355846: Sending PUBLISH to trackhub-laravel-subscriber (d0, q0, r0, m0, 'trackhub/gps', ... (256 bytes))
1779355851: Received PUBLISH from esp32-gps-01-32a50528 (d0, q0, r0, m0, 'trackhub/gps', ... (219 bytes))
1779355851: Sending PUBLISH to trackhub-laravel-subscriber (d0, q0, r0, m0, 'trackhub/gps', ... (219 bytes))
1779355852: Received PINGREQ from esp32-gps-01-32a50528
1779355852: Sending PINGRESP to esp32-gps-01-32a50528
1779355855: Received PUBLISH from esp32-gps-01-32a50528 (d0, q0, r0, m0, 'trackhub/gps', ... (237 bytes))
1779355855: Sending PUBLISH to trackhub-laravel-subscriber (d0, q0, r0, m0, 'trackhub/gps', ... (237 bytes))
1779355859: Received PUBLISH from esp32-gps-01-32a50528 (d0, q0, r0, m0, 'trackhub/gps', ... (221 bytes))
1779355859: Sending PUBLISH to trackhub-laravel-subscriber (d0, q0, r0, m0, 'trackhub/gps', ... (221 bytes))
1779355864: Received PUBLISH from esp32-gps-01-32a50528 (d0, q0, r0, m0, 'trackhub/gps', ... (262 bytes))
1779355864: Sending PUBLISH to trackhub-laravel-subscriber (d0, q0, r0, m0, 'trackhub/gps', ... (262 bytes))
1779355865: Client trackhub-laravel-subscriber has exceeded timeout, disconnecting.
1779355867: Received PINGREQ from esp32-gps-01-32a50528
1779355867: Sending PINGRESP to esp32-gps-01-32a50528
1779355868: Received PUBLISH from esp32-gps-01-32a50528 (d0, q0, r0, m0, 'trackhub/gps', ... (236 bytes))
1779355870: New connection from 192.168.167.167:52961 on port 1883.
1779355870: New client connected from 192.168.167.167:52961 as trackhub-laravel-subscriber (p2, c1, k30).
1779355870: No will message specified.
1779355870: Sending CONNACK to trackhub-laravel-subscriber (0, 0)
1779355870: Received SUBSCRIBE from trackhub-laravel-subscriber
1779355870: 	trackhub/gps (QoS 0)
1779355870: trackhub-laravel-subscriber 0 trackhub/gps
1779355870: Sending SUBACK to trackhub-laravel-subscriber
1779355873: Received PUBLISH from esp32-gps-01-32a50528 (d0, q0, r0, m0, 'trackhub/gps', ... (219 bytes))
1779355873: Sending PUBLISH to trackhub-laravel-subscriber (d0, q0, r0, m0, 'trackhub/gps', ... (219 bytes))
1779355877: Received PUBLISH from esp32-gps-01-32a50528 (d0, q0, r0, m0, 'trackhub/gps', ... (256 bytes))
1779355877: Sending PUBLISH to trackhub-laravel-subscriber (d0, q0, r0, m0, 'trackhub/gps', ... (256 bytes))
1779355882: Received PUBLISH from esp32-gps-01-32a50528 (d0, q0, r0, m0, 'trackhub/gps', ... (219 bytes))
1779355882: Sending PUBLISH to trackhub-laravel-subscriber (d0, q0, r0, m0, 'trackhub/gps', ... (219 bytes))
1779355883: Received PINGREQ from esp32-gps-01-32a50528
1779355883: Sending PINGRESP to esp32-gps-01-32a50528
1779355886: Received PUBLISH from esp32-gps-01-32a50528 (d0, q0, r0, m0, 'trackhub/gps', ... (237 bytes))
1779355886: Sending PUBLISH to trackhub-laravel-subscriber (d0, q0, r0, m0, 'trackhub/gps', ... (237 bytes))
1779355890: Received PUBLISH from esp32-gps-01-32a50528 (d0, q0, r0, m0, 'trackhub/gps', ... (263 bytes))
1779355890: Sending PUBLISH to trackhub-laravel-subscriber (d0, q0, r0, m0, 'trackhub/gps', ... (263 bytes))
1779355895: Received PUBLISH from esp32-gps-01-32a50528 (d0, q0, r0, m0, 'trackhub/gps', ... (241 bytes))
1779355895: Sending PUBLISH to trackhub-laravel-subscriber (d0, q0, r0, m0, 'trackhub/gps', ... (241 bytes))
1779355898: Received PINGREQ from esp32-gps-01-32a50528
1779355898: Sending PINGRESP to esp32-gps-01-32a50528
1779355899: Received PUBLISH from esp32-gps-01-32a50528 (d0, q0, r0, m0, 'trackhub/gps', ... (255 bytes))
1779355899: Sending PUBLISH to trackhub-laravel-subscriber (d0, q0, r0, m0, 'trackhub/gps', ... (255 bytes))
1779355904: Received PUBLISH from esp32-gps-01-32a50528 (d0, q0, r0, m0, 'trackhub/gps', ... (219 bytes))
1779355904: Sending PUBLISH to trackhub-laravel-subscriber (d0, q0, r0, m0, 'trackhub/gps', ... (219 bytes))
1779355908: Received PUBLISH from esp32-gps-01-32a50528 (d0, q0, r0, m0, 'trackhub/gps', ... (256 bytes))
1779355908: Sending PUBLISH to trackhub-laravel-subscriber (d0, q0, r0, m0, 'trackhub/gps', ... (256 bytes))
1779355913: Received PUBLISH from esp32-gps-01-32a50528 (d0, q0, r0, m0, 'trackhub/gps', ... (219 bytes))
1779355913: Sending PUBLISH to trackhub-laravel-subscriber (d0, q0, r0, m0, 'trackhub/gps', ... (219 bytes))
1779355914: Received PINGREQ from esp32-gps-01-32a50528
1779355914: Sending PINGRESP to esp32-gps-01-32a50528
1779355916: Client trackhub-laravel-subscriber has exceeded timeout, disconnecting.
1779355917: Received PUBLISH from esp32-gps-01-32a50528 (d0, q0, r0, m0, 'trackhub/gps', ... (237 bytes))
1779355921: New connection from 192.168.167.167:54376 on port 1883.
1779355921: New client connected from 192.168.167.167:54376 as trackhub-laravel-subscriber (p2, c1, k30).
1779355921: No will message specified.
1779355921: Sending CONNACK to trackhub-laravel-subscriber (0, 0)
1779355921: Received SUBSCRIBE from trackhub-laravel-subscriber
1779355921: 	trackhub/gps (QoS 0)
1779355921: trackhub-laravel-subscriber 0 trackhub/gps
1779355921: Sending SUBACK to trackhub-laravel-subscriber
1779355921: Received PUBLISH from esp32-gps-01-32a50528 (d0, q0, r0, m0, 'trackhub/gps', ... (226 bytes))
1779355921: Sending PUBLISH to trackhub-laravel-subscriber (d0, q0, r0, m0, 'trackhub/gps', ... (226 bytes))
1779355926: Received PUBLISH from esp32-gps-01-32a50528 (d0, q0, r0, m0, 'trackhub/gps', ... (241 bytes))
1779355926: Sending PUBLISH to trackhub-laravel-subscriber (d0, q0, r0, m0, 'trackhub/gps', ... (241 bytes))
1779355929: Received PINGREQ from esp32-gps-01-32a50528
1779355929: Sending PINGRESP to esp32-gps-01-32a50528
1779355930: Received PUBLISH from esp32-gps-01-32a50528 (d0, q0, r0, m0, 'trackhub/gps', ... (221 bytes))
1779355930: Sending PUBLISH to trackhub-laravel-subscriber (d0, q0, r0, m0, 'trackhub/gps', ... (221 bytes))
1779355935: Received PUBLISH from esp32-gps-01-32a50528 (d0, q0, r0, m0, 'trackhub/gps', ... (219 bytes))
1779355935: Sending PUBLISH to trackhub-laravel-subscriber (d0, q0, r0, m0, 'trackhub/gps', ... (219 bytes))
1779355939: Received PUBLISH from esp32-gps-01-32a50528 (d0, q0, r0, m0, 'trackhub/gps', ... (260 bytes))
1779355939: Sending PUBLISH to trackhub-laravel-subscriber (d0, q0, r0, m0, 'trackhub/gps', ... (260 bytes))
1779355944: Received PUBLISH from esp32-gps-01-32a50528 (d0, q0, r0, m0, 'trackhub/gps', ... (219 bytes))
1779355944: Sending PUBLISH to trackhub-laravel-subscriber (d0, q0, r0, m0, 'trackhub/gps', ... (219 bytes))
1779355945: Received PINGREQ from esp32-gps-01-32a50528
1779355945: Sending PINGRESP to esp32-gps-01-32a50528
1779355948: Received PUBLISH from esp32-gps-01-32a50528 (d0, q0, r0, m0, 'trackhub/gps', ... (253 bytes))
1779355948: Sending PUBLISH to trackhub-laravel-subscriber (d0, q0, r0, m0, 'trackhub/gps', ... (253 bytes))
1779355952: Received PUBLISH from esp32-gps-01-32a50528 (d0, q0, r0, m0, 'trackhub/gps', ... (227 bytes))
1779355952: Sending PUBLISH to trackhub-laravel-subscriber (d0, q0, r0, m0, 'trackhub/gps', ... (227 bytes))
1779355957: Received PUBLISH from esp32-gps-01-32a50528 (d0, q0, r0, m0, 'trackhub/gps', ... (239 bytes))
1779355957: Sending PUBLISH to trackhub-laravel-subscriber (d0, q0, r0, m0, 'trackhub/gps', ... (239 bytes))
1779355960: Received PINGREQ from esp32-gps-01-32a50528
1779355960: Sending PINGRESP to esp32-gps-01-32a50528
1779355961: Received PUBLISH from esp32-gps-01-32a50528 (d0, q0, r0, m0, 'trackhub/gps', ... (220 bytes))
1779355961: Sending PUBLISH to trackhub-laravel-subscriber (d0, q0, r0, m0, 'trackhub/gps', ... (220 bytes))
1779355966: Received PUBLISH from esp32-gps-01-32a50528 (d0, q0, r0, m0, 'trackhub/gps', ... (219 bytes))
1779355966: Sending PUBLISH to trackhub-laravel-subscriber (d0, q0, r0, m0, 'trackhub/gps', ... (219 bytes))
1779355967: Client trackhub-laravel-subscriber has exceeded timeout, disconnecting.
1779355970: Received PUBLISH from esp32-gps-01-32a50528 (d0, q0, r0, m0, 'trackhub/gps', ... (260 bytes))
1779355972: New connection from 192.168.167.167:62102 on port 1883.
1779355972: New client connected from 192.168.167.167:62102 as trackhub-laravel-subscriber (p2, c1, k30).
1779355972: No will message specified.
1779355972: Sending CONNACK to trackhub-laravel-subscriber (0, 0)
1779355972: Received SUBSCRIBE from trackhub-laravel-subscriber
1779355972: 	trackhub/gps (QoS 0)
1779355972: trackhub-laravel-subscriber 0 trackhub/gps
1779355972: Sending SUBACK to trackhub-laravel-subscriber
1779355975: Received PUBLISH from esp32-gps-01-32a50528 (d0, q0, r0, m0, 'trackhub/gps', ... (219 bytes))
1779355975: Sending PUBLISH to trackhub-laravel-subscriber (d0, q0, r0, m0, 'trackhub/gps', ... (219 bytes))
1779355976: Received PINGREQ from esp32-gps-01-32a50528
1779355976: Sending PINGRESP to esp32-gps-01-32a50528
1779355979: Received PUBLISH from esp32-gps-01-32a50528 (d0, q0, r0, m0, 'trackhub/gps', ... (252 bytes))
1779355979: Sending PUBLISH to trackhub-laravel-subscriber (d0, q0, r0, m0, 'trackhub/gps', ... (252 bytes))
1779355983: Received PUBLISH from esp32-gps-01-32a50528 (d0, q0, r0, m0, 'trackhub/gps', ... (226 bytes))
1779355983: Sending PUBLISH to trackhub-laravel-subscriber (d0, q0, r0, m0, 'trackhub/gps', ... (226 bytes))
1779355988: Received PUBLISH from esp32-gps-01-32a50528 (d0, q0, r0, m0, 'trackhub/gps', ... (243 bytes))
1779355988: Sending PUBLISH to trackhub-laravel-subscriber (d0, q0, r0, m0, 'trackhub/gps', ... (243 bytes))
1779355991: Received PINGREQ from esp32-gps-01-32a50528
1779355991: Sending PINGRESP to esp32-gps-01-32a50528
1779355992: Received PUBLISH from esp32-gps-01-32a50528 (d0, q0, r0, m0, 'trackhub/gps', ... (221 bytes))
1779355992: Sending PUBLISH to trackhub-laravel-subscriber (d0, q0, r0, m0, 'trackhub/gps', ... (221 bytes))
1779355997: Received PUBLISH from esp32-gps-01-32a50528 (d0, q0, r0, m0, 'trackhub/gps', ... (262 bytes))
1779355997: Sending PUBLISH to trackhub-laravel-subscriber (d0, q0, r0, m0, 'trackhub/gps', ... (262 bytes))
1779356001: Received PUBLISH from esp32-gps-01-32a50528 (d0, q0, r0, m0, 'trackhub/gps', ... (236 bytes))
1779356001: Sending PUBLISH to trackhub-laravel-subscriber (d0, q0, r0, m0, 'trackhub/gps', ... (236 bytes))
1779356006: Received PUBLISH from esp32-gps-01-32a50528 (d0, q0, r0, m0, 'trackhub/gps', ... (219 bytes))
1779356006: Sending PUBLISH to trackhub-laravel-subscriber (d0, q0, r0, m0, 'trackhub/gps', ... (219 bytes))
1779356007: Received PINGREQ from esp32-gps-01-32a50528
1779356007: Sending PINGRESP to esp32-gps-01-32a50528
1779356010: Received PUBLISH from esp32-gps-01-32a50528 (d0, q0, r0, m0, 'trackhub/gps', ... (253 bytes))
1779356010: Sending PUBLISH to trackhub-laravel-subscriber (d0, q0, r0, m0, 'trackhub/gps', ... (253 bytes))
1779356014: Received PUBLISH from esp32-gps-01-32a50528 (d0, q0, r0, m0, 'trackhub/gps', ... (227 bytes))
1779356014: Sending PUBLISH to trackhub-laravel-subscriber (d0, q0, r0, m0, 'trackhub/gps', ... (227 bytes))
1779356018: Client trackhub-laravel-subscriber has exceeded timeout, disconnecting.
1779356019: Received PUBLISH from esp32-gps-01-32a50528 (d0, q0, r0, m0, 'trackhub/gps', ... (245 bytes))
1779356022: Received PINGREQ from esp32-gps-01-32a50528
1779356022: Sending PINGRESP to esp32-gps-01-32a50528
1779356023: New connection from 192.168.167.167:58598 on port 1883.
1779356023: New client connected from 192.168.167.167:58598 as trackhub-laravel-subscriber (p2, c1, k30).
1779356023: No will message specified.
1779356023: Sending CONNACK to trackhub-laravel-subscriber (0, 0)
1779356023: Received SUBSCRIBE from trackhub-laravel-subscriber
1779356023: 	trackhub/gps (QoS 0)
1779356023: trackhub-laravel-subscriber 0 trackhub/gps
1779356023: Sending SUBACK to trackhub-laravel-subscriber
1779356023: Received PUBLISH from esp32-gps-01-32a50528 (d0, q0, r0, m0, 'trackhub/gps', ... (221 bytes))
1779356023: Sending PUBLISH to trackhub-laravel-subscriber (d0, q0, r0, m0, 'trackhub/gps', ... (221 bytes))
1779356028: Received PUBLISH from esp32-gps-01-32a50528 (d0, q0, r0, m0, 'trackhub/gps', ... (262 bytes))
1779356028: Sending PUBLISH to trackhub-laravel-subscriber (d0, q0, r0, m0, 'trackhub/gps', ... (262 bytes))
1779356032: Received PUBLISH from esp32-gps-01-32a50528 (d0, q0, r0, m0, 'trackhub/gps', ... (236 bytes))
1779356032: Sending PUBLISH to trackhub-laravel-subscriber (d0, q0, r0, m0, 'trackhub/gps', ... (236 bytes))
1779356037: Received PUBLISH from esp32-gps-01-32a50528 (d0, q0, r0, m0, 'trackhub/gps', ... (219 bytes))
1779356037: Sending PUBLISH to trackhub-laravel-subscriber (d0, q0, r0, m0, 'trackhub/gps', ... (219 bytes))
1779356038: Received PINGREQ from esp32-gps-01-32a50528
1779356038: Sending PINGRESP to esp32-gps-01-32a50528
1779356041: Received PUBLISH from esp32-gps-01-32a50528 (d0, q0, r0, m0, 'trackhub/gps', ... (253 bytes))
1779356041: Sending PUBLISH to trackhub-laravel-subscriber (d0, q0, r0, m0, 'trackhub/gps', ... (253 bytes))
1779356046: Received PUBLISH from esp32-gps-01-32a50528 (d0, q0, r0, m0, 'trackhub/gps', ... (228 bytes))
1779356046: Sending PUBLISH to trackhub-laravel-subscriber (d0, q0, r0, m0, 'trackhub/gps', ... (228 bytes))
1779356050: Received PUBLISH from esp32-gps-01-32a50528 (d0, q0, r0, m0, 'trackhub/gps', ... (246 bytes))
1779356050: Sending PUBLISH to trackhub-laravel-subscriber (d0, q0, r0, m0, 'trackhub/gps', ... (246 bytes))
1779356053: Received PINGREQ from esp32-gps-01-32a50528
1779356053: Sending PINGRESP to esp32-gps-01-32a50528
1779356054: Received PUBLISH from esp32-gps-01-32a50528 (d0, q0, r0, m0, 'trackhub/gps', ... (222 bytes))
1779356054: Sending PUBLISH to trackhub-laravel-subscriber (d0, q0, r0, m0, 'trackhub/gps', ... (222 bytes))
1779356059: Received PUBLISH from esp32-gps-01-32a50528 (d0, q0, r0, m0, 'trackhub/gps', ... (264 bytes))
1779356059: Sending PUBLISH to trackhub-laravel-subscriber (d0, q0, r0, m0, 'trackhub/gps', ... (264 bytes))
1779356063: Received PUBLISH from esp32-gps-01-32a50528 (d0, q0, r0, m0, 'trackhub/gps', ... (237 bytes))
1779356063: Sending PUBLISH to trackhub-laravel-subscriber (d0, q0, r0, m0, 'trackhub/gps', ... (237 bytes))
1779356068: Received PUBLISH from esp32-gps-01-32a50528 (d0, q0, r0, m0, 'trackhub/gps', ... (220 bytes))
1779356068: Sending PUBLISH to trackhub-laravel-subscriber (d0, q0, r0, m0, 'trackhub/gps', ... (220 bytes))
1779356069: Client trackhub-laravel-subscriber has exceeded timeout, disconnecting.
1779356069: Received PINGREQ from esp32-gps-01-32a50528
1779356069: Sending PINGRESP to esp32-gps-01-32a50528
1779356072: Received PUBLISH from esp32-gps-01-32a50528 (d0, q0, r0, m0, 'trackhub/gps', ... (257 bytes))
1779356074: New connection from 192.168.167.167:51080 on port 1883.
1779356074: New client connected from 192.168.167.167:51080 as trackhub-laravel-subscriber (p2, c1, k30).
1779356074: No will message specified.
1779356074: Sending CONNACK to trackhub-laravel-subscriber (0, 0)
1779356074: Received SUBSCRIBE from trackhub-laravel-subscriber
1779356074: 	trackhub/gps (QoS 0)
1779356074: trackhub-laravel-subscriber 0 trackhub/gps
1779356074: Sending SUBACK to trackhub-laravel-subscriber
1779356077: Received PUBLISH from esp32-gps-01-32a50528 (d0, q0, r0, m0, 'trackhub/gps', ... (220 bytes))
1779356077: Sending PUBLISH to trackhub-laravel-subscriber (d0, q0, r0, m0, 'trackhub/gps', ... (220 bytes))
1779356081: Received PUBLISH from esp32-gps-01-32a50528 (d0, q0, r0, m0, 'trackhub/gps', ... (238 bytes))
1779356081: Sending PUBLISH to trackhub-laravel-subscriber (d0, q0, r0, m0, 'trackhub/gps', ... (238 bytes))
1779356084: Received PINGREQ from esp32-gps-01-32a50528
1779356084: Sending PINGRESP to esp32-gps-01-32a50528
1779356085: Received PUBLISH from esp32-gps-01-32a50528 (d0, q0, r0, m0, 'trackhub/gps', ... (222 bytes))
1779356085: Sending PUBLISH to trackhub-laravel-subscriber (d0, q0, r0, m0, 'trackhub/gps', ... (222 bytes))
1779356090: Received PUBLISH from esp32-gps-01-32a50528 (d0, q0, r0, m0, 'trackhub/gps', ... (264 bytes))
1779356090: Sending PUBLISH to trackhub-laravel-subscriber (d0, q0, r0, m0, 'trackhub/gps', ... (264 bytes))
1779356094: Received PUBLISH from esp32-gps-01-32a50528 (d0, q0, r0, m0, 'trackhub/gps', ... (237 bytes))
1779356094: Sending PUBLISH to trackhub-laravel-subscriber (d0, q0, r0, m0, 'trackhub/gps', ... (237 bytes))
1779356099: Received PUBLISH from esp32-gps-01-32a50528 (d0, q0, r0, m0, 'trackhub/gps', ... (220 bytes))
1779356099: Sending PUBLISH to trackhub-laravel-subscriber (d0, q0, r0, m0, 'trackhub/gps', ... (220 bytes))
1779356100: Received PINGREQ from esp32-gps-01-32a50528
1779356100: Sending PINGRESP to esp32-gps-01-32a50528
1779356103: Received PUBLISH from esp32-gps-01-32a50528 (d0, q0, r0, m0, 'trackhub/gps', ... (259 bytes))
1779356103: Sending PUBLISH to trackhub-laravel-subscriber (d0, q0, r0, m0, 'trackhub/gps', ... (259 bytes))
1779356108: Received PUBLISH from esp32-gps-01-32a50528 (d0, q0, r0, m0, 'trackhub/gps', ... (220 bytes))
1779356108: Sending PUBLISH to trackhub-laravel-subscriber (d0, q0, r0, m0, 'trackhub/gps', ... (220 bytes))
1779356118: Received PINGREQ from trackhub-laravel-subscriber
1779356118: Sending PINGRESP to trackhub-laravel-subscriber
1779356128: Received PINGREQ from trackhub-laravel-subscriber
1779356128: Sending PINGRESP to trackhub-laravel-subscriber
1779356130: Client esp32-gps-01-32a50528 has exceeded timeout, disconnecting.
1779356131: Saving in-memory database to D:\gpstracker\MQTT\mosquitto\data\\mosquitto.db.
1779356138: Received PINGREQ from trackhub-laravel-subscriber
1779356138: Sending PINGRESP to trackhub-laravel-subscriber
1779356148: Received PINGREQ from trackhub-laravel-subscriber
1779356148: Sending PINGRESP to trackhub-laravel-subscriber
1779356150: Client trackhub-laravel-subscriber closed its connection.
1782355124: mosquitto version 2.0.22 starting
1782355124: Config loaded from ..\mosquitto-local.conf.
1782355124: Opening ipv4 listen socket on port 1883.
1782355124: mosquitto version 2.0.22 running
1782355496: mosquitto version 2.0.22 terminating
1782355496: Saving in-memory database to D:\gpstracker\MQTT\mosquitto\data\\mosquitto.db.
1782721268: mosquitto version 2.0.22 starting
1782721268: Config loaded from D:\gpstracker\MQTT\mosquitto-local.conf.
1782721268: Opening ipv4 listen socket on port 1883.
1782721268: mosquitto version 2.0.22 running
1782721534: New connection from 10.236.38.167:54678 on port 1883.
1782721534: New client connected from 10.236.38.167:54678 as trackhub-laravel-subscriber (p2, c1, k30).
1782721534: No will message specified.
1782721534: Sending CONNACK to trackhub-laravel-subscriber (0, 0)
1782721534: Received SUBSCRIBE from trackhub-laravel-subscriber
1782721534: 	trackhub/gps (QoS 0)
1782721534: trackhub-laravel-subscriber 0 trackhub/gps
1782721534: Sending SUBACK to trackhub-laravel-subscriber
1782721544: Received PINGREQ from trackhub-laravel-subscriber
1782721544: Sending PINGRESP to trackhub-laravel-subscriber
1782721554: Received PINGREQ from trackhub-laravel-subscriber
1782721554: Sending PINGRESP to trackhub-laravel-subscriber
1782721564: Received PINGREQ from trackhub-laravel-subscriber
1782721564: Sending PINGRESP to trackhub-laravel-subscriber
1782721574: Received PINGREQ from trackhub-laravel-subscriber
1782721574: Sending PINGRESP to trackhub-laravel-subscriber
1782721584: Received PINGREQ from trackhub-laravel-subscriber
1782721584: Sending PINGRESP to trackhub-laravel-subscriber
1782721594: Received PINGREQ from trackhub-laravel-subscriber
1782721594: Sending PINGRESP to trackhub-laravel-subscriber
1782721604: Received PINGREQ from trackhub-laravel-subscriber
1782721604: Sending PINGRESP to trackhub-laravel-subscriber
1782721614: Received PINGREQ from trackhub-laravel-subscriber
1782721614: Sending PINGRESP to trackhub-laravel-subscriber
1782721624: Received PINGREQ from trackhub-laravel-subscriber
1782721624: Sending PINGRESP to trackhub-laravel-subscriber
1782721634: Received PINGREQ from trackhub-laravel-subscriber
1782721634: Sending PINGRESP to trackhub-laravel-subscriber
1782721644: Received PINGREQ from trackhub-laravel-subscriber
1782721644: Sending PINGRESP to trackhub-laravel-subscriber
1782721654: Received PINGREQ from trackhub-laravel-subscriber
1782721654: Sending PINGRESP to trackhub-laravel-subscriber
1782721664: Received PINGREQ from trackhub-laravel-subscriber
1782721664: Sending PINGRESP to trackhub-laravel-subscriber
1782721674: Received PINGREQ from trackhub-laravel-subscriber
1782721674: Sending PINGRESP to trackhub-laravel-subscriber
1782721684: Received PINGREQ from trackhub-laravel-subscriber
1782721684: Sending PINGRESP to trackhub-laravel-subscriber
1782721694: Received PINGREQ from trackhub-laravel-subscriber
1782721694: Sending PINGRESP to trackhub-laravel-subscriber
1782721704: Received PINGREQ from trackhub-laravel-subscriber
1782721704: Sending PINGRESP to trackhub-laravel-subscriber
1782721714: Received PINGREQ from trackhub-laravel-subscriber
1782721714: Sending PINGRESP to trackhub-laravel-subscriber
1782721724: Received PINGREQ from trackhub-laravel-subscriber
1782721724: Sending PINGRESP to trackhub-laravel-subscriber
1782721734: Received PINGREQ from trackhub-laravel-subscriber
1782721734: Sending PINGRESP to trackhub-laravel-subscriber
1782721744: Received PINGREQ from trackhub-laravel-subscriber
1782721744: Sending PINGRESP to trackhub-laravel-subscriber
1782721754: Received PINGREQ from trackhub-laravel-subscriber
1782721754: Sending PINGRESP to trackhub-laravel-subscriber
1782721764: Received PINGREQ from trackhub-laravel-subscriber
1782721764: Sending PINGRESP to trackhub-laravel-subscriber
1782721774: Received PINGREQ from trackhub-laravel-subscriber
1782721774: Sending PINGRESP to trackhub-laravel-subscriber
1782721784: Received PINGREQ from trackhub-laravel-subscriber
1782721784: Sending PINGRESP to trackhub-laravel-subscriber
1782721794: Received PINGREQ from trackhub-laravel-subscriber
1782721794: Sending PINGRESP to trackhub-laravel-subscriber
1782721804: Received PINGREQ from trackhub-laravel-subscriber
1782721804: Sending PINGRESP to trackhub-laravel-subscriber
1782721814: Received PINGREQ from trackhub-laravel-subscriber
1782721814: Sending PINGRESP to trackhub-laravel-subscriber
1782721824: Received PINGREQ from trackhub-laravel-subscriber
1782721824: Sending PINGRESP to trackhub-laravel-subscriber
1782721834: Received PINGREQ from trackhub-laravel-subscriber
1782721834: Sending PINGRESP to trackhub-laravel-subscriber
1782721844: Received PINGREQ from trackhub-laravel-subscriber
1782721844: Sending PINGRESP to trackhub-laravel-subscriber
1782721854: Received PINGREQ from trackhub-laravel-subscriber
1782721854: Sending PINGRESP to trackhub-laravel-subscriber
1782721864: Received PINGREQ from trackhub-laravel-subscriber
1782721864: Sending PINGRESP to trackhub-laravel-subscriber
1782721874: Received PINGREQ from trackhub-laravel-subscriber
1782721874: Sending PINGRESP to trackhub-laravel-subscriber
1782721884: Received PINGREQ from trackhub-laravel-subscriber
1782721884: Sending PINGRESP to trackhub-laravel-subscriber
1782721894: Received PINGREQ from trackhub-laravel-subscriber
1782721894: Sending PINGRESP to trackhub-laravel-subscriber
1782721904: Received PINGREQ from trackhub-laravel-subscriber
1782721904: Sending PINGRESP to trackhub-laravel-subscriber
1782721914: Received PINGREQ from trackhub-laravel-subscriber
1782721914: Sending PINGRESP to trackhub-laravel-subscriber
1782721924: Received PINGREQ from trackhub-laravel-subscriber
1782721924: Sending PINGRESP to trackhub-laravel-subscriber
1782721934: Received PINGREQ from trackhub-laravel-subscriber
1782721934: Sending PINGRESP to trackhub-laravel-subscriber
1782721944: Received PINGREQ from trackhub-laravel-subscriber
1782721944: Sending PINGRESP to trackhub-laravel-subscriber
1782721954: Received PINGREQ from trackhub-laravel-subscriber
1782721954: Sending PINGRESP to trackhub-laravel-subscriber
1782721964: Received PINGREQ from trackhub-laravel-subscriber
1782721964: Sending PINGRESP to trackhub-laravel-subscriber
1782721974: Received PINGREQ from trackhub-laravel-subscriber
1782721974: Sending PINGRESP to trackhub-laravel-subscriber
1782721984: Received PINGREQ from trackhub-laravel-subscriber
1782721984: Sending PINGRESP to trackhub-laravel-subscriber
1782721994: Received PINGREQ from trackhub-laravel-subscriber
1782721994: Sending PINGRESP to trackhub-laravel-subscriber
1782722004: Received PINGREQ from trackhub-laravel-subscriber
1782722004: Sending PINGRESP to trackhub-laravel-subscriber
1782722014: Received PINGREQ from trackhub-laravel-subscriber
1782722014: Sending PINGRESP to trackhub-laravel-subscriber
1782722024: Received PINGREQ from trackhub-laravel-subscriber
1782722024: Sending PINGRESP to trackhub-laravel-subscriber
1782722034: Received PINGREQ from trackhub-laravel-subscriber
1782722034: Sending PINGRESP to trackhub-laravel-subscriber
1782722044: Received PINGREQ from trackhub-laravel-subscriber
1782722044: Sending PINGRESP to trackhub-laravel-subscriber
1782722054: Received PINGREQ from trackhub-laravel-subscriber
1782722054: Sending PINGRESP to trackhub-laravel-subscriber
1782722057: Client trackhub-laravel-subscriber closed its connection.
1782722063: mosquitto version 2.0.22 terminating
1782722063: Saving in-memory database to D:\gpstracker\MQTT\mosquitto\data\\mosquitto.db.
1783004231: mosquitto version 2.0.22 starting
1783004231: Config loaded from D:\gpstracker\MQTT\mosquitto-local.conf.
1783004231: Opening ipv4 listen socket on port 1883.
1783004231: mosquitto version 2.0.22 running
1783004256: New connection from 192.168.141.167:51857 on port 1883.
1783004256: New client connected from 192.168.141.167:51857 as trackhub-laravel-subscriber (p2, c1, k30).
1783004256: No will message specified.
1783004256: Sending CONNACK to trackhub-laravel-subscriber (0, 0)
1783004256: Received SUBSCRIBE from trackhub-laravel-subscriber
1783004256: 	trackhub/gps (QoS 0)
1783004256: trackhub-laravel-subscriber 0 trackhub/gps
1783004256: Sending SUBACK to trackhub-laravel-subscriber
1783004266: Received PINGREQ from trackhub-laravel-subscriber
1783004266: Sending PINGRESP to trackhub-laravel-subscriber
1783004276: Received PINGREQ from trackhub-laravel-subscriber
1783004276: Sending PINGRESP to trackhub-laravel-subscriber
1783004286: Received PINGREQ from trackhub-laravel-subscriber
1783004286: Sending PINGRESP to trackhub-laravel-subscriber
1783004296: Received PINGREQ from trackhub-laravel-subscriber
1783004296: Sending PINGRESP to trackhub-laravel-subscriber
1783004306: Received PINGREQ from trackhub-laravel-subscriber
1783004306: Sending PINGRESP to trackhub-laravel-subscriber
1783004316: Received PINGREQ from trackhub-laravel-subscriber
1783004316: Sending PINGRESP to trackhub-laravel-subscriber
1783004326: Received PINGREQ from trackhub-laravel-subscriber
1783004326: Sending PINGRESP to trackhub-laravel-subscriber
1783004336: Received PINGREQ from trackhub-laravel-subscriber
1783004336: Sending PINGRESP to trackhub-laravel-subscriber
1783004346: Received PINGREQ from trackhub-laravel-subscriber
1783004346: Sending PINGRESP to trackhub-laravel-subscriber
1783004356: Received PINGREQ from trackhub-laravel-subscriber
1783004356: Sending PINGRESP to trackhub-laravel-subscriber
1783004366: Received PINGREQ from trackhub-laravel-subscriber
1783004366: Sending PINGRESP to trackhub-laravel-subscriber
1783004376: Received PINGREQ from trackhub-laravel-subscriber
1783004376: Sending PINGRESP to trackhub-laravel-subscriber
1783004386: Received PINGREQ from trackhub-laravel-subscriber
1783004386: Sending PINGRESP to trackhub-laravel-subscriber
1783004396: Received PINGREQ from trackhub-laravel-subscriber
1783004396: Sending PINGRESP to trackhub-laravel-subscriber
1783004406: Received PINGREQ from trackhub-laravel-subscriber
1783004406: Sending PINGRESP to trackhub-laravel-subscriber
1783004416: Received PINGREQ from trackhub-laravel-subscriber
1783004416: Sending PINGRESP to trackhub-laravel-subscriber
1783004426: Received PINGREQ from trackhub-laravel-subscriber
1783004426: Sending PINGRESP to trackhub-laravel-subscriber
1783004436: Received PINGREQ from trackhub-laravel-subscriber
1783004436: Sending PINGRESP to trackhub-laravel-subscriber
1783004446: Received PINGREQ from trackhub-laravel-subscriber
1783004446: Sending PINGRESP to trackhub-laravel-subscriber
1783004456: Received PINGREQ from trackhub-laravel-subscriber
1783004456: Sending PINGRESP to trackhub-laravel-subscriber
1783004466: Received PINGREQ from trackhub-laravel-subscriber
1783004466: Sending PINGRESP to trackhub-laravel-subscriber
1783004476: Received PINGREQ from trackhub-laravel-subscriber
1783004476: Sending PINGRESP to trackhub-laravel-subscriber
1783004486: Received PINGREQ from trackhub-laravel-subscriber
1783004486: Sending PINGRESP to trackhub-laravel-subscriber
1783004496: Received PINGREQ from trackhub-laravel-subscriber
1783004496: Sending PINGRESP to trackhub-laravel-subscriber
1783004506: Received PINGREQ from trackhub-laravel-subscriber
1783004506: Sending PINGRESP to trackhub-laravel-subscriber
1783004516: Received PINGREQ from trackhub-laravel-subscriber
1783004516: Sending PINGRESP to trackhub-laravel-subscriber
1783004526: Received PINGREQ from trackhub-laravel-subscriber
1783004526: Sending PINGRESP to trackhub-laravel-subscriber
1783004536: Received PINGREQ from trackhub-laravel-subscriber
1783004536: Sending PINGRESP to trackhub-laravel-subscriber
1783004546: Received PINGREQ from trackhub-laravel-subscriber
1783004546: Sending PINGRESP to trackhub-laravel-subscriber
1783004556: Received PINGREQ from trackhub-laravel-subscriber
1783004556: Sending PINGRESP to trackhub-laravel-subscriber
1783004566: Received PINGREQ from trackhub-laravel-subscriber
1783004566: Sending PINGRESP to trackhub-laravel-subscriber
1783004576: Received PINGREQ from trackhub-laravel-subscriber
1783004576: Sending PINGRESP to trackhub-laravel-subscriber
1783004586: Received PINGREQ from trackhub-laravel-subscriber
1783004586: Sending PINGRESP to trackhub-laravel-subscriber
1783004596: Received PINGREQ from trackhub-laravel-subscriber
1783004596: Sending PINGRESP to trackhub-laravel-subscriber
1783004606: Received PINGREQ from trackhub-laravel-subscriber
1783004606: Sending PINGRESP to trackhub-laravel-subscriber
1783004617: Received PINGREQ from trackhub-laravel-subscriber
1783004617: Sending PINGRESP to trackhub-laravel-subscriber
1783004627: Received PINGREQ from trackhub-laravel-subscriber
1783004627: Sending PINGRESP to trackhub-laravel-subscriber
1783004637: Received PINGREQ from trackhub-laravel-subscriber
1783004637: Sending PINGRESP to trackhub-laravel-subscriber
1783004647: Received PINGREQ from trackhub-laravel-subscriber
1783004647: Sending PINGRESP to trackhub-laravel-subscriber
1783004657: Received PINGREQ from trackhub-laravel-subscriber
1783004657: Sending PINGRESP to trackhub-laravel-subscriber
1783004667: Received PINGREQ from trackhub-laravel-subscriber
1783004667: Sending PINGRESP to trackhub-laravel-subscriber
1783004677: Received PINGREQ from trackhub-laravel-subscriber
1783004677: Sending PINGRESP to trackhub-laravel-subscriber
1783004687: Received PINGREQ from trackhub-laravel-subscriber
1783004687: Sending PINGRESP to trackhub-laravel-subscriber
1783004697: Received PINGREQ from trackhub-laravel-subscriber
1783004697: Sending PINGRESP to trackhub-laravel-subscriber
1783004707: Received PINGREQ from trackhub-laravel-subscriber
1783004707: Sending PINGRESP to trackhub-laravel-subscriber
1783004717: Received PINGREQ from trackhub-laravel-subscriber
1783004717: Sending PINGRESP to trackhub-laravel-subscriber
1783004727: Received PINGREQ from trackhub-laravel-subscriber
1783004727: Sending PINGRESP to trackhub-laravel-subscriber
1783004737: Received PINGREQ from trackhub-laravel-subscriber
1783004737: Sending PINGRESP to trackhub-laravel-subscriber
1783004747: Received PINGREQ from trackhub-laravel-subscriber
1783004747: Sending PINGRESP to trackhub-laravel-subscriber
1783004757: Received PINGREQ from trackhub-laravel-subscriber
1783004757: Sending PINGRESP to trackhub-laravel-subscriber
1783004767: Received PINGREQ from trackhub-laravel-subscriber
1783004767: Sending PINGRESP to trackhub-laravel-subscriber
1783004777: Received PINGREQ from trackhub-laravel-subscriber
1783004777: Sending PINGRESP to trackhub-laravel-subscriber
1783004787: Received PINGREQ from trackhub-laravel-subscriber
1783004787: Sending PINGRESP to trackhub-laravel-subscriber
1783004797: Received PINGREQ from trackhub-laravel-subscriber
1783004797: Sending PINGRESP to trackhub-laravel-subscriber
1783004807: Received PINGREQ from trackhub-laravel-subscriber
1783004807: Sending PINGRESP to trackhub-laravel-subscriber
1783004817: Received PINGREQ from trackhub-laravel-subscriber
1783004817: Sending PINGRESP to trackhub-laravel-subscriber
1783004827: Received PINGREQ from trackhub-laravel-subscriber
1783004827: Sending PINGRESP to trackhub-laravel-subscriber
1783004831: mosquitto version 2.0.22 terminating
1783004831: Saving in-memory database to D:\gpstracker\MQTT\mosquitto\data\\mosquitto.db.
1783004858: mosquitto version 2.0.22 starting
1783004858: Config loaded from D:\gpstracker\MQTT\mosquitto-local.conf.
1783004858: Opening ipv4 listen socket on port 1883.
1783004858: mosquitto version 2.0.22 running
1783004863: New connection from 192.168.141.167:61812 on port 1883.
1783004863: New client connected from 192.168.141.167:61812 as trackhub-laravel-subscriber (p2, c1, k30).
1783004863: No will message specified.
1783004863: Sending CONNACK to trackhub-laravel-subscriber (0, 0)
1783004863: Received SUBSCRIBE from trackhub-laravel-subscriber
1783004863: 	trackhub/gps (QoS 0)
1783004863: trackhub-laravel-subscriber 0 trackhub/gps
1783004863: Sending SUBACK to trackhub-laravel-subscriber
1783004873: Received PINGREQ from trackhub-laravel-subscriber
1783004873: Sending PINGRESP to trackhub-laravel-subscriber
1783004883: Received PINGREQ from trackhub-laravel-subscriber
1783004883: Sending PINGRESP to trackhub-laravel-subscriber
1783004893: Received PINGREQ from trackhub-laravel-subscriber
1783004893: Sending PINGRESP to trackhub-laravel-subscriber
1783004903: Received PINGREQ from trackhub-laravel-subscriber
1783004903: Sending PINGRESP to trackhub-laravel-subscriber
1783004913: Received PINGREQ from trackhub-laravel-subscriber
1783004913: Sending PINGRESP to trackhub-laravel-subscriber
1783004923: Received PINGREQ from trackhub-laravel-subscriber
1783004923: Sending PINGRESP to trackhub-laravel-subscriber
1783004933: Received PINGREQ from trackhub-laravel-subscriber
1783004933: Sending PINGRESP to trackhub-laravel-subscriber
1783004943: Received PINGREQ from trackhub-laravel-subscriber
1783004943: Sending PINGRESP to trackhub-laravel-subscriber
1783004953: Received PINGREQ from trackhub-laravel-subscriber
1783004953: Sending PINGRESP to trackhub-laravel-subscriber
1783004963: Received PINGREQ from trackhub-laravel-subscriber
1783004963: Sending PINGRESP to trackhub-laravel-subscriber
1783004973: Received PINGREQ from trackhub-laravel-subscriber
1783004973: Sending PINGRESP to trackhub-laravel-subscriber
1783004983: Received PINGREQ from trackhub-laravel-subscriber
1783004983: Sending PINGRESP to trackhub-laravel-subscriber
1783004993: Received PINGREQ from trackhub-laravel-subscriber
1783004993: Sending PINGRESP to trackhub-laravel-subscriber
1783005003: Received PINGREQ from trackhub-laravel-subscriber
1783005003: Sending PINGRESP to trackhub-laravel-subscriber
1783005013: Received PINGREQ from trackhub-laravel-subscriber
1783005013: Sending PINGRESP to trackhub-laravel-subscriber
1783005023: Received PINGREQ from trackhub-laravel-subscriber
1783005023: Sending PINGRESP to trackhub-laravel-subscriber
1783005033: Received PINGREQ from trackhub-laravel-subscriber
1783005033: Sending PINGRESP to trackhub-laravel-subscriber
1783005043: Received PINGREQ from trackhub-laravel-subscriber
1783005043: Sending PINGRESP to trackhub-laravel-subscriber
1783005053: Received PINGREQ from trackhub-laravel-subscriber
1783005053: Sending PINGRESP to trackhub-laravel-subscriber
1783005063: Received PINGREQ from trackhub-laravel-subscriber
1783005063: Sending PINGRESP to trackhub-laravel-subscriber
1783005073: Received PINGREQ from trackhub-laravel-subscriber
1783005073: Sending PINGRESP to trackhub-laravel-subscriber
1783005083: Received PINGREQ from trackhub-laravel-subscriber
1783005083: Sending PINGRESP to trackhub-laravel-subscriber
1783005093: Received PINGREQ from trackhub-laravel-subscriber
1783005093: Sending PINGRESP to trackhub-laravel-subscriber
1783005103: Received PINGREQ from trackhub-laravel-subscriber
1783005103: Sending PINGRESP to trackhub-laravel-subscriber
1783005113: Received PINGREQ from trackhub-laravel-subscriber
1783005113: Sending PINGRESP to trackhub-laravel-subscriber
1783005123: Received PINGREQ from trackhub-laravel-subscriber
1783005123: Sending PINGRESP to trackhub-laravel-subscriber
1783005134: Received PINGREQ from trackhub-laravel-subscriber
1783005134: Sending PINGRESP to trackhub-laravel-subscriber
1783005144: Received PINGREQ from trackhub-laravel-subscriber
1783005144: Sending PINGRESP to trackhub-laravel-subscriber
1783005154: Received PINGREQ from trackhub-laravel-subscriber
1783005154: Sending PINGRESP to trackhub-laravel-subscriber
1783005164: Received PINGREQ from trackhub-laravel-subscriber
1783005164: Sending PINGRESP to trackhub-laravel-subscriber
1783005174: Received PINGREQ from trackhub-laravel-subscriber
1783005174: Sending PINGRESP to trackhub-laravel-subscriber
1783005184: Received PINGREQ from trackhub-laravel-subscriber
1783005184: Sending PINGRESP to trackhub-laravel-subscriber
1783005194: Received PINGREQ from trackhub-laravel-subscriber
1783005194: Sending PINGRESP to trackhub-laravel-subscriber
1783005204: Received PINGREQ from trackhub-laravel-subscriber
1783005204: Sending PINGRESP to trackhub-laravel-subscriber
1783005214: Received PINGREQ from trackhub-laravel-subscriber
1783005214: Sending PINGRESP to trackhub-laravel-subscriber
1783005224: Received PINGREQ from trackhub-laravel-subscriber
1783005224: Sending PINGRESP to trackhub-laravel-subscriber
1783005234: Received PINGREQ from trackhub-laravel-subscriber
1783005234: Sending PINGRESP to trackhub-laravel-subscriber
1783005244: Received PINGREQ from trackhub-laravel-subscriber
1783005244: Sending PINGRESP to trackhub-laravel-subscriber
1783005254: Received PINGREQ from trackhub-laravel-subscriber
1783005254: Sending PINGRESP to trackhub-laravel-subscriber
1783005264: Received PINGREQ from trackhub-laravel-subscriber
1783005264: Sending PINGRESP to trackhub-laravel-subscriber
1783005274: Received PINGREQ from trackhub-laravel-subscriber
1783005274: Sending PINGRESP to trackhub-laravel-subscriber
1783005284: Received PINGREQ from trackhub-laravel-subscriber
1783005284: Sending PINGRESP to trackhub-laravel-subscriber
1783005294: Received PINGREQ from trackhub-laravel-subscriber
1783005294: Sending PINGRESP to trackhub-laravel-subscriber
1783005304: Received PINGREQ from trackhub-laravel-subscriber
1783005304: Sending PINGRESP to trackhub-laravel-subscriber
1783005314: Received PINGREQ from trackhub-laravel-subscriber
1783005314: Sending PINGRESP to trackhub-laravel-subscriber
1783005324: Received PINGREQ from trackhub-laravel-subscriber
1783005324: Sending PINGRESP to trackhub-laravel-subscriber
1783005334: Received PINGREQ from trackhub-laravel-subscriber
1783005334: Sending PINGRESP to trackhub-laravel-subscriber
1783005344: Received PINGREQ from trackhub-laravel-subscriber
1783005344: Sending PINGRESP to trackhub-laravel-subscriber
1783005354: Received PINGREQ from trackhub-laravel-subscriber
1783005354: Sending PINGRESP to trackhub-laravel-subscriber
1783005364: Received PINGREQ from trackhub-laravel-subscriber
1783005364: Sending PINGRESP to trackhub-laravel-subscriber
1783005374: Received PINGREQ from trackhub-laravel-subscriber
1783005374: Sending PINGRESP to trackhub-laravel-subscriber
1783005384: Received PINGREQ from trackhub-laravel-subscriber
1783005384: Sending PINGRESP to trackhub-laravel-subscriber
1783005394: Received PINGREQ from trackhub-laravel-subscriber
1783005394: Sending PINGRESP to trackhub-laravel-subscriber
1783005404: Received PINGREQ from trackhub-laravel-subscriber
1783005404: Sending PINGRESP to trackhub-laravel-subscriber
1783005414: Received PINGREQ from trackhub-laravel-subscriber
1783005414: Sending PINGRESP to trackhub-laravel-subscriber
1783005424: Received PINGREQ from trackhub-laravel-subscriber
1783005424: Sending PINGRESP to trackhub-laravel-subscriber
1783005434: Received PINGREQ from trackhub-laravel-subscriber
1783005434: Sending PINGRESP to trackhub-laravel-subscriber
1783005444: Received PINGREQ from trackhub-laravel-subscriber
1783005444: Sending PINGRESP to trackhub-laravel-subscriber
1783005454: Received PINGREQ from trackhub-laravel-subscriber
1783005454: Sending PINGRESP to trackhub-laravel-subscriber
1783005464: Received PINGREQ from trackhub-laravel-subscriber
1783005464: Sending PINGRESP to trackhub-laravel-subscriber
1783005474: Received PINGREQ from trackhub-laravel-subscriber
1783005474: Sending PINGRESP to trackhub-laravel-subscriber
1783005484: Received PINGREQ from trackhub-laravel-subscriber
1783005484: Sending PINGRESP to trackhub-laravel-subscriber
1783005494: Received PINGREQ from trackhub-laravel-subscriber
1783005494: Sending PINGRESP to trackhub-laravel-subscriber
1783005494: New connection from 192.168.141.57:55435 on port 1883.
1783005494: New client connected from 192.168.141.57:55435 as esp32-gps-01-32a50528 (p2, c1, k15).
1783005494: No will message specified.
1783005494: Sending CONNACK to esp32-gps-01-32a50528 (0, 0)
1783005494: Received PUBLISH from esp32-gps-01-32a50528 (d0, q0, r0, m0, 'trackhub/gps', ... (244 bytes))
1783005494: Sending PUBLISH to trackhub-laravel-subscriber (d0, q0, r0, m0, 'trackhub/gps', ... (244 bytes))
1783005495: Received DISCONNECT from trackhub-laravel-subscriber
1783005495: Client trackhub-laravel-subscriber disconnected.
1783005497: Received PUBLISH from esp32-gps-01-32a50528 (d0, q0, r0, m0, 'trackhub/gps', ... (273 bytes))
1783005500: New connection from 192.168.141.167:65283 on port 1883.
1783005500: New client connected from 192.168.141.167:65283 as trackhub-laravel-subscriber (p2, c1, k30).
1783005500: No will message specified.
1783005500: Sending CONNACK to trackhub-laravel-subscriber (0, 0)
1783005500: Received SUBSCRIBE from trackhub-laravel-subscriber
1783005500: 	trackhub/gps (QoS 0)
1783005500: trackhub-laravel-subscriber 0 trackhub/gps
1783005500: Sending SUBACK to trackhub-laravel-subscriber
1783005500: Received PUBLISH from esp32-gps-01-32a50528 (d0, q0, r0, m0, 'trackhub/gps', ... (273 bytes))
1783005500: Sending PUBLISH to trackhub-laravel-subscriber (d0, q0, r0, m0, 'trackhub/gps', ... (273 bytes))
1783005501: Received DISCONNECT from trackhub-laravel-subscriber
1783005501: Client trackhub-laravel-subscriber disconnected.
1783005504: Received PUBLISH from esp32-gps-01-32a50528 (d0, q0, r0, m0, 'trackhub/gps', ... (273 bytes))
1783005506: New connection from 192.168.141.167:65284 on port 1883.
1783005506: New client connected from 192.168.141.167:65284 as trackhub-laravel-subscriber (p2, c1, k30).
1783005506: No will message specified.
1783005506: Sending CONNACK to trackhub-laravel-subscriber (0, 0)
1783005506: Received SUBSCRIBE from trackhub-laravel-subscriber
1783005506: 	trackhub/gps (QoS 0)
1783005506: trackhub-laravel-subscriber 0 trackhub/gps
1783005506: Sending SUBACK to trackhub-laravel-subscriber
1783005507: Received PUBLISH from esp32-gps-01-32a50528 (d0, q0, r0, m0, 'trackhub/gps', ... (273 bytes))
1783005507: Sending PUBLISH to trackhub-laravel-subscriber (d0, q0, r0, m0, 'trackhub/gps', ... (273 bytes))
1783005507: Received DISCONNECT from trackhub-laravel-subscriber
1783005507: Client trackhub-laravel-subscriber disconnected.
1783005510: Received PINGREQ from esp32-gps-01-32a50528
1783005510: Sending PINGRESP to esp32-gps-01-32a50528
1783005510: Received PUBLISH from esp32-gps-01-32a50528 (d0, q0, r0, m0, 'trackhub/gps', ... (273 bytes))
1783005512: New connection from 192.168.141.167:65285 on port 1883.
1783005512: New client connected from 192.168.141.167:65285 as trackhub-laravel-subscriber (p2, c1, k30).
1783005512: No will message specified.
1783005512: Sending CONNACK to trackhub-laravel-subscriber (0, 0)
1783005512: Received SUBSCRIBE from trackhub-laravel-subscriber
1783005512: 	trackhub/gps (QoS 0)
1783005512: trackhub-laravel-subscriber 0 trackhub/gps
1783005512: Sending SUBACK to trackhub-laravel-subscriber
1783005513: Received PUBLISH from esp32-gps-01-32a50528 (d0, q0, r0, m0, 'trackhub/gps', ... (276 bytes))
1783005513: Sending PUBLISH to trackhub-laravel-subscriber (d0, q0, r0, m0, 'trackhub/gps', ... (276 bytes))
1783005513: Received DISCONNECT from trackhub-laravel-subscriber
1783005513: Client trackhub-laravel-subscriber disconnected.
1783005516: Received PUBLISH from esp32-gps-01-32a50528 (d0, q0, r0, m0, 'trackhub/gps', ... (276 bytes))
1783005518: New connection from 192.168.141.167:55247 on port 1883.
1783005518: New client connected from 192.168.141.167:55247 as trackhub-laravel-subscriber (p2, c1, k30).
1783005518: No will message specified.
1783005518: Sending CONNACK to trackhub-laravel-subscriber (0, 0)
1783005518: Received SUBSCRIBE from trackhub-laravel-subscriber
1783005518: 	trackhub/gps (QoS 0)
1783005518: trackhub-laravel-subscriber 0 trackhub/gps
1783005518: Sending SUBACK to trackhub-laravel-subscriber
1783005519: Received PUBLISH from esp32-gps-01-32a50528 (d0, q0, r0, m0, 'trackhub/gps', ... (276 bytes))
1783005519: Sending PUBLISH to trackhub-laravel-subscriber (d0, q0, r0, m0, 'trackhub/gps', ... (276 bytes))
1783005519: Received DISCONNECT from trackhub-laravel-subscriber
1783005519: Client trackhub-laravel-subscriber disconnected.
1783005522: Received PUBLISH from esp32-gps-01-32a50528 (d0, q0, r0, m0, 'trackhub/gps', ... (276 bytes))
1783005524: New connection from 192.168.141.167:55248 on port 1883.
1783005524: New client connected from 192.168.141.167:55248 as trackhub-laravel-subscriber (p2, c1, k30).
1783005524: No will message specified.
1783005524: Sending CONNACK to trackhub-laravel-subscriber (0, 0)
1783005524: Received SUBSCRIBE from trackhub-laravel-subscriber
1783005524: 	trackhub/gps (QoS 0)
1783005524: trackhub-laravel-subscriber 0 trackhub/gps
1783005524: Sending SUBACK to trackhub-laravel-subscriber
1783005525: Received PUBLISH from esp32-gps-01-32a50528 (d0, q0, r0, m0, 'trackhub/gps', ... (276 bytes))
1783005525: Sending PUBLISH to trackhub-laravel-subscriber (d0, q0, r0, m0, 'trackhub/gps', ... (276 bytes))
1783005525: Received DISCONNECT from trackhub-laravel-subscriber
1783005525: Client trackhub-laravel-subscriber disconnected.
1783005525: Received PINGREQ from esp32-gps-01-32a50528
1783005525: Sending PINGRESP to esp32-gps-01-32a50528
1783005528: Received PUBLISH from esp32-gps-01-32a50528 (d0, q0, r0, m0, 'trackhub/gps', ... (276 bytes))
1783005530: New connection from 192.168.141.167:51850 on port 1883.
1783005530: New client connected from 192.168.141.167:51850 as trackhub-laravel-subscriber (p2, c1, k30).
1783005530: No will message specified.
1783005530: Sending CONNACK to trackhub-laravel-subscriber (0, 0)
1783005530: Received SUBSCRIBE from trackhub-laravel-subscriber
1783005530: 	trackhub/gps (QoS 0)
1783005530: trackhub-laravel-subscriber 0 trackhub/gps
1783005530: Sending SUBACK to trackhub-laravel-subscriber
1783005531: Received PUBLISH from esp32-gps-01-32a50528 (d0, q0, r0, m0, 'trackhub/gps', ... (276 bytes))
1783005531: Sending PUBLISH to trackhub-laravel-subscriber (d0, q0, r0, m0, 'trackhub/gps', ... (276 bytes))
1783005531: Received DISCONNECT from trackhub-laravel-subscriber
1783005531: Client trackhub-laravel-subscriber disconnected.
1783005534: Received PUBLISH from esp32-gps-01-32a50528 (d0, q0, r0, m0, 'trackhub/gps', ... (276 bytes))
1783005536: New connection from 192.168.141.167:51851 on port 1883.
1783005536: New client connected from 192.168.141.167:51851 as trackhub-laravel-subscriber (p2, c1, k30).
1783005536: No will message specified.
1783005536: Sending CONNACK to trackhub-laravel-subscriber (0, 0)
1783005536: Received SUBSCRIBE from trackhub-laravel-subscriber
1783005536: 	trackhub/gps (QoS 0)
1783005536: trackhub-laravel-subscriber 0 trackhub/gps
1783005536: Sending SUBACK to trackhub-laravel-subscriber
1783005537: Received PUBLISH from esp32-gps-01-32a50528 (d0, q0, r0, m0, 'trackhub/gps', ... (276 bytes))
1783005537: Sending PUBLISH to trackhub-laravel-subscriber (d0, q0, r0, m0, 'trackhub/gps', ... (276 bytes))
1783005537: Received DISCONNECT from trackhub-laravel-subscriber
1783005537: Client trackhub-laravel-subscriber disconnected.
1783005540: Received PUBLISH from esp32-gps-01-32a50528 (d0, q0, r0, m0, 'trackhub/gps', ... (278 bytes))
1783005540: Received PINGREQ from esp32-gps-01-32a50528
1783005540: Sending PINGRESP to esp32-gps-01-32a50528
1783005542: New connection from 192.168.141.167:52182 on port 1883.
1783005542: New client connected from 192.168.141.167:52182 as trackhub-laravel-subscriber (p2, c1, k30).
1783005542: No will message specified.
1783005542: Sending CONNACK to trackhub-laravel-subscriber (0, 0)
1783005542: Received SUBSCRIBE from trackhub-laravel-subscriber
1783005542: 	trackhub/gps (QoS 0)
1783005542: trackhub-laravel-subscriber 0 trackhub/gps
1783005542: Sending SUBACK to trackhub-laravel-subscriber
1783005543: Received PUBLISH from esp32-gps-01-32a50528 (d0, q0, r0, m0, 'trackhub/gps', ... (278 bytes))
1783005543: Sending PUBLISH to trackhub-laravel-subscriber (d0, q0, r0, m0, 'trackhub/gps', ... (278 bytes))
1783005543: Received DISCONNECT from trackhub-laravel-subscriber
1783005543: Client trackhub-laravel-subscriber disconnected.
1783005546: Received PUBLISH from esp32-gps-01-32a50528 (d0, q0, r0, m0, 'trackhub/gps', ... (241 bytes))
1783005548: New connection from 192.168.141.167:56875 on port 1883.
1783005548: New client connected from 192.168.141.167:56875 as trackhub-laravel-subscriber (p2, c1, k30).
1783005548: No will message specified.
1783005548: Sending CONNACK to trackhub-laravel-subscriber (0, 0)
1783005548: Received SUBSCRIBE from trackhub-laravel-subscriber
1783005548: 	trackhub/gps (QoS 0)
1783005548: trackhub-laravel-subscriber 0 trackhub/gps
1783005548: Sending SUBACK to trackhub-laravel-subscriber
1783005549: Received PUBLISH from esp32-gps-01-32a50528 (d0, q0, r0, m0, 'trackhub/gps', ... (241 bytes))
1783005549: Sending PUBLISH to trackhub-laravel-subscriber (d0, q0, r0, m0, 'trackhub/gps', ... (241 bytes))
1783005549: Received DISCONNECT from trackhub-laravel-subscriber
1783005549: Client trackhub-laravel-subscriber disconnected.
1783005552: Received PUBLISH from esp32-gps-01-32a50528 (d0, q0, r0, m0, 'trackhub/gps', ... (241 bytes))
1783005554: New connection from 192.168.141.167:56877 on port 1883.
1783005554: New client connected from 192.168.141.167:56877 as trackhub-laravel-subscriber (p2, c1, k30).
1783005554: No will message specified.
1783005554: Sending CONNACK to trackhub-laravel-subscriber (0, 0)
1783005554: Received SUBSCRIBE from trackhub-laravel-subscriber
1783005554: 	trackhub/gps (QoS 0)
1783005554: trackhub-laravel-subscriber 0 trackhub/gps
1783005554: Sending SUBACK to trackhub-laravel-subscriber
1783005555: Received PUBLISH from esp32-gps-01-32a50528 (d0, q0, r0, m0, 'trackhub/gps', ... (243 bytes))
1783005555: Sending PUBLISH to trackhub-laravel-subscriber (d0, q0, r0, m0, 'trackhub/gps', ... (243 bytes))
1783005555: Received DISCONNECT from trackhub-laravel-subscriber
1783005555: Client trackhub-laravel-subscriber disconnected.
1783005555: Received PINGREQ from esp32-gps-01-32a50528
1783005555: Sending PINGRESP to esp32-gps-01-32a50528
1783005558: Received PUBLISH from esp32-gps-01-32a50528 (d0, q0, r0, m0, 'trackhub/gps', ... (235 bytes))
1783005560: New connection from 192.168.141.167:60579 on port 1883.
1783005560: New client connected from 192.168.141.167:60579 as trackhub-laravel-subscriber (p2, c1, k30).
1783005560: No will message specified.
1783005560: Sending CONNACK to trackhub-laravel-subscriber (0, 0)
1783005560: Received SUBSCRIBE from trackhub-laravel-subscriber
1783005560: 	trackhub/gps (QoS 0)
1783005560: trackhub-laravel-subscriber 0 trackhub/gps
1783005560: Sending SUBACK to trackhub-laravel-subscriber
1783005561: Received PUBLISH from esp32-gps-01-32a50528 (d0, q0, r0, m0, 'trackhub/gps', ... (235 bytes))
1783005561: Sending PUBLISH to trackhub-laravel-subscriber (d0, q0, r0, m0, 'trackhub/gps', ... (235 bytes))
1783005561: Received DISCONNECT from trackhub-laravel-subscriber
1783005561: Client trackhub-laravel-subscriber disconnected.
1783005564: Received PUBLISH from esp32-gps-01-32a50528 (d0, q0, r0, m0, 'trackhub/gps', ... (235 bytes))
1783005566: New connection from 192.168.141.167:62454 on port 1883.
1783005566: New client connected from 192.168.141.167:62454 as trackhub-laravel-subscriber (p2, c1, k30).
1783005566: No will message specified.
1783005566: Sending CONNACK to trackhub-laravel-subscriber (0, 0)
1783005566: Received SUBSCRIBE from trackhub-laravel-subscriber
1783005566: 	trackhub/gps (QoS 0)
1783005566: trackhub-laravel-subscriber 0 trackhub/gps
1783005566: Sending SUBACK to trackhub-laravel-subscriber
1783005567: Received PUBLISH from esp32-gps-01-32a50528 (d0, q0, r0, m0, 'trackhub/gps', ... (235 bytes))
1783005567: Sending PUBLISH to trackhub-laravel-subscriber (d0, q0, r0, m0, 'trackhub/gps', ... (235 bytes))
1783005567: Received DISCONNECT from trackhub-laravel-subscriber
1783005567: Client trackhub-laravel-subscriber disconnected.
1783005570: Received PUBLISH from esp32-gps-01-32a50528 (d0, q0, r0, m0, 'trackhub/gps', ... (235 bytes))
1783005570: Received PINGREQ from esp32-gps-01-32a50528
1783005570: Sending PINGRESP to esp32-gps-01-32a50528
1783005572: New connection from 192.168.141.167:62455 on port 1883.
1783005572: New client connected from 192.168.141.167:62455 as trackhub-laravel-subscriber (p2, c1, k30).
1783005572: No will message specified.
1783005572: Sending CONNACK to trackhub-laravel-subscriber (0, 0)
1783005572: Received SUBSCRIBE from trackhub-laravel-subscriber
1783005572: 	trackhub/gps (QoS 0)
1783005572: trackhub-laravel-subscriber 0 trackhub/gps
1783005572: Sending SUBACK to trackhub-laravel-subscriber
1783005573: Received PUBLISH from esp32-gps-01-32a50528 (d0, q0, r0, m0, 'trackhub/gps', ... (235 bytes))
1783005573: Sending PUBLISH to trackhub-laravel-subscriber (d0, q0, r0, m0, 'trackhub/gps', ... (235 bytes))
1783005573: Received DISCONNECT from trackhub-laravel-subscriber
1783005573: Client trackhub-laravel-subscriber disconnected.
1783005576: Received PUBLISH from esp32-gps-01-32a50528 (d0, q0, r0, m0, 'trackhub/gps', ... (235 bytes))
1783005578: New connection from 192.168.141.167:49543 on port 1883.
1783005578: New client connected from 192.168.141.167:49543 as trackhub-laravel-subscriber (p2, c1, k30).
1783005578: No will message specified.
1783005578: Sending CONNACK to trackhub-laravel-subscriber (0, 0)
1783005578: Received SUBSCRIBE from trackhub-laravel-subscriber
1783005578: 	trackhub/gps (QoS 0)
1783005578: trackhub-laravel-subscriber 0 trackhub/gps
1783005578: Sending SUBACK to trackhub-laravel-subscriber
1783005579: Received PUBLISH from esp32-gps-01-32a50528 (d0, q0, r0, m0, 'trackhub/gps', ... (235 bytes))
1783005579: Sending PUBLISH to trackhub-laravel-subscriber (d0, q0, r0, m0, 'trackhub/gps', ... (235 bytes))
1783005579: Received DISCONNECT from trackhub-laravel-subscriber
1783005579: Client trackhub-laravel-subscriber disconnected.
1783005582: Received PUBLISH from esp32-gps-01-32a50528 (d0, q0, r0, m0, 'trackhub/gps', ... (235 bytes))
1783005584: New connection from 192.168.141.167:49544 on port 1883.
1783005584: New client connected from 192.168.141.167:49544 as trackhub-laravel-subscriber (p2, c1, k30).
1783005584: No will message specified.
1783005584: Sending CONNACK to trackhub-laravel-subscriber (0, 0)
1783005584: Received SUBSCRIBE from trackhub-laravel-subscriber
1783005584: 	trackhub/gps (QoS 0)
1783005584: trackhub-laravel-subscriber 0 trackhub/gps
1783005584: Sending SUBACK to trackhub-laravel-subscriber
1783005585: Received PUBLISH from esp32-gps-01-32a50528 (d0, q0, r0, m0, 'trackhub/gps', ... (235 bytes))
1783005585: Sending PUBLISH to trackhub-laravel-subscriber (d0, q0, r0, m0, 'trackhub/gps', ... (235 bytes))
1783005585: Received DISCONNECT from trackhub-laravel-subscriber
1783005585: Client trackhub-laravel-subscriber disconnected.
1783005585: Received PINGREQ from esp32-gps-01-32a50528
1783005585: Sending PINGRESP to esp32-gps-01-32a50528
1783005588: Received PUBLISH from esp32-gps-01-32a50528 (d0, q0, r0, m0, 'trackhub/gps', ... (235 bytes))
1783005590: New connection from 192.168.141.167:54343 on port 1883.
1783005590: New client connected from 192.168.141.167:54343 as trackhub-laravel-subscriber (p2, c1, k30).
1783005590: No will message specified.
1783005590: Sending CONNACK to trackhub-laravel-subscriber (0, 0)
1783005590: Received SUBSCRIBE from trackhub-laravel-subscriber
1783005590: 	trackhub/gps (QoS 0)
1783005590: trackhub-laravel-subscriber 0 trackhub/gps
1783005590: Sending SUBACK to trackhub-laravel-subscriber
1783005591: Received PUBLISH from esp32-gps-01-32a50528 (d0, q0, r0, m0, 'trackhub/gps', ... (235 bytes))
1783005591: Sending PUBLISH to trackhub-laravel-subscriber (d0, q0, r0, m0, 'trackhub/gps', ... (235 bytes))
1783005591: Received DISCONNECT from trackhub-laravel-subscriber
1783005591: Client trackhub-laravel-subscriber disconnected.
1783005594: Received PUBLISH from esp32-gps-01-32a50528 (d0, q0, r0, m0, 'trackhub/gps', ... (235 bytes))
1783005596: New connection from 192.168.141.167:54344 on port 1883.
1783005596: New client connected from 192.168.141.167:54344 as trackhub-laravel-subscriber (p2, c1, k30).
1783005596: No will message specified.
1783005596: Sending CONNACK to trackhub-laravel-subscriber (0, 0)
1783005596: Received SUBSCRIBE from trackhub-laravel-subscriber
1783005596: 	trackhub/gps (QoS 0)
1783005596: trackhub-laravel-subscriber 0 trackhub/gps
1783005596: Sending SUBACK to trackhub-laravel-subscriber
1783005597: Received PUBLISH from esp32-gps-01-32a50528 (d0, q0, r0, m0, 'trackhub/gps', ... (235 bytes))
1783005597: Sending PUBLISH to trackhub-laravel-subscriber (d0, q0, r0, m0, 'trackhub/gps', ... (235 bytes))
1783005597: Received DISCONNECT from trackhub-laravel-subscriber
1783005597: Client trackhub-laravel-subscriber disconnected.
1783005600: Received PUBLISH from esp32-gps-01-32a50528 (d0, q0, r0, m0, 'trackhub/gps', ... (235 bytes))
1783005600: Received PINGREQ from esp32-gps-01-32a50528
1783005600: Sending PINGRESP to esp32-gps-01-32a50528
1783005602: New connection from 192.168.141.167:54345 on port 1883.
1783005602: New client connected from 192.168.141.167:54345 as trackhub-laravel-subscriber (p2, c1, k30).
1783005602: No will message specified.
1783005602: Sending CONNACK to trackhub-laravel-subscriber (0, 0)
1783005602: Received SUBSCRIBE from trackhub-laravel-subscriber
1783005602: 	trackhub/gps (QoS 0)
1783005602: trackhub-laravel-subscriber 0 trackhub/gps
1783005602: Sending SUBACK to trackhub-laravel-subscriber
1783005603: Received PUBLISH from esp32-gps-01-32a50528 (d0, q0, r0, m0, 'trackhub/gps', ... (235 bytes))
1783005603: Sending PUBLISH to trackhub-laravel-subscriber (d0, q0, r0, m0, 'trackhub/gps', ... (235 bytes))
1783005603: Received DISCONNECT from trackhub-laravel-subscriber
1783005603: Client trackhub-laravel-subscriber disconnected.
1783005606: Received PUBLISH from esp32-gps-01-32a50528 (d0, q0, r0, m0, 'trackhub/gps', ... (278 bytes))
1783005608: New connection from 192.168.141.167:54346 on port 1883.
1783005608: New client connected from 192.168.141.167:54346 as trackhub-laravel-subscriber (p2, c1, k30).
1783005608: No will message specified.
1783005608: Sending CONNACK to trackhub-laravel-subscriber (0, 0)
1783005608: Received SUBSCRIBE from trackhub-laravel-subscriber
1783005608: 	trackhub/gps (QoS 0)
1783005608: trackhub-laravel-subscriber 0 trackhub/gps
1783005608: Sending SUBACK to trackhub-laravel-subscriber
1783005609: Received PUBLISH from esp32-gps-01-32a50528 (d0, q0, r0, m0, 'trackhub/gps', ... (278 bytes))
1783005609: Sending PUBLISH to trackhub-laravel-subscriber (d0, q0, r0, m0, 'trackhub/gps', ... (278 bytes))
1783005609: Received DISCONNECT from trackhub-laravel-subscriber
1783005609: Client trackhub-laravel-subscriber disconnected.
1783005612: Received PUBLISH from esp32-gps-01-32a50528 (d0, q0, r0, m0, 'trackhub/gps', ... (278 bytes))
1783005614: New connection from 192.168.141.167:54347 on port 1883.
1783005614: New client connected from 192.168.141.167:54347 as trackhub-laravel-subscriber (p2, c1, k30).
1783005614: No will message specified.
1783005614: Sending CONNACK to trackhub-laravel-subscriber (0, 0)
1783005614: Received SUBSCRIBE from trackhub-laravel-subscriber
1783005614: 	trackhub/gps (QoS 0)
1783005614: trackhub-laravel-subscriber 0 trackhub/gps
1783005614: Sending SUBACK to trackhub-laravel-subscriber
1783005615: Received PUBLISH from esp32-gps-01-32a50528 (d0, q0, r0, m0, 'trackhub/gps', ... (257 bytes))
1783005615: Sending PUBLISH to trackhub-laravel-subscriber (d0, q0, r0, m0, 'trackhub/gps', ... (257 bytes))
1783005615: Received DISCONNECT from trackhub-laravel-subscriber
1783005615: Client trackhub-laravel-subscriber disconnected.
1783005615: Received PINGREQ from esp32-gps-01-32a50528
1783005615: Sending PINGRESP to esp32-gps-01-32a50528
1783005618: Received PUBLISH from esp32-gps-01-32a50528 (d0, q0, r0, m0, 'trackhub/gps', ... (257 bytes))
1783005620: New connection from 192.168.141.167:54348 on port 1883.
1783005620: New client connected from 192.168.141.167:54348 as trackhub-laravel-subscriber (p2, c1, k30).
1783005620: No will message specified.
1783005620: Sending CONNACK to trackhub-laravel-subscriber (0, 0)
1783005620: Received SUBSCRIBE from trackhub-laravel-subscriber
1783005620: 	trackhub/gps (QoS 0)
1783005620: trackhub-laravel-subscriber 0 trackhub/gps
1783005620: Sending SUBACK to trackhub-laravel-subscriber
1783005621: Received PUBLISH from esp32-gps-01-32a50528 (d0, q0, r0, m0, 'trackhub/gps', ... (257 bytes))
1783005621: Sending PUBLISH to trackhub-laravel-subscriber (d0, q0, r0, m0, 'trackhub/gps', ... (257 bytes))
1783005621: Received DISCONNECT from trackhub-laravel-subscriber
1783005621: Client trackhub-laravel-subscriber disconnected.
1783005624: Received PUBLISH from esp32-gps-01-32a50528 (d0, q0, r0, m0, 'trackhub/gps', ... (257 bytes))
1783005626: New connection from 192.168.141.167:54349 on port 1883.
1783005626: New client connected from 192.168.141.167:54349 as trackhub-laravel-subscriber (p2, c1, k30).
1783005626: No will message specified.
1783005626: Sending CONNACK to trackhub-laravel-subscriber (0, 0)
1783005626: Received SUBSCRIBE from trackhub-laravel-subscriber
1783005626: 	trackhub/gps (QoS 0)
1783005626: trackhub-laravel-subscriber 0 trackhub/gps
1783005626: Sending SUBACK to trackhub-laravel-subscriber
1783005627: Received PUBLISH from esp32-gps-01-32a50528 (d0, q0, r0, m0, 'trackhub/gps', ... (262 bytes))
1783005627: Sending PUBLISH to trackhub-laravel-subscriber (d0, q0, r0, m0, 'trackhub/gps', ... (262 bytes))
1783005627: Received DISCONNECT from trackhub-laravel-subscriber
1783005627: Client trackhub-laravel-subscriber disconnected.
1783005630: Received PUBLISH from esp32-gps-01-32a50528 (d0, q0, r0, m0, 'trackhub/gps', ... (262 bytes))
1783005631: Received PINGREQ from esp32-gps-01-32a50528
1783005631: Sending PINGRESP to esp32-gps-01-32a50528
1783005632: New connection from 192.168.141.167:51538 on port 1883.
1783005632: New client connected from 192.168.141.167:51538 as trackhub-laravel-subscriber (p2, c1, k30).
1783005632: No will message specified.
1783005632: Sending CONNACK to trackhub-laravel-subscriber (0, 0)
1783005632: Received SUBSCRIBE from trackhub-laravel-subscriber
1783005632: 	trackhub/gps (QoS 0)
1783005632: trackhub-laravel-subscriber 0 trackhub/gps
1783005632: Sending SUBACK to trackhub-laravel-subscriber
1783005633: Received PUBLISH from esp32-gps-01-32a50528 (d0, q0, r0, m0, 'trackhub/gps', ... (262 bytes))
1783005633: Sending PUBLISH to trackhub-laravel-subscriber (d0, q0, r0, m0, 'trackhub/gps', ... (262 bytes))
1783005633: Received DISCONNECT from trackhub-laravel-subscriber
1783005633: Client trackhub-laravel-subscriber disconnected.
1783005636: Received PUBLISH from esp32-gps-01-32a50528 (d0, q0, r0, m0, 'trackhub/gps', ... (262 bytes))
1783005639: Received PUBLISH from esp32-gps-01-32a50528 (d0, q0, r0, m0, 'trackhub/gps', ... (261 bytes))
1783005642: mosquitto version 2.0.22 terminating
1783005642: Saving in-memory database to D:\gpstracker\MQTT\mosquitto\data\\mosquitto.db.
1783047058: mosquitto version 2.0.22 starting
1783047058: Config loaded from D:\gpstracker\MQTT\mosquitto-local.conf.
1783047058: Opening ipv4 listen socket on port 1883.
1783047058: mosquitto version 2.0.22 running
1783047102: New connection from 192.168.141.167:63555 on port 1883.
1783047102: New client connected from 192.168.141.167:63555 as trackhub-laravel-subscriber (p2, c1, k30).
1783047102: No will message specified.
1783047102: Sending CONNACK to trackhub-laravel-subscriber (0, 0)
1783047102: Received SUBSCRIBE from trackhub-laravel-subscriber
1783047102: 	trackhub/gps (QoS 0)
1783047102: trackhub-laravel-subscriber 0 trackhub/gps
1783047102: Sending SUBACK to trackhub-laravel-subscriber
1783047112: Received PINGREQ from trackhub-laravel-subscriber
1783047112: Sending PINGRESP to trackhub-laravel-subscriber
1783047122: Received PINGREQ from trackhub-laravel-subscriber
1783047122: Sending PINGRESP to trackhub-laravel-subscriber
1783047132: Received PINGREQ from trackhub-laravel-subscriber
1783047132: Sending PINGRESP to trackhub-laravel-subscriber
1783047142: Received PINGREQ from trackhub-laravel-subscriber
1783047142: Sending PINGRESP to trackhub-laravel-subscriber
1783047152: Received PINGREQ from trackhub-laravel-subscriber
1783047152: Sending PINGRESP to trackhub-laravel-subscriber
1783047162: Received PINGREQ from trackhub-laravel-subscriber
1783047162: Sending PINGRESP to trackhub-laravel-subscriber
1783047172: Received PINGREQ from trackhub-laravel-subscriber
1783047172: Sending PINGRESP to trackhub-laravel-subscriber
1783047182: Received PINGREQ from trackhub-laravel-subscriber
1783047182: Sending PINGRESP to trackhub-laravel-subscriber
1783047192: Received PINGREQ from trackhub-laravel-subscriber
1783047192: Sending PINGRESP to trackhub-laravel-subscriber
1783047202: Received PINGREQ from trackhub-laravel-subscriber
1783047202: Sending PINGRESP to trackhub-laravel-subscriber
1783047212: Received PINGREQ from trackhub-laravel-subscriber
1783047212: Sending PINGRESP to trackhub-laravel-subscriber
1783047222: Received PINGREQ from trackhub-laravel-subscriber
1783047222: Sending PINGRESP to trackhub-laravel-subscriber
1783047232: Received PINGREQ from trackhub-laravel-subscriber
1783047232: Sending PINGRESP to trackhub-laravel-subscriber
1783047242: Received PINGREQ from trackhub-laravel-subscriber
1783047242: Sending PINGRESP to trackhub-laravel-subscriber
1783047252: Received PINGREQ from trackhub-laravel-subscriber
1783047252: Sending PINGRESP to trackhub-laravel-subscriber
1783047262: Received PINGREQ from trackhub-laravel-subscriber
1783047262: Sending PINGRESP to trackhub-laravel-subscriber
1783047272: Received PINGREQ from trackhub-laravel-subscriber
1783047272: Sending PINGRESP to trackhub-laravel-subscriber
1783047282: Received PINGREQ from trackhub-laravel-subscriber
1783047282: Sending PINGRESP to trackhub-laravel-subscriber
1783047292: Received PINGREQ from trackhub-laravel-subscriber
1783047292: Sending PINGRESP to trackhub-laravel-subscriber
1783047302: Received PINGREQ from trackhub-laravel-subscriber
1783047302: Sending PINGRESP to trackhub-laravel-subscriber
1783047312: Received PINGREQ from trackhub-laravel-subscriber
1783047312: Sending PINGRESP to trackhub-laravel-subscriber
1783047322: Received PINGREQ from trackhub-laravel-subscriber
1783047322: Sending PINGRESP to trackhub-laravel-subscriber
1783047332: Received PINGREQ from trackhub-laravel-subscriber
1783047332: Sending PINGRESP to trackhub-laravel-subscriber
1783047342: Received PINGREQ from trackhub-laravel-subscriber
1783047342: Sending PINGRESP to trackhub-laravel-subscriber
1783047352: Received PINGREQ from trackhub-laravel-subscriber
1783047352: Sending PINGRESP to trackhub-laravel-subscriber
1783047353: New connection from 192.168.141.57:60923 on port 1883.
1783047353: New client connected from 192.168.141.57:60923 as esp32-gps-01-32a50528 (p2, c1, k15).
1783047353: No will message specified.
1783047353: Sending CONNACK to esp32-gps-01-32a50528 (0, 0)
1783047353: Received PUBLISH from esp32-gps-01-32a50528 (d0, q0, r0, m0, 'trackhub/gps', ... (205 bytes))
1783047353: Sending PUBLISH to trackhub-laravel-subscriber (d0, q0, r0, m0, 'trackhub/gps', ... (205 bytes))
1783047353: Received PUBLISH from esp32-gps-01-32a50528 (d0, q0, r0, m0, 'trackhub/gps', ... (258 bytes))
1783047353: Sending PUBLISH to trackhub-laravel-subscriber (d0, q0, r0, m0, 'trackhub/gps', ... (258 bytes))
1783047353: Received PUBLISH from esp32-gps-01-32a50528 (d0, q0, r0, m0, 'trackhub/gps', ... (272 bytes))
1783047353: Sending PUBLISH to trackhub-laravel-subscriber (d0, q0, r0, m0, 'trackhub/gps', ... (272 bytes))
1783047354: Received PUBLISH from esp32-gps-01-32a50528 (d0, q0, r0, m0, 'trackhub/gps', ... (270 bytes))
1783047354: Sending PUBLISH to trackhub-laravel-subscriber (d0, q0, r0, m0, 'trackhub/gps', ... (270 bytes))
1783047354: Received PUBLISH from esp32-gps-01-32a50528 (d0, q0, r0, m0, 'trackhub/gps', ... (277 bytes))
1783047354: Sending PUBLISH to trackhub-laravel-subscriber (d0, q0, r0, m0, 'trackhub/gps', ... (277 bytes))
1783047354: Received PUBLISH from esp32-gps-01-32a50528 (d0, q0, r0, m0, 'trackhub/gps', ... (265 bytes))
1783047354: Sending PUBLISH to trackhub-laravel-subscriber (d0, q0, r0, m0, 'trackhub/gps', ... (265 bytes))
1783047354: Received PUBLISH from esp32-gps-01-32a50528 (d0, q0, r0, m0, 'trackhub/gps', ... (269 bytes))
1783047354: Sending PUBLISH to trackhub-laravel-subscriber (d0, q0, r0, m0, 'trackhub/gps', ... (269 bytes))
1783047355: Received PUBLISH from esp32-gps-01-32a50528 (d0, q0, r0, m0, 'trackhub/gps', ... (277 bytes))
1783047355: Sending PUBLISH to trackhub-laravel-subscriber (d0, q0, r0, m0, 'trackhub/gps', ... (277 bytes))
1783047355: Received PUBLISH from esp32-gps-01-32a50528 (d0, q0, r0, m0, 'trackhub/gps', ... (234 bytes))
1783047355: Sending PUBLISH to trackhub-laravel-subscriber (d0, q0, r0, m0, 'trackhub/gps', ... (234 bytes))
1783047355: Received PUBLISH from esp32-gps-01-32a50528 (d0, q0, r0, m0, 'trackhub/gps', ... (280 bytes))
1783047355: Sending PUBLISH to trackhub-laravel-subscriber (d0, q0, r0, m0, 'trackhub/gps', ... (280 bytes))
1783047355: Received PUBLISH from esp32-gps-01-32a50528 (d0, q0, r0, m0, 'trackhub/gps', ... (272 bytes))
1783047355: Sending PUBLISH to trackhub-laravel-subscriber (d0, q0, r0, m0, 'trackhub/gps', ... (272 bytes))
1783047356: Received PUBLISH from esp32-gps-01-32a50528 (d0, q0, r0, m0, 'trackhub/gps', ... (272 bytes))
1783047356: Sending PUBLISH to trackhub-laravel-subscriber (d0, q0, r0, m0, 'trackhub/gps', ... (272 bytes))
1783047356: Received PUBLISH from esp32-gps-01-32a50528 (d0, q0, r0, m0, 'trackhub/gps', ... (233 bytes))
1783047356: Sending PUBLISH to trackhub-laravel-subscriber (d0, q0, r0, m0, 'trackhub/gps', ... (233 bytes))
1783047356: Received PUBLISH from esp32-gps-01-32a50528 (d0, q0, r0, m0, 'trackhub/gps', ... (270 bytes))
1783047356: Sending PUBLISH to trackhub-laravel-subscriber (d0, q0, r0, m0, 'trackhub/gps', ... (270 bytes))
1783047356: Received PUBLISH from esp32-gps-01-32a50528 (d0, q0, r0, m0, 'trackhub/gps', ... (231 bytes))
1783047356: Sending PUBLISH to trackhub-laravel-subscriber (d0, q0, r0, m0, 'trackhub/gps', ... (231 bytes))
1783047357: Received PUBLISH from esp32-gps-01-32a50528 (d0, q0, r0, m0, 'trackhub/gps', ... (260 bytes))
1783047357: Sending PUBLISH to trackhub-laravel-subscriber (d0, q0, r0, m0, 'trackhub/gps', ... (260 bytes))
1783047357: Received PUBLISH from esp32-gps-01-32a50528 (d0, q0, r0, m0, 'trackhub/gps', ... (275 bytes))
1783047357: Sending PUBLISH to trackhub-laravel-subscriber (d0, q0, r0, m0, 'trackhub/gps', ... (275 bytes))
1783047358: Received PUBLISH from esp32-gps-01-32a50528 (d0, q0, r0, m0, 'trackhub/gps', ... (275 bytes))
1783047358: Sending PUBLISH to trackhub-laravel-subscriber (d0, q0, r0, m0, 'trackhub/gps', ... (275 bytes))
1783047358: Received PUBLISH from esp32-gps-01-32a50528 (d0, q0, r0, m0, 'trackhub/gps', ... (234 bytes))
1783047358: Sending PUBLISH to trackhub-laravel-subscriber (d0, q0, r0, m0, 'trackhub/gps', ... (234 bytes))
1783047358: Received PUBLISH from esp32-gps-01-32a50528 (d0, q0, r0, m0, 'trackhub/gps', ... (241 bytes))
1783047358: Sending PUBLISH to trackhub-laravel-subscriber (d0, q0, r0, m0, 'trackhub/gps', ... (241 bytes))
1783047358: Received PUBLISH from esp32-gps-01-32a50528 (d0, q0, r0, m0, 'trackhub/gps', ... (299 bytes))
1783047358: Sending PUBLISH to trackhub-laravel-subscriber (d0, q0, r0, m0, 'trackhub/gps', ... (299 bytes))
1783047359: Received PUBLISH from esp32-gps-01-32a50528 (d0, q0, r0, m0, 'trackhub/gps', ... (285 bytes))
1783047359: Sending PUBLISH to trackhub-laravel-subscriber (d0, q0, r0, m0, 'trackhub/gps', ... (285 bytes))
1783047359: Received PUBLISH from esp32-gps-01-32a50528 (d0, q0, r0, m0, 'trackhub/gps', ... (211 bytes))
1783047359: Sending PUBLISH to trackhub-laravel-subscriber (d0, q0, r0, m0, 'trackhub/gps', ... (211 bytes))
1783047359: Received PUBLISH from esp32-gps-01-32a50528 (d0, q0, r0, m0, 'trackhub/gps', ... (234 bytes))
1783047359: Sending PUBLISH to trackhub-laravel-subscriber (d0, q0, r0, m0, 'trackhub/gps', ... (234 bytes))
1783047359: Received PUBLISH from esp32-gps-01-32a50528 (d0, q0, r0, m0, 'trackhub/gps', ... (243 bytes))
1783047359: Sending PUBLISH to trackhub-laravel-subscriber (d0, q0, r0, m0, 'trackhub/gps', ... (243 bytes))
1783047360: Received PUBLISH from esp32-gps-01-32a50528 (d0, q0, r0, m0, 'trackhub/gps', ... (259 bytes))
1783047360: Sending PUBLISH to trackhub-laravel-subscriber (d0, q0, r0, m0, 'trackhub/gps', ... (259 bytes))
1783047360: Received PUBLISH from esp32-gps-01-32a50528 (d0, q0, r0, m0, 'trackhub/gps', ... (274 bytes))
1783047360: Sending PUBLISH to trackhub-laravel-subscriber (d0, q0, r0, m0, 'trackhub/gps', ... (274 bytes))
1783047360: Received PUBLISH from esp32-gps-01-32a50528 (d0, q0, r0, m0, 'trackhub/gps', ... (284 bytes))
1783047360: Sending PUBLISH to trackhub-laravel-subscriber (d0, q0, r0, m0, 'trackhub/gps', ... (284 bytes))
1783047360: Received PUBLISH from esp32-gps-01-32a50528 (d0, q0, r0, m0, 'trackhub/gps', ... (286 bytes))
1783047360: Sending PUBLISH to trackhub-laravel-subscriber (d0, q0, r0, m0, 'trackhub/gps', ... (286 bytes))
1783047361: Received PUBLISH from esp32-gps-01-32a50528 (d0, q0, r0, m0, 'trackhub/gps', ... (234 bytes))
1783047361: Sending PUBLISH to trackhub-laravel-subscriber (d0, q0, r0, m0, 'trackhub/gps', ... (234 bytes))
1783047361: Received PUBLISH from esp32-gps-01-32a50528 (d0, q0, r0, m0, 'trackhub/gps', ... (241 bytes))
1783047361: Sending PUBLISH to trackhub-laravel-subscriber (d0, q0, r0, m0, 'trackhub/gps', ... (241 bytes))
1783047361: Received PUBLISH from esp32-gps-01-32a50528 (d0, q0, r0, m0, 'trackhub/gps', ... (286 bytes))
1783047361: Sending PUBLISH to trackhub-laravel-subscriber (d0, q0, r0, m0, 'trackhub/gps', ... (286 bytes))
1783047362: Received PUBLISH from esp32-gps-01-32a50528 (d0, q0, r0, m0, 'trackhub/gps', ... (284 bytes))
1783047362: Sending PUBLISH to trackhub-laravel-subscriber (d0, q0, r0, m0, 'trackhub/gps', ... (284 bytes))
1783047362: Received PUBLISH from esp32-gps-01-32a50528 (d0, q0, r0, m0, 'trackhub/gps', ... (242 bytes))
1783047362: Sending PUBLISH to trackhub-laravel-subscriber (d0, q0, r0, m0, 'trackhub/gps', ... (242 bytes))
1783047362: Received PUBLISH from esp32-gps-01-32a50528 (d0, q0, r0, m0, 'trackhub/gps', ... (234 bytes))
1783047362: Sending PUBLISH to trackhub-laravel-subscriber (d0, q0, r0, m0, 'trackhub/gps', ... (234 bytes))
1783047362: Received PUBLISH from esp32-gps-01-32a50528 (d0, q0, r0, m0, 'trackhub/gps', ... (233 bytes))
1783047362: Sending PUBLISH to trackhub-laravel-subscriber (d0, q0, r0, m0, 'trackhub/gps', ... (233 bytes))
1783047363: Received PUBLISH from esp32-gps-01-32a50528 (d0, q0, r0, m0, 'trackhub/gps', ... (286 bytes))
1783047363: Sending PUBLISH to trackhub-laravel-subscriber (d0, q0, r0, m0, 'trackhub/gps', ... (286 bytes))
1783047363: Received PUBLISH from esp32-gps-01-32a50528 (d0, q0, r0, m0, 'trackhub/gps', ... (275 bytes))
1783047363: Sending PUBLISH to trackhub-laravel-subscriber (d0, q0, r0, m0, 'trackhub/gps', ... (275 bytes))
1783047363: Received PUBLISH from esp32-gps-01-32a50528 (d0, q0, r0, m0, 'trackhub/gps', ... (242 bytes))
1783047363: Sending PUBLISH to trackhub-laravel-subscriber (d0, q0, r0, m0, 'trackhub/gps', ... (242 bytes))
1783047363: Received PUBLISH from esp32-gps-01-32a50528 (d0, q0, r0, m0, 'trackhub/gps', ... (234 bytes))
1783047363: Sending PUBLISH to trackhub-laravel-subscriber (d0, q0, r0, m0, 'trackhub/gps', ... (234 bytes))
1783047364: Received PUBLISH from esp32-gps-01-32a50528 (d0, q0, r0, m0, 'trackhub/gps', ... (260 bytes))
1783047364: Sending PUBLISH to trackhub-laravel-subscriber (d0, q0, r0, m0, 'trackhub/gps', ... (260 bytes))
1783047364: Received PUBLISH from esp32-gps-01-32a50528 (d0, q0, r0, m0, 'trackhub/gps', ... (273 bytes))
1783047364: Sending PUBLISH to trackhub-laravel-subscriber (d0, q0, r0, m0, 'trackhub/gps', ... (273 bytes))
1783047364: Received PUBLISH from esp32-gps-01-32a50528 (d0, q0, r0, m0, 'trackhub/gps', ... (272 bytes))
1783047364: Sending PUBLISH to trackhub-laravel-subscriber (d0, q0, r0, m0, 'trackhub/gps', ... (272 bytes))
1783047364: Received PUBLISH from esp32-gps-01-32a50528 (d0, q0, r0, m0, 'trackhub/gps', ... (278 bytes))
1783047364: Sending PUBLISH to trackhub-laravel-subscriber (d0, q0, r0, m0, 'trackhub/gps', ... (278 bytes))
1783047365: Received PUBLISH from esp32-gps-01-32a50528 (d0, q0, r0, m0, 'trackhub/gps', ... (234 bytes))
1783047365: Sending PUBLISH to trackhub-laravel-subscriber (d0, q0, r0, m0, 'trackhub/gps', ... (234 bytes))
1783047365: Received PUBLISH from esp32-gps-01-32a50528 (d0, q0, r0, m0, 'trackhub/gps', ... (260 bytes))
1783047365: Sending PUBLISH to trackhub-laravel-subscriber (d0, q0, r0, m0, 'trackhub/gps', ... (260 bytes))
1783047365: Received PUBLISH from esp32-gps-01-32a50528 (d0, q0, r0, m0, 'trackhub/gps', ... (273 bytes))
1783047365: Sending PUBLISH to trackhub-laravel-subscriber (d0, q0, r0, m0, 'trackhub/gps', ... (273 bytes))
1783047366: Received PUBLISH from esp32-gps-01-32a50528 (d0, q0, r0, m0, 'trackhub/gps', ... (284 bytes))
1783047366: Sending PUBLISH to trackhub-laravel-subscriber (d0, q0, r0, m0, 'trackhub/gps', ... (284 bytes))
1783047366: Received PUBLISH from esp32-gps-01-32a50528 (d0, q0, r0, m0, 'trackhub/gps', ... (280 bytes))
1783047366: Sending PUBLISH to trackhub-laravel-subscriber (d0, q0, r0, m0, 'trackhub/gps', ... (280 bytes))
1783047366: Received PUBLISH from esp32-gps-01-32a50528 (d0, q0, r0, m0, 'trackhub/gps', ... (234 bytes))
1783047366: Sending PUBLISH to trackhub-laravel-subscriber (d0, q0, r0, m0, 'trackhub/gps', ... (234 bytes))
1783047367: Received PUBLISH from esp32-gps-01-32a50528 (d0, q0, r0, m0, 'trackhub/gps', ... (277 bytes))
1783047367: Sending PUBLISH to trackhub-laravel-subscriber (d0, q0, r0, m0, 'trackhub/gps', ... (277 bytes))
1783047367: Received PUBLISH from esp32-gps-01-32a50528 (d0, q0, r0, m0, 'trackhub/gps', ... (260 bytes))
1783047367: Sending PUBLISH to trackhub-laravel-subscriber (d0, q0, r0, m0, 'trackhub/gps', ... (260 bytes))
1783047367: Received PUBLISH from esp32-gps-01-32a50528 (d0, q0, r0, m0, 'trackhub/gps', ... (268 bytes))
1783047367: Sending PUBLISH to trackhub-laravel-subscriber (d0, q0, r0, m0, 'trackhub/gps', ... (268 bytes))
1783047367: Received DISCONNECT from trackhub-laravel-subscriber
1783047367: Client trackhub-laravel-subscriber disconnected.
1783047367: Received PUBLISH from esp32-gps-01-32a50528 (d0, q0, r0, m0, 'trackhub/gps', ... (242 bytes))
1783047368: Received PUBLISH from esp32-gps-01-32a50528 (d0, q0, r0, m0, 'trackhub/gps', ... (258 bytes))
1783047368: Received PUBLISH from esp32-gps-01-32a50528 (d0, q0, r0, m0, 'trackhub/gps', ... (277 bytes))
1783047368: Received PUBLISH from esp32-gps-01-32a50528 (d0, q0, r0, m0, 'trackhub/gps', ... (271 bytes))
1783047368: Received PUBLISH from esp32-gps-01-32a50528 (d0, q0, r0, m0, 'trackhub/gps', ... (274 bytes))
1783047369: Received PUBLISH from esp32-gps-01-32a50528 (d0, q0, r0, m0, 'trackhub/gps', ... (271 bytes))
1783047369: Received PUBLISH from esp32-gps-01-32a50528 (d0, q0, r0, m0, 'trackhub/gps', ... (234 bytes))
1783047369: Received PUBLISH from esp32-gps-01-32a50528 (d0, q0, r0, m0, 'trackhub/gps', ... (291 bytes))
1783047369: Received PUBLISH from esp32-gps-01-32a50528 (d0, q0, r0, m0, 'trackhub/gps', ... (259 bytes))
1783047370: Received PUBLISH from esp32-gps-01-32a50528 (d0, q0, r0, m0, 'trackhub/gps', ... (285 bytes))
1783047370: Received PUBLISH from esp32-gps-01-32a50528 (d0, q0, r0, m0, 'trackhub/gps', ... (282 bytes))
1783047370: Received PUBLISH from esp32-gps-01-32a50528 (d0, q0, r0, m0, 'trackhub/gps', ... (234 bytes))
1783047371: Received PUBLISH from esp32-gps-01-32a50528 (d0, q0, r0, m0, 'trackhub/gps', ... (243 bytes))
1783047371: Received PUBLISH from esp32-gps-01-32a50528 (d0, q0, r0, m0, 'trackhub/gps', ... (299 bytes))
1783047371: Received PUBLISH from esp32-gps-01-32a50528 (d0, q0, r0, m0, 'trackhub/gps', ... (285 bytes))
1783047371: Received PUBLISH from esp32-gps-01-32a50528 (d0, q0, r0, m0, 'trackhub/gps', ... (275 bytes))
1783047372: Received PUBLISH from esp32-gps-01-32a50528 (d0, q0, r0, m0, 'trackhub/gps', ... (234 bytes))
1783047372: Received PUBLISH from esp32-gps-01-32a50528 (d0, q0, r0, m0, 'trackhub/gps', ... (233 bytes))
1783047372: Received PUBLISH from esp32-gps-01-32a50528 (d0, q0, r0, m0, 'trackhub/gps', ... (261 bytes))
1783047372: New connection from 192.168.141.167:63825 on port 1883.
1783047372: New client connected from 192.168.141.167:63825 as trackhub-laravel-subscriber (p2, c1, k30).
1783047372: No will message specified.
1783047372: Sending CONNACK to trackhub-laravel-subscriber (0, 0)
1783047372: Received SUBSCRIBE from trackhub-laravel-subscriber
1783047372: 	trackhub/gps (QoS 0)
1783047372: trackhub-laravel-subscriber 0 trackhub/gps
1783047372: Sending SUBACK to trackhub-laravel-subscriber
1783047373: Received PUBLISH from esp32-gps-01-32a50528 (d0, q0, r0, m0, 'trackhub/gps', ... (285 bytes))
1783047373: Sending PUBLISH to trackhub-laravel-subscriber (d0, q0, r0, m0, 'trackhub/gps', ... (285 bytes))
1783047373: Received PUBLISH from esp32-gps-01-32a50528 (d0, q0, r0, m0, 'trackhub/gps', ... (275 bytes))
1783047373: Sending PUBLISH to trackhub-laravel-subscriber (d0, q0, r0, m0, 'trackhub/gps', ... (275 bytes))
1783047373: Received PUBLISH from esp32-gps-01-32a50528 (d0, q0, r0, m0, 'trackhub/gps', ... (251 bytes))
1783047373: Sending PUBLISH to trackhub-laravel-subscriber (d0, q0, r0, m0, 'trackhub/gps', ... (251 bytes))
1783047373: Received PUBLISH from esp32-gps-01-32a50528 (d0, q0, r0, m0, 'trackhub/gps', ... (234 bytes))
1783047373: Sending PUBLISH to trackhub-laravel-subscriber (d0, q0, r0, m0, 'trackhub/gps', ... (234 bytes))
1783047374: Received PUBLISH from esp32-gps-01-32a50528 (d0, q0, r0, m0, 'trackhub/gps', ... (241 bytes))
1783047374: Sending PUBLISH to trackhub-laravel-subscriber (d0, q0, r0, m0, 'trackhub/gps', ... (241 bytes))
1783047374: Received PUBLISH from esp32-gps-01-32a50528 (d0, q0, r0, m0, 'trackhub/gps', ... (286 bytes))
1783047374: Sending PUBLISH to trackhub-laravel-subscriber (d0, q0, r0, m0, 'trackhub/gps', ... (286 bytes))
1783047374: Received PUBLISH from esp32-gps-01-32a50528 (d0, q0, r0, m0, 'trackhub/gps', ... (276 bytes))
1783047374: Sending PUBLISH to trackhub-laravel-subscriber (d0, q0, r0, m0, 'trackhub/gps', ... (276 bytes))
1783047375: Received PUBLISH from esp32-gps-01-32a50528 (d0, q0, r0, m0, 'trackhub/gps', ... (242 bytes))
1783047375: Sending PUBLISH to trackhub-laravel-subscriber (d0, q0, r0, m0, 'trackhub/gps', ... (242 bytes))
1783047375: Received PUBLISH from esp32-gps-01-32a50528 (d0, q0, r0, m0, 'trackhub/gps', ... (243 bytes))
1783047375: Sending PUBLISH to trackhub-laravel-subscriber (d0, q0, r0, m0, 'trackhub/gps', ... (243 bytes))
1783047375: Received PUBLISH from esp32-gps-01-32a50528 (d0, q0, r0, m0, 'trackhub/gps', ... (261 bytes))
1783047375: Sending PUBLISH to trackhub-laravel-subscriber (d0, q0, r0, m0, 'trackhub/gps', ... (261 bytes))
1783047375: Received PUBLISH from esp32-gps-01-32a50528 (d0, q0, r0, m0, 'trackhub/gps', ... (286 bytes))
1783047375: Sending PUBLISH to trackhub-laravel-subscriber (d0, q0, r0, m0, 'trackhub/gps', ... (286 bytes))
1783047376: Received PUBLISH from esp32-gps-01-32a50528 (d0, q0, r0, m0, 'trackhub/gps', ... (274 bytes))
1783047376: Sending PUBLISH to trackhub-laravel-subscriber (d0, q0, r0, m0, 'trackhub/gps', ... (274 bytes))
1783047376: Received PUBLISH from esp32-gps-01-32a50528 (d0, q0, r0, m0, 'trackhub/gps', ... (240 bytes))
1783047376: Sending PUBLISH to trackhub-laravel-subscriber (d0, q0, r0, m0, 'trackhub/gps', ... (240 bytes))
1783047376: Received PUBLISH from esp32-gps-01-32a50528 (d0, q0, r0, m0, 'trackhub/gps', ... (234 bytes))
1783047376: Sending PUBLISH to trackhub-laravel-subscriber (d0, q0, r0, m0, 'trackhub/gps', ... (234 bytes))
1783047376: Received PUBLISH from esp32-gps-01-32a50528 (d0, q0, r0, m0, 'trackhub/gps', ... (256 bytes))
1783047376: Sending PUBLISH to trackhub-laravel-subscriber (d0, q0, r0, m0, 'trackhub/gps', ... (256 bytes))
1783047377: Received PUBLISH from esp32-gps-01-32a50528 (d0, q0, r0, m0, 'trackhub/gps', ... (273 bytes))
1783047377: Sending PUBLISH to trackhub-laravel-subscriber (d0, q0, r0, m0, 'trackhub/gps', ... (273 bytes))
1783047377: Received PUBLISH from esp32-gps-01-32a50528 (d0, q0, r0, m0, 'trackhub/gps', ... (252 bytes))
1783047377: Sending PUBLISH to trackhub-laravel-subscriber (d0, q0, r0, m0, 'trackhub/gps', ... (252 bytes))
1783047377: Received PUBLISH from esp32-gps-01-32a50528 (d0, q0, r0, m0, 'trackhub/gps', ... (277 bytes))
1783047377: Sending PUBLISH to trackhub-laravel-subscriber (d0, q0, r0, m0, 'trackhub/gps', ... (277 bytes))
1783047377: Received PUBLISH from esp32-gps-01-32a50528 (d0, q0, r0, m0, 'trackhub/gps', ... (234 bytes))
1783047377: Sending PUBLISH to trackhub-laravel-subscriber (d0, q0, r0, m0, 'trackhub/gps', ... (234 bytes))
1783047378: Received PUBLISH from esp32-gps-01-32a50528 (d0, q0, r0, m0, 'trackhub/gps', ... (256 bytes))
1783047378: Sending PUBLISH to trackhub-laravel-subscriber (d0, q0, r0, m0, 'trackhub/gps', ... (256 bytes))
1783047378: Received PUBLISH from esp32-gps-01-32a50528 (d0, q0, r0, m0, 'trackhub/gps', ... (262 bytes))
1783047378: Sending PUBLISH to trackhub-laravel-subscriber (d0, q0, r0, m0, 'trackhub/gps', ... (262 bytes))
1783047378: Received PUBLISH from esp32-gps-01-32a50528 (d0, q0, r0, m0, 'trackhub/gps', ... (320 bytes))
1783047378: Sending PUBLISH to trackhub-laravel-subscriber (d0, q0, r0, m0, 'trackhub/gps', ... (320 bytes))
1783047379: Received PUBLISH from esp32-gps-01-32a50528 (d0, q0, r0, m0, 'trackhub/gps', ... (240 bytes))
1783047379: Sending PUBLISH to trackhub-laravel-subscriber (d0, q0, r0, m0, 'trackhub/gps', ... (240 bytes))
1783047379: Received PUBLISH from esp32-gps-01-32a50528 (d0, q0, r0, m0, 'trackhub/gps', ... (277 bytes))
1783047379: Sending PUBLISH to trackhub-laravel-subscriber (d0, q0, r0, m0, 'trackhub/gps', ... (277 bytes))
1783047379: Received PUBLISH from esp32-gps-01-32a50528 (d0, q0, r0, m0, 'trackhub/gps', ... (289 bytes))
1783047379: Sending PUBLISH to trackhub-laravel-subscriber (d0, q0, r0, m0, 'trackhub/gps', ... (289 bytes))
1783047380: Received PUBLISH from esp32-gps-01-32a50528 (d0, q0, r0, m0, 'trackhub/gps', ... (262 bytes))
1783047380: Sending PUBLISH to trackhub-laravel-subscriber (d0, q0, r0, m0, 'trackhub/gps', ... (262 bytes))
1783047380: Received PUBLISH from esp32-gps-01-32a50528 (d0, q0, r0, m0, 'trackhub/gps', ... (272 bytes))
1783047380: Sending PUBLISH to trackhub-laravel-subscriber (d0, q0, r0, m0, 'trackhub/gps', ... (272 bytes))
1783047380: Received PUBLISH from esp32-gps-01-32a50528 (d0, q0, r0, m0, 'trackhub/gps', ... (237 bytes))
1783047380: Sending PUBLISH to trackhub-laravel-subscriber (d0, q0, r0, m0, 'trackhub/gps', ... (237 bytes))
1783047380: Received PUBLISH from esp32-gps-01-32a50528 (d0, q0, r0, m0, 'trackhub/gps', ... (234 bytes))
1783047380: Sending PUBLISH to trackhub-laravel-subscriber (d0, q0, r0, m0, 'trackhub/gps', ... (234 bytes))
1783047381: Received PUBLISH from esp32-gps-01-32a50528 (d0, q0, r0, m0, 'trackhub/gps', ... (219 bytes))
1783047381: Sending PUBLISH to trackhub-laravel-subscriber (d0, q0, r0, m0, 'trackhub/gps', ... (219 bytes))
1783047381: Received PUBLISH from esp32-gps-01-32a50528 (d0, q0, r0, m0, 'trackhub/gps', ... (285 bytes))
1783047381: Sending PUBLISH to trackhub-laravel-subscriber (d0, q0, r0, m0, 'trackhub/gps', ... (285 bytes))
1783047381: Client trackhub-laravel-subscriber closed its connection.
1783047381: Received PUBLISH from esp32-gps-01-32a50528 (d0, q0, r0, m0, 'trackhub/gps', ... (269 bytes))
1783047381: Received PUBLISH from esp32-gps-01-32a50528 (d0, q0, r0, m0, 'trackhub/gps', ... (236 bytes))
1783047382: Received PUBLISH from esp32-gps-01-32a50528 (d0, q0, r0, m0, 'trackhub/gps', ... (240 bytes))
1783047382: Received PUBLISH from esp32-gps-01-32a50528 (d0, q0, r0, m0, 'trackhub/gps', ... (234 bytes))
1783047382: Received PUBLISH from esp32-gps-01-32a50528 (d0, q0, r0, m0, 'trackhub/gps', ... (275 bytes))
1783047382: Received PUBLISH from esp32-gps-01-32a50528 (d0, q0, r0, m0, 'trackhub/gps', ... (271 bytes))
1783047383: Received PUBLISH from esp32-gps-01-32a50528 (d0, q0, r0, m0, 'trackhub/gps', ... (239 bytes))
1783047383: Received PUBLISH from esp32-gps-01-32a50528 (d0, q0, r0, m0, 'trackhub/gps', ... (272 bytes))
1783047383: Received PUBLISH from esp32-gps-01-32a50528 (d0, q0, r0, m0, 'trackhub/gps', ... (234 bytes))
1783047384: Received PUBLISH from esp32-gps-01-32a50528 (d0, q0, r0, m0, 'trackhub/gps', ... (260 bytes))
1783047384: Received PUBLISH from esp32-gps-01-32a50528 (d0, q0, r0, m0, 'trackhub/gps', ... (273 bytes))
1783047384: Received PUBLISH from esp32-gps-01-32a50528 (d0, q0, r0, m0, 'trackhub/gps', ... (228 bytes))
1783047385: Received PINGREQ from esp32-gps-01-32a50528
1783047385: Sending PINGRESP to esp32-gps-01-32a50528
1783047386: New connection from 192.168.141.167:63846 on port 1883.
1783047386: New client connected from 192.168.141.167:63846 as trackhub-laravel-subscriber (p2, c1, k30).
1783047386: No will message specified.
1783047386: Sending CONNACK to trackhub-laravel-subscriber (0, 0)
1783047386: Received SUBSCRIBE from trackhub-laravel-subscriber
1783047386: 	trackhub/gps (QoS 0)
1783047386: trackhub-laravel-subscriber 0 trackhub/gps
1783047386: Sending SUBACK to trackhub-laravel-subscriber
1783047388: Received PUBLISH from esp32-gps-01-32a50528 (d0, q0, r0, m0, 'trackhub/gps', ... (234 bytes))
1783047388: Sending PUBLISH to trackhub-laravel-subscriber (d0, q0, r0, m0, 'trackhub/gps', ... (234 bytes))
1783047391: Received PUBLISH from esp32-gps-01-32a50528 (d0, q0, r0, m0, 'trackhub/gps', ... (234 bytes))
1783047391: Sending PUBLISH to trackhub-laravel-subscriber (d0, q0, r0, m0, 'trackhub/gps', ... (234 bytes))
1783047394: Received PUBLISH from esp32-gps-01-32a50528 (d0, q0, r0, m0, 'trackhub/gps', ... (234 bytes))
1783047394: Sending PUBLISH to trackhub-laravel-subscriber (d0, q0, r0, m0, 'trackhub/gps', ... (234 bytes))
1783047396: Client trackhub-laravel-subscriber closed its connection.
1783047397: Received PUBLISH from esp32-gps-01-32a50528 (d0, q0, r0, m0, 'trackhub/gps', ... (234 bytes))
1783047401: New connection from 192.168.141.167:63854 on port 1883.
1783047401: New client connected from 192.168.141.167:63854 as trackhub-laravel-subscriber (p2, c1, k30).
1783047401: No will message specified.
1783047401: Sending CONNACK to trackhub-laravel-subscriber (0, 0)
1783047401: Received SUBSCRIBE from trackhub-laravel-subscriber
1783047401: 	trackhub/gps (QoS 0)
1783047401: trackhub-laravel-subscriber 0 trackhub/gps
1783047401: Sending SUBACK to trackhub-laravel-subscriber
1783047411: Received PINGREQ from trackhub-laravel-subscriber
1783047411: Sending PINGRESP to trackhub-laravel-subscriber
1783047419: Client esp32-gps-01-32a50528 has exceeded timeout, disconnecting.
1783047421: Received PINGREQ from trackhub-laravel-subscriber
1783047421: Sending PINGRESP to trackhub-laravel-subscriber
1783047431: Received PINGREQ from trackhub-laravel-subscriber
1783047431: Sending PINGRESP to trackhub-laravel-subscriber
1783047441: Received PINGREQ from trackhub-laravel-subscriber
1783047441: Sending PINGRESP to trackhub-laravel-subscriber
1783047451: Received PINGREQ from trackhub-laravel-subscriber
1783047451: Sending PINGRESP to trackhub-laravel-subscriber
1783047461: Received PINGREQ from trackhub-laravel-subscriber
1783047461: Sending PINGRESP to trackhub-laravel-subscriber
1783047471: Received PINGREQ from trackhub-laravel-subscriber
1783047471: Sending PINGRESP to trackhub-laravel-subscriber
1783047481: Received PINGREQ from trackhub-laravel-subscriber
1783047481: Sending PINGRESP to trackhub-laravel-subscriber
1783047491: Received PINGREQ from trackhub-laravel-subscriber
1783047491: Sending PINGRESP to trackhub-laravel-subscriber
1783047501: Received PINGREQ from trackhub-laravel-subscriber
1783047501: Sending PINGRESP to trackhub-laravel-subscriber
1783047511: Received PINGREQ from trackhub-laravel-subscriber
1783047511: Sending PINGRESP to trackhub-laravel-subscriber
1783047521: Received PINGREQ from trackhub-laravel-subscriber
1783047521: Sending PINGRESP to trackhub-laravel-subscriber
1783047531: Received PINGREQ from trackhub-laravel-subscriber
1783047531: Sending PINGRESP to trackhub-laravel-subscriber
1783047541: Received PINGREQ from trackhub-laravel-subscriber
1783047541: Sending PINGRESP to trackhub-laravel-subscriber
1783047551: Received PINGREQ from trackhub-laravel-subscriber
1783047551: Sending PINGRESP to trackhub-laravel-subscriber
1783047561: Received PINGREQ from trackhub-laravel-subscriber
1783047561: Sending PINGRESP to trackhub-laravel-subscriber
1783047571: Received PINGREQ from trackhub-laravel-subscriber
1783047571: Sending PINGRESP to trackhub-laravel-subscriber
1783047581: Received PINGREQ from trackhub-laravel-subscriber
1783047581: Sending PINGRESP to trackhub-laravel-subscriber
1783047591: Received PINGREQ from trackhub-laravel-subscriber
1783047591: Sending PINGRESP to trackhub-laravel-subscriber
1783047601: Received PINGREQ from trackhub-laravel-subscriber
1783047601: Sending PINGRESP to trackhub-laravel-subscriber
1783047611: Received PINGREQ from trackhub-laravel-subscriber
1783047611: Sending PINGRESP to trackhub-laravel-subscriber
1783047616: mosquitto version 2.0.22 terminating
1783047616: Saving in-memory database to D:\gpstracker\MQTT\mosquitto\data\\mosquitto.db.
1783047656: mosquitto version 2.0.22 starting
1783047656: Config loaded from D:\gpstracker\MQTT\mosquitto-local.conf.
1783047656: Opening ipv4 listen socket on port 1883.
1783047656: mosquitto version 2.0.22 running
1783047661: New connection from 192.168.141.167:52359 on port 1883.
1783047661: New client connected from 192.168.141.167:52359 as trackhub-laravel-subscriber (p2, c1, k30).
1783047661: No will message specified.
1783047661: Sending CONNACK to trackhub-laravel-subscriber (0, 0)
1783047661: Received SUBSCRIBE from trackhub-laravel-subscriber
1783047661: 	trackhub/gps (QoS 0)
1783047661: trackhub-laravel-subscriber 0 trackhub/gps
1783047661: Sending SUBACK to trackhub-laravel-subscriber
1783047671: Received PINGREQ from trackhub-laravel-subscriber
1783047671: Sending PINGRESP to trackhub-laravel-subscriber
1783047672: New connection from 192.168.141.57:61578 on port 1883.
1783047672: New client connected from 192.168.141.57:61578 as esp32-gps-01-32a50528 (p2, c1, k15).
1783047672: No will message specified.
1783047672: Sending CONNACK to esp32-gps-01-32a50528 (0, 0)
1783047672: Received PUBLISH from esp32-gps-01-32a50528 (d0, q0, r0, m0, 'trackhub/gps', ... (205 bytes))
1783047672: Sending PUBLISH to trackhub-laravel-subscriber (d0, q0, r0, m0, 'trackhub/gps', ... (205 bytes))
1783047675: Received PUBLISH from esp32-gps-01-32a50528 (d0, q0, r0, m0, 'trackhub/gps', ... (254 bytes))
1783047675: Sending PUBLISH to trackhub-laravel-subscriber (d0, q0, r0, m0, 'trackhub/gps', ... (254 bytes))
1783047678: Received PUBLISH from esp32-gps-01-32a50528 (d0, q0, r0, m0, 'trackhub/gps', ... (256 bytes))
1783047678: Sending PUBLISH to trackhub-laravel-subscriber (d0, q0, r0, m0, 'trackhub/gps', ... (256 bytes))
1783047680: Client trackhub-laravel-subscriber closed its connection.
1783047681: Received PUBLISH from esp32-gps-01-32a50528 (d0, q0, r0, m0, 'trackhub/gps', ... (256 bytes))
1783047684: Received PUBLISH from esp32-gps-01-32a50528 (d0, q0, r0, m0, 'trackhub/gps', ... (256 bytes))
1783047685: New connection from 192.168.141.167:57184 on port 1883.
1783047685: New client connected from 192.168.141.167:57184 as trackhub-laravel-subscriber (p2, c1, k30).
1783047685: No will message specified.
1783047685: Sending CONNACK to trackhub-laravel-subscriber (0, 0)
1783047685: Received SUBSCRIBE from trackhub-laravel-subscriber
1783047685: 	trackhub/gps (QoS 0)
1783047685: trackhub-laravel-subscriber 0 trackhub/gps
1783047685: Sending SUBACK to trackhub-laravel-subscriber
1783047687: Received PINGREQ from esp32-gps-01-32a50528
1783047687: Sending PINGRESP to esp32-gps-01-32a50528
1783047687: Received PUBLISH from esp32-gps-01-32a50528 (d0, q0, r0, m0, 'trackhub/gps', ... (256 bytes))
1783047687: Sending PUBLISH to trackhub-laravel-subscriber (d0, q0, r0, m0, 'trackhub/gps', ... (256 bytes))
1783047690: Received PUBLISH from esp32-gps-01-32a50528 (d0, q0, r0, m0, 'trackhub/gps', ... (256 bytes))
1783047690: Sending PUBLISH to trackhub-laravel-subscriber (d0, q0, r0, m0, 'trackhub/gps', ... (256 bytes))
1783047693: Received PUBLISH from esp32-gps-01-32a50528 (d0, q0, r0, m0, 'trackhub/gps', ... (258 bytes))
1783047693: Sending PUBLISH to trackhub-laravel-subscriber (d0, q0, r0, m0, 'trackhub/gps', ... (258 bytes))
1783047695: Client trackhub-laravel-subscriber closed its connection.
1783047696: Received PUBLISH from esp32-gps-01-32a50528 (d0, q0, r0, m0, 'trackhub/gps', ... (258 bytes))
1783047699: Received PUBLISH from esp32-gps-01-32a50528 (d0, q0, r0, m0, 'trackhub/gps', ... (258 bytes))
1783047700: New connection from 192.168.141.167:59296 on port 1883.
1783047700: New client connected from 192.168.141.167:59296 as trackhub-laravel-subscriber (p2, c1, k30).
1783047700: No will message specified.
1783047700: Sending CONNACK to trackhub-laravel-subscriber (0, 0)
1783047700: Received SUBSCRIBE from trackhub-laravel-subscriber
1783047700: 	trackhub/gps (QoS 0)
1783047700: trackhub-laravel-subscriber 0 trackhub/gps
1783047700: Sending SUBACK to trackhub-laravel-subscriber
1783047702: Received PINGREQ from esp32-gps-01-32a50528
1783047702: Sending PINGRESP to esp32-gps-01-32a50528
1783047702: Received PUBLISH from esp32-gps-01-32a50528 (d0, q0, r0, m0, 'trackhub/gps', ... (258 bytes))
1783047702: Sending PUBLISH to trackhub-laravel-subscriber (d0, q0, r0, m0, 'trackhub/gps', ... (258 bytes))
1783047705: Received PUBLISH from esp32-gps-01-32a50528 (d0, q0, r0, m0, 'trackhub/gps', ... (258 bytes))
1783047705: Sending PUBLISH to trackhub-laravel-subscriber (d0, q0, r0, m0, 'trackhub/gps', ... (258 bytes))
1783047708: Received PUBLISH from esp32-gps-01-32a50528 (d0, q0, r0, m0, 'trackhub/gps', ... (258 bytes))
1783047708: Sending PUBLISH to trackhub-laravel-subscriber (d0, q0, r0, m0, 'trackhub/gps', ... (258 bytes))
1783047710: Received DISCONNECT from trackhub-laravel-subscriber
1783047710: Client trackhub-laravel-subscriber disconnected.
1783047711: Received PUBLISH from esp32-gps-01-32a50528 (d0, q0, r0, m0, 'trackhub/gps', ... (258 bytes))
1783047714: Received PUBLISH from esp32-gps-01-32a50528 (d0, q0, r0, m0, 'trackhub/gps', ... (258 bytes))
1783047715: New connection from 192.168.141.167:59304 on port 1883.
1783047715: New client connected from 192.168.141.167:59304 as trackhub-laravel-subscriber (p2, c1, k30).
1783047715: No will message specified.
1783047715: Sending CONNACK to trackhub-laravel-subscriber (0, 0)
1783047715: Received SUBSCRIBE from trackhub-laravel-subscriber
1783047715: 	trackhub/gps (QoS 0)
1783047715: trackhub-laravel-subscriber 0 trackhub/gps
1783047715: Sending SUBACK to trackhub-laravel-subscriber
1783047717: Received PINGREQ from esp32-gps-01-32a50528
1783047717: Sending PINGRESP to esp32-gps-01-32a50528
1783047717: Received PUBLISH from esp32-gps-01-32a50528 (d0, q0, r0, m0, 'trackhub/gps', ... (258 bytes))
1783047717: Sending PUBLISH to trackhub-laravel-subscriber (d0, q0, r0, m0, 'trackhub/gps', ... (258 bytes))
1783047720: Received PUBLISH from esp32-gps-01-32a50528 (d0, q0, r0, m0, 'trackhub/gps', ... (258 bytes))
1783047720: Sending PUBLISH to trackhub-laravel-subscriber (d0, q0, r0, m0, 'trackhub/gps', ... (258 bytes))
1783047723: Received PUBLISH from esp32-gps-01-32a50528 (d0, q0, r0, m0, 'trackhub/gps', ... (245 bytes))
1783047723: Sending PUBLISH to trackhub-laravel-subscriber (d0, q0, r0, m0, 'trackhub/gps', ... (245 bytes))
1783047725: Received DISCONNECT from trackhub-laravel-subscriber
1783047725: Client trackhub-laravel-subscriber disconnected.
1783047726: Received PUBLISH from esp32-gps-01-32a50528 (d0, q0, r0, m0, 'trackhub/gps', ... (245 bytes))
1783047729: Received PUBLISH from esp32-gps-01-32a50528 (d0, q0, r0, m0, 'trackhub/gps', ... (245 bytes))
1783047730: New connection from 192.168.141.167:63556 on port 1883.
1783047730: New client connected from 192.168.141.167:63556 as trackhub-laravel-subscriber (p2, c1, k30).
1783047730: No will message specified.
1783047730: Sending CONNACK to trackhub-laravel-subscriber (0, 0)
1783047730: Received SUBSCRIBE from trackhub-laravel-subscriber
1783047730: 	trackhub/gps (QoS 0)
1783047730: trackhub-laravel-subscriber 0 trackhub/gps
1783047730: Sending SUBACK to trackhub-laravel-subscriber
1783047732: Received PINGREQ from esp32-gps-01-32a50528
1783047732: Sending PINGRESP to esp32-gps-01-32a50528
1783047732: Received PUBLISH from esp32-gps-01-32a50528 (d0, q0, r0, m0, 'trackhub/gps', ... (245 bytes))
1783047732: Sending PUBLISH to trackhub-laravel-subscriber (d0, q0, r0, m0, 'trackhub/gps', ... (245 bytes))
1783047735: Received PUBLISH from esp32-gps-01-32a50528 (d0, q0, r0, m0, 'trackhub/gps', ... (247 bytes))
1783047735: Sending PUBLISH to trackhub-laravel-subscriber (d0, q0, r0, m0, 'trackhub/gps', ... (247 bytes))
1783047738: Received PUBLISH from esp32-gps-01-32a50528 (d0, q0, r0, m0, 'trackhub/gps', ... (247 bytes))
1783047738: Sending PUBLISH to trackhub-laravel-subscriber (d0, q0, r0, m0, 'trackhub/gps', ... (247 bytes))
1783047740: Received DISCONNECT from trackhub-laravel-subscriber
1783047740: Client trackhub-laravel-subscriber disconnected.
1783047741: Received PUBLISH from esp32-gps-01-32a50528 (d0, q0, r0, m0, 'trackhub/gps', ... (270 bytes))
1783047744: Received PUBLISH from esp32-gps-01-32a50528 (d0, q0, r0, m0, 'trackhub/gps', ... (270 bytes))
1783047745: New connection from 192.168.141.167:63563 on port 1883.
1783047745: New client connected from 192.168.141.167:63563 as trackhub-laravel-subscriber (p2, c1, k30).
1783047745: No will message specified.
1783047745: Sending CONNACK to trackhub-laravel-subscriber (0, 0)
1783047745: Received SUBSCRIBE from trackhub-laravel-subscriber
1783047745: 	trackhub/gps (QoS 0)
1783047745: trackhub-laravel-subscriber 0 trackhub/gps
1783047745: Sending SUBACK to trackhub-laravel-subscriber
1783047747: Received PINGREQ from esp32-gps-01-32a50528
1783047747: Sending PINGRESP to esp32-gps-01-32a50528
1783047747: Received PUBLISH from esp32-gps-01-32a50528 (d0, q0, r0, m0, 'trackhub/gps', ... (270 bytes))
1783047747: Sending PUBLISH to trackhub-laravel-subscriber (d0, q0, r0, m0, 'trackhub/gps', ... (270 bytes))
1783047750: Received PUBLISH from esp32-gps-01-32a50528 (d0, q0, r0, m0, 'trackhub/gps', ... (272 bytes))
1783047750: Sending PUBLISH to trackhub-laravel-subscriber (d0, q0, r0, m0, 'trackhub/gps', ... (272 bytes))
1783047753: Received PUBLISH from esp32-gps-01-32a50528 (d0, q0, r0, m0, 'trackhub/gps', ... (273 bytes))
1783047753: Sending PUBLISH to trackhub-laravel-subscriber (d0, q0, r0, m0, 'trackhub/gps', ... (273 bytes))
1783047755: Received DISCONNECT from trackhub-laravel-subscriber
1783047755: Client trackhub-laravel-subscriber disconnected.
1783047756: Received PUBLISH from esp32-gps-01-32a50528 (d0, q0, r0, m0, 'trackhub/gps', ... (273 bytes))
1783047759: Received PUBLISH from esp32-gps-01-32a50528 (d0, q0, r0, m0, 'trackhub/gps', ... (275 bytes))
1783047760: New connection from 192.168.141.167:63575 on port 1883.
1783047760: New client connected from 192.168.141.167:63575 as trackhub-laravel-subscriber (p2, c1, k30).
1783047760: No will message specified.
1783047760: Sending CONNACK to trackhub-laravel-subscriber (0, 0)
1783047760: Received SUBSCRIBE from trackhub-laravel-subscriber
1783047760: 	trackhub/gps (QoS 0)
1783047760: trackhub-laravel-subscriber 0 trackhub/gps
1783047760: Sending SUBACK to trackhub-laravel-subscriber
1783047762: Received PINGREQ from esp32-gps-01-32a50528
1783047762: Sending PINGRESP to esp32-gps-01-32a50528
1783047762: Received PUBLISH from esp32-gps-01-32a50528 (d0, q0, r0, m0, 'trackhub/gps', ... (275 bytes))
1783047762: Sending PUBLISH to trackhub-laravel-subscriber (d0, q0, r0, m0, 'trackhub/gps', ... (275 bytes))
1783047765: Received PUBLISH from esp32-gps-01-32a50528 (d0, q0, r0, m0, 'trackhub/gps', ... (275 bytes))
1783047765: Sending PUBLISH to trackhub-laravel-subscriber (d0, q0, r0, m0, 'trackhub/gps', ... (275 bytes))
1783047768: Received PUBLISH from esp32-gps-01-32a50528 (d0, q0, r0, m0, 'trackhub/gps', ... (275 bytes))
1783047768: Sending PUBLISH to trackhub-laravel-subscriber (d0, q0, r0, m0, 'trackhub/gps', ... (275 bytes))
1783047770: Received DISCONNECT from trackhub-laravel-subscriber
1783047770: Client trackhub-laravel-subscriber disconnected.
1783047771: Received PUBLISH from esp32-gps-01-32a50528 (d0, q0, r0, m0, 'trackhub/gps', ... (273 bytes))
1783047774: Received PUBLISH from esp32-gps-01-32a50528 (d0, q0, r0, m0, 'trackhub/gps', ... (273 bytes))
1783047775: New connection from 192.168.141.167:63593 on port 1883.
1783047775: New client connected from 192.168.141.167:63593 as trackhub-laravel-subscriber (p2, c1, k30).
1783047775: No will message specified.
1783047775: Sending CONNACK to trackhub-laravel-subscriber (0, 0)
1783047775: Received SUBSCRIBE from trackhub-laravel-subscriber
1783047775: 	trackhub/gps (QoS 0)
1783047775: trackhub-laravel-subscriber 0 trackhub/gps
1783047775: Sending SUBACK to trackhub-laravel-subscriber
1783047777: Received PINGREQ from esp32-gps-01-32a50528
1783047777: Sending PINGRESP to esp32-gps-01-32a50528
1783047777: Received PUBLISH from esp32-gps-01-32a50528 (d0, q0, r0, m0, 'trackhub/gps', ... (273 bytes))
1783047777: Sending PUBLISH to trackhub-laravel-subscriber (d0, q0, r0, m0, 'trackhub/gps', ... (273 bytes))
1783047780: Received PUBLISH from esp32-gps-01-32a50528 (d0, q0, r0, m0, 'trackhub/gps', ... (260 bytes))
1783047780: Sending PUBLISH to trackhub-laravel-subscriber (d0, q0, r0, m0, 'trackhub/gps', ... (260 bytes))
1783047783: Received PUBLISH from esp32-gps-01-32a50528 (d0, q0, r0, m0, 'trackhub/gps', ... (260 bytes))
1783047783: Sending PUBLISH to trackhub-laravel-subscriber (d0, q0, r0, m0, 'trackhub/gps', ... (260 bytes))
1783047785: Client trackhub-laravel-subscriber closed its connection.
1783047786: Received PUBLISH from esp32-gps-01-32a50528 (d0, q0, r0, m0, 'trackhub/gps', ... (260 bytes))
1783047789: Received PUBLISH from esp32-gps-01-32a50528 (d0, q0, r0, m0, 'trackhub/gps', ... (260 bytes))
1783047790: New connection from 192.168.141.167:55076 on port 1883.
1783047790: New client connected from 192.168.141.167:55076 as trackhub-laravel-subscriber (p2, c1, k30).
1783047790: No will message specified.
1783047790: Sending CONNACK to trackhub-laravel-subscriber (0, 0)
1783047790: Received SUBSCRIBE from trackhub-laravel-subscriber
1783047790: 	trackhub/gps (QoS 0)
1783047790: trackhub-laravel-subscriber 0 trackhub/gps
1783047790: Sending SUBACK to trackhub-laravel-subscriber
1783047792: Received PINGREQ from esp32-gps-01-32a50528
1783047792: Sending PINGRESP to esp32-gps-01-32a50528
1783047792: Received PUBLISH from esp32-gps-01-32a50528 (d0, q0, r0, m0, 'trackhub/gps', ... (260 bytes))
1783047792: Sending PUBLISH to trackhub-laravel-subscriber (d0, q0, r0, m0, 'trackhub/gps', ... (260 bytes))
1783047795: Received PUBLISH from esp32-gps-01-32a50528 (d0, q0, r0, m0, 'trackhub/gps', ... (260 bytes))
1783047795: Sending PUBLISH to trackhub-laravel-subscriber (d0, q0, r0, m0, 'trackhub/gps', ... (260 bytes))
1783047798: Received PUBLISH from esp32-gps-01-32a50528 (d0, q0, r0, m0, 'trackhub/gps', ... (262 bytes))
1783047798: Sending PUBLISH to trackhub-laravel-subscriber (d0, q0, r0, m0, 'trackhub/gps', ... (262 bytes))
1783047800: Received DISCONNECT from trackhub-laravel-subscriber
1783047800: Client trackhub-laravel-subscriber disconnected.
1783047801: Received PUBLISH from esp32-gps-01-32a50528 (d0, q0, r0, m0, 'trackhub/gps', ... (262 bytes))
1783047804: Received PUBLISH from esp32-gps-01-32a50528 (d0, q0, r0, m0, 'trackhub/gps', ... (262 bytes))
1783047805: New connection from 192.168.141.167:56323 on port 1883.
1783047805: New client connected from 192.168.141.167:56323 as trackhub-laravel-subscriber (p2, c1, k30).
1783047805: No will message specified.
1783047805: Sending CONNACK to trackhub-laravel-subscriber (0, 0)
1783047805: Received SUBSCRIBE from trackhub-laravel-subscriber
1783047805: 	trackhub/gps (QoS 0)
1783047805: trackhub-laravel-subscriber 0 trackhub/gps
1783047805: Sending SUBACK to trackhub-laravel-subscriber
1783047807: Received PINGREQ from esp32-gps-01-32a50528
1783047807: Sending PINGRESP to esp32-gps-01-32a50528
1783047807: Received PUBLISH from esp32-gps-01-32a50528 (d0, q0, r0, m0, 'trackhub/gps', ... (277 bytes))
1783047807: Sending PUBLISH to trackhub-laravel-subscriber (d0, q0, r0, m0, 'trackhub/gps', ... (277 bytes))
1783047810: Received PUBLISH from esp32-gps-01-32a50528 (d0, q0, r0, m0, 'trackhub/gps', ... (277 bytes))
1783047810: Sending PUBLISH to trackhub-laravel-subscriber (d0, q0, r0, m0, 'trackhub/gps', ... (277 bytes))
1783047813: Received PUBLISH from esp32-gps-01-32a50528 (d0, q0, r0, m0, 'trackhub/gps', ... (240 bytes))
1783047813: Sending PUBLISH to trackhub-laravel-subscriber (d0, q0, r0, m0, 'trackhub/gps', ... (240 bytes))
1783047815: Client trackhub-laravel-subscriber closed its connection.
1783047816: Received PUBLISH from esp32-gps-01-32a50528 (d0, q0, r0, m0, 'trackhub/gps', ... (240 bytes))
1783047819: Received PUBLISH from esp32-gps-01-32a50528 (d0, q0, r0, m0, 'trackhub/gps', ... (242 bytes))
1783047820: New connection from 192.168.141.167:56334 on port 1883.
1783047820: New client connected from 192.168.141.167:56334 as trackhub-laravel-subscriber (p2, c1, k30).
1783047820: No will message specified.
1783047820: Sending CONNACK to trackhub-laravel-subscriber (0, 0)
1783047820: Received SUBSCRIBE from trackhub-laravel-subscriber
1783047820: 	trackhub/gps (QoS 0)
1783047820: trackhub-laravel-subscriber 0 trackhub/gps
1783047820: Sending SUBACK to trackhub-laravel-subscriber
1783047822: Received PINGREQ from esp32-gps-01-32a50528
1783047822: Sending PINGRESP to esp32-gps-01-32a50528
1783047822: Received PUBLISH from esp32-gps-01-32a50528 (d0, q0, r0, m0, 'trackhub/gps', ... (242 bytes))
1783047822: Sending PUBLISH to trackhub-laravel-subscriber (d0, q0, r0, m0, 'trackhub/gps', ... (242 bytes))
1783047825: Received PUBLISH from esp32-gps-01-32a50528 (d0, q0, r0, m0, 'trackhub/gps', ... (242 bytes))
1783047825: Sending PUBLISH to trackhub-laravel-subscriber (d0, q0, r0, m0, 'trackhub/gps', ... (242 bytes))
1783047828: Received PUBLISH from esp32-gps-01-32a50528 (d0, q0, r0, m0, 'trackhub/gps', ... (234 bytes))
1783047828: Sending PUBLISH to trackhub-laravel-subscriber (d0, q0, r0, m0, 'trackhub/gps', ... (234 bytes))
1783047830: New connection from 192.168.141.167:56343 on port 1883.
1783047830: Client trackhub-laravel-subscriber already connected, closing old connection.
1783047830: New client connected from 192.168.141.167:56343 as trackhub-laravel-subscriber (p2, c1, k30).
1783047830: No will message specified.
1783047830: Sending CONNACK to trackhub-laravel-subscriber (0, 0)
1783047830: Received SUBSCRIBE from trackhub-laravel-subscriber
1783047830: 	trackhub/gps (QoS 0)
1783047830: trackhub-laravel-subscriber 0 trackhub/gps
1783047830: Sending SUBACK to trackhub-laravel-subscriber
1783047831: Received PUBLISH from esp32-gps-01-32a50528 (d0, q0, r0, m0, 'trackhub/gps', ... (234 bytes))
1783047831: Sending PUBLISH to trackhub-laravel-subscriber (d0, q0, r0, m0, 'trackhub/gps', ... (234 bytes))
1783047831: Received DISCONNECT from trackhub-laravel-subscriber
1783047831: Client trackhub-laravel-subscriber disconnected.
1783047834: Received PUBLISH from esp32-gps-01-32a50528 (d0, q0, r0, m0, 'trackhub/gps', ... (234 bytes))
1783047836: New connection from 192.168.141.167:56347 on port 1883.
1783047836: New client connected from 192.168.141.167:56347 as trackhub-laravel-subscriber (p2, c1, k30).
1783047836: No will message specified.
1783047836: Sending CONNACK to trackhub-laravel-subscriber (0, 0)
1783047836: Received SUBSCRIBE from trackhub-laravel-subscriber
1783047836: 	trackhub/gps (QoS 0)
1783047836: trackhub-laravel-subscriber 0 trackhub/gps
1783047836: Sending SUBACK to trackhub-laravel-subscriber
1783047836: New connection from 192.168.141.167:56348 on port 1883.
1783047837: Client trackhub-laravel-subscriber already connected, closing old connection.
1783047837: New client connected from 192.168.141.167:56348 as trackhub-laravel-subscriber (p2, c1, k30).
1783047837: No will message specified.
1783047837: Sending CONNACK to trackhub-laravel-subscriber (0, 0)
1783047837: Received SUBSCRIBE from trackhub-laravel-subscriber
1783047837: 	trackhub/gps (QoS 0)
1783047837: trackhub-laravel-subscriber 0 trackhub/gps
1783047837: Sending SUBACK to trackhub-laravel-subscriber
1783047837: Received PINGREQ from esp32-gps-01-32a50528
1783047837: Sending PINGRESP to esp32-gps-01-32a50528
1783047837: Received PUBLISH from esp32-gps-01-32a50528 (d0, q0, r0, m0, 'trackhub/gps', ... (234 bytes))
1783047837: Sending PUBLISH to trackhub-laravel-subscriber (d0, q0, r0, m0, 'trackhub/gps', ... (234 bytes))
1783047837: Received DISCONNECT from trackhub-laravel-subscriber
1783047837: Client trackhub-laravel-subscriber disconnected.
1783047840: Received PUBLISH from esp32-gps-01-32a50528 (d0, q0, r0, m0, 'trackhub/gps', ... (234 bytes))
1783047842: New connection from 192.168.141.167:56349 on port 1883.
1783047842: New client connected from 192.168.141.167:56349 as trackhub-laravel-subscriber (p2, c1, k30).
1783047842: No will message specified.
1783047842: Sending CONNACK to trackhub-laravel-subscriber (0, 0)
1783047842: Received SUBSCRIBE from trackhub-laravel-subscriber
1783047842: 	trackhub/gps (QoS 0)
1783047842: trackhub-laravel-subscriber 0 trackhub/gps
1783047842: Sending SUBACK to trackhub-laravel-subscriber
1783047843: Received PUBLISH from esp32-gps-01-32a50528 (d0, q0, r0, m0, 'trackhub/gps', ... (234 bytes))
1783047843: Sending PUBLISH to trackhub-laravel-subscriber (d0, q0, r0, m0, 'trackhub/gps', ... (234 bytes))
1783047846: Received PUBLISH from esp32-gps-01-32a50528 (d0, q0, r0, m0, 'trackhub/gps', ... (234 bytes))
1783047846: Sending PUBLISH to trackhub-laravel-subscriber (d0, q0, r0, m0, 'trackhub/gps', ... (234 bytes))
1783047849: Received PUBLISH from esp32-gps-01-32a50528 (d0, q0, r0, m0, 'trackhub/gps', ... (234 bytes))
1783047849: Sending PUBLISH to trackhub-laravel-subscriber (d0, q0, r0, m0, 'trackhub/gps', ... (234 bytes))
1783047852: Received DISCONNECT from trackhub-laravel-subscriber
1783047852: Client trackhub-laravel-subscriber disconnected.
1783047852: Received PINGREQ from esp32-gps-01-32a50528
1783047852: Sending PINGRESP to esp32-gps-01-32a50528
1783047852: Received PUBLISH from esp32-gps-01-32a50528 (d0, q0, r0, m0, 'trackhub/gps', ... (234 bytes))
1783047856: Received PUBLISH from esp32-gps-01-32a50528 (d0, q0, r0, m0, 'trackhub/gps', ... (234 bytes))
1783047857: New connection from 192.168.141.167:56355 on port 1883.
1783047857: New client connected from 192.168.141.167:56355 as trackhub-laravel-subscriber (p2, c1, k30).
1783047857: No will message specified.
1783047857: Sending CONNACK to trackhub-laravel-subscriber (0, 0)
1783047857: Received SUBSCRIBE from trackhub-laravel-subscriber
1783047857: 	trackhub/gps (QoS 0)
1783047857: trackhub-laravel-subscriber 0 trackhub/gps
1783047857: Sending SUBACK to trackhub-laravel-subscriber
1783047859: Received PUBLISH from esp32-gps-01-32a50528 (d0, q0, r0, m0, 'trackhub/gps', ... (234 bytes))
1783047859: Sending PUBLISH to trackhub-laravel-subscriber (d0, q0, r0, m0, 'trackhub/gps', ... (234 bytes))
1783047862: Received PUBLISH from esp32-gps-01-32a50528 (d0, q0, r0, m0, 'trackhub/gps', ... (234 bytes))
1783047862: Sending PUBLISH to trackhub-laravel-subscriber (d0, q0, r0, m0, 'trackhub/gps', ... (234 bytes))
1783047865: Received PUBLISH from esp32-gps-01-32a50528 (d0, q0, r0, m0, 'trackhub/gps', ... (234 bytes))
1783047865: Sending PUBLISH to trackhub-laravel-subscriber (d0, q0, r0, m0, 'trackhub/gps', ... (234 bytes))
1783047867: Received PINGREQ from esp32-gps-01-32a50528
1783047867: Sending PINGRESP to esp32-gps-01-32a50528
1783047867: Received DISCONNECT from trackhub-laravel-subscriber
1783047867: Client trackhub-laravel-subscriber disconnected.
1783047868: Received PUBLISH from esp32-gps-01-32a50528 (d0, q0, r0, m0, 'trackhub/gps', ... (234 bytes))
1783047871: Received PUBLISH from esp32-gps-01-32a50528 (d0, q0, r0, m0, 'trackhub/gps', ... (234 bytes))
1783047872: New connection from 192.168.141.167:56362 on port 1883.
1783047872: New client connected from 192.168.141.167:56362 as trackhub-laravel-subscriber (p2, c1, k30).
1783047872: No will message specified.
1783047872: Sending CONNACK to trackhub-laravel-subscriber (0, 0)
1783047872: Received SUBSCRIBE from trackhub-laravel-subscriber
1783047872: 	trackhub/gps (QoS 0)
1783047872: trackhub-laravel-subscriber 0 trackhub/gps
1783047872: Sending SUBACK to trackhub-laravel-subscriber
1783047874: Received PUBLISH from esp32-gps-01-32a50528 (d0, q0, r0, m0, 'trackhub/gps', ... (234 bytes))
1783047874: Sending PUBLISH to trackhub-laravel-subscriber (d0, q0, r0, m0, 'trackhub/gps', ... (234 bytes))
1783047877: Received PUBLISH from esp32-gps-01-32a50528 (d0, q0, r0, m0, 'trackhub/gps', ... (234 bytes))
1783047877: Sending PUBLISH to trackhub-laravel-subscriber (d0, q0, r0, m0, 'trackhub/gps', ... (234 bytes))
1783047880: Received PUBLISH from esp32-gps-01-32a50528 (d0, q0, r0, m0, 'trackhub/gps', ... (234 bytes))
1783047880: Sending PUBLISH to trackhub-laravel-subscriber (d0, q0, r0, m0, 'trackhub/gps', ... (234 bytes))
1783047882: Received PINGREQ from esp32-gps-01-32a50528
1783047882: Sending PINGRESP to esp32-gps-01-32a50528
1783047882: Received DISCONNECT from trackhub-laravel-subscriber
1783047882: Client trackhub-laravel-subscriber disconnected.
1783047883: Received PUBLISH from esp32-gps-01-32a50528 (d0, q0, r0, m0, 'trackhub/gps', ... (234 bytes))
1783047886: Received PUBLISH from esp32-gps-01-32a50528 (d0, q0, r0, m0, 'trackhub/gps', ... (234 bytes))
1783047887: New connection from 192.168.141.167:56376 on port 1883.
1783047887: New client connected from 192.168.141.167:56376 as trackhub-laravel-subscriber (p2, c1, k30).
1783047887: No will message specified.
1783047887: Sending CONNACK to trackhub-laravel-subscriber (0, 0)
1783047887: Received SUBSCRIBE from trackhub-laravel-subscriber
1783047887: 	trackhub/gps (QoS 0)
1783047887: trackhub-laravel-subscriber 0 trackhub/gps
1783047887: Sending SUBACK to trackhub-laravel-subscriber
1783047889: Received PUBLISH from esp32-gps-01-32a50528 (d0, q0, r0, m0, 'trackhub/gps', ... (276 bytes))
1783047889: Sending PUBLISH to trackhub-laravel-subscriber (d0, q0, r0, m0, 'trackhub/gps', ... (276 bytes))
1783047892: Received PUBLISH from esp32-gps-01-32a50528 (d0, q0, r0, m0, 'trackhub/gps', ... (276 bytes))
1783047892: Sending PUBLISH to trackhub-laravel-subscriber (d0, q0, r0, m0, 'trackhub/gps', ... (276 bytes))
1783047895: Received PUBLISH from esp32-gps-01-32a50528 (d0, q0, r0, m0, 'trackhub/gps', ... (276 bytes))
1783047895: Sending PUBLISH to trackhub-laravel-subscriber (d0, q0, r0, m0, 'trackhub/gps', ... (276 bytes))
1783047897: Received PINGREQ from esp32-gps-01-32a50528
1783047897: Sending PINGRESP to esp32-gps-01-32a50528
1783047897: Client trackhub-laravel-subscriber closed its connection.
1783047898: Received PUBLISH from esp32-gps-01-32a50528 (d0, q0, r0, m0, 'trackhub/gps', ... (256 bytes))
1783047898: New connection from 192.168.141.167:56384 on port 1883.
1783047898: New client connected from 192.168.141.167:56384 as trackhub-laravel-subscriber (p2, c1, k30).
1783047898: No will message specified.
1783047898: Sending CONNACK to trackhub-laravel-subscriber (0, 0)
1783047898: Received SUBSCRIBE from trackhub-laravel-subscriber
1783047898: 	trackhub/gps (QoS 0)
1783047898: trackhub-laravel-subscriber 0 trackhub/gps
1783047898: Sending SUBACK to trackhub-laravel-subscriber
1783047901: Received PUBLISH from esp32-gps-01-32a50528 (d0, q0, r0, m0, 'trackhub/gps', ... (256 bytes))
1783047901: Sending PUBLISH to trackhub-laravel-subscriber (d0, q0, r0, m0, 'trackhub/gps', ... (256 bytes))
1783047902: New connection from 192.168.141.167:56387 on port 1883.
1783047902: Client trackhub-laravel-subscriber already connected, closing old connection.
1783047902: New client connected from 192.168.141.167:56387 as trackhub-laravel-subscriber (p2, c1, k30).
1783047902: No will message specified.
1783047902: Sending CONNACK to trackhub-laravel-subscriber (0, 0)
1783047902: Received SUBSCRIBE from trackhub-laravel-subscriber
1783047902: 	trackhub/gps (QoS 0)
1783047902: trackhub-laravel-subscriber 0 trackhub/gps
1783047902: Sending SUBACK to trackhub-laravel-subscriber
1783047904: Received PUBLISH from esp32-gps-01-32a50528 (d0, q0, r0, m0, 'trackhub/gps', ... (256 bytes))
1783047904: Sending PUBLISH to trackhub-laravel-subscriber (d0, q0, r0, m0, 'trackhub/gps', ... (256 bytes))
1783047907: Received PUBLISH from esp32-gps-01-32a50528 (d0, q0, r0, m0, 'trackhub/gps', ... (256 bytes))
1783047907: Sending PUBLISH to trackhub-laravel-subscriber (d0, q0, r0, m0, 'trackhub/gps', ... (256 bytes))
1783047907: New connection from 192.168.141.167:56390 on port 1883.
1783047907: Client trackhub-laravel-subscriber already connected, closing old connection.
1783047907: New client connected from 192.168.141.167:56390 as trackhub-laravel-subscriber (p2, c1, k30).
1783047907: No will message specified.
1783047907: Sending CONNACK to trackhub-laravel-subscriber (0, 0)
1783047907: Received SUBSCRIBE from trackhub-laravel-subscriber
1783047907: 	trackhub/gps (QoS 0)
1783047907: trackhub-laravel-subscriber 0 trackhub/gps
1783047907: Sending SUBACK to trackhub-laravel-subscriber
1783047907: Client trackhub-laravel-subscriber closed its connection.
1783047910: Received PUBLISH from esp32-gps-01-32a50528 (d0, q0, r0, m0, 'trackhub/gps', ... (269 bytes))
1783047912: Received PINGREQ from esp32-gps-01-32a50528
1783047912: Sending PINGRESP to esp32-gps-01-32a50528
1783047913: Received PUBLISH from esp32-gps-01-32a50528 (d0, q0, r0, m0, 'trackhub/gps', ... (269 bytes))
1783047916: Received PUBLISH from esp32-gps-01-32a50528 (d0, q0, r0, m0, 'trackhub/gps', ... (250 bytes))
1783047917: New connection from 192.168.141.167:60617 on port 1883.
1783047917: New client connected from 192.168.141.167:60617 as trackhub-laravel-subscriber (p2, c1, k30).
1783047917: No will message specified.
1783047917: Sending CONNACK to trackhub-laravel-subscriber (0, 0)
1783047917: Received SUBSCRIBE from trackhub-laravel-subscriber
1783047917: 	trackhub/gps (QoS 0)
1783047917: trackhub-laravel-subscriber 0 trackhub/gps
1783047917: Sending SUBACK to trackhub-laravel-subscriber
1783047919: Received PUBLISH from esp32-gps-01-32a50528 (d0, q0, r0, m0, 'trackhub/gps', ... (250 bytes))
1783047919: Sending PUBLISH to trackhub-laravel-subscriber (d0, q0, r0, m0, 'trackhub/gps', ... (250 bytes))
1783047922: Received PUBLISH from esp32-gps-01-32a50528 (d0, q0, r0, m0, 'trackhub/gps', ... (250 bytes))
1783047922: Sending PUBLISH to trackhub-laravel-subscriber (d0, q0, r0, m0, 'trackhub/gps', ... (250 bytes))
1783047925: Received PUBLISH from esp32-gps-01-32a50528 (d0, q0, r0, m0, 'trackhub/gps', ... (250 bytes))
1783047925: Sending PUBLISH to trackhub-laravel-subscriber (d0, q0, r0, m0, 'trackhub/gps', ... (250 bytes))
1783047927: Received PINGREQ from esp32-gps-01-32a50528
1783047927: Sending PINGRESP to esp32-gps-01-32a50528
1783047927: Received DISCONNECT from trackhub-laravel-subscriber
1783047927: Client trackhub-laravel-subscriber disconnected.
1783047928: Received PUBLISH from esp32-gps-01-32a50528 (d0, q0, r0, m0, 'trackhub/gps', ... (250 bytes))
1783047931: Received PUBLISH from esp32-gps-01-32a50528 (d0, q0, r0, m0, 'trackhub/gps', ... (273 bytes))
1783047932: New connection from 192.168.141.167:60622 on port 1883.
1783047932: New client connected from 192.168.141.167:60622 as trackhub-laravel-subscriber (p2, c1, k30).
1783047932: No will message specified.
1783047932: Sending CONNACK to trackhub-laravel-subscriber (0, 0)
1783047932: Received SUBSCRIBE from trackhub-laravel-subscriber
1783047932: 	trackhub/gps (QoS 0)
1783047932: trackhub-laravel-subscriber 0 trackhub/gps
1783047932: Sending SUBACK to trackhub-laravel-subscriber
1783047934: Received PUBLISH from esp32-gps-01-32a50528 (d0, q0, r0, m0, 'trackhub/gps', ... (273 bytes))
1783047934: Sending PUBLISH to trackhub-laravel-subscriber (d0, q0, r0, m0, 'trackhub/gps', ... (273 bytes))
1783047937: Received PUBLISH from esp32-gps-01-32a50528 (d0, q0, r0, m0, 'trackhub/gps', ... (273 bytes))
1783047937: Sending PUBLISH to trackhub-laravel-subscriber (d0, q0, r0, m0, 'trackhub/gps', ... (273 bytes))
1783047940: Received PUBLISH from esp32-gps-01-32a50528 (d0, q0, r0, m0, 'trackhub/gps', ... (273 bytes))
1783047940: Sending PUBLISH to trackhub-laravel-subscriber (d0, q0, r0, m0, 'trackhub/gps', ... (273 bytes))
1783047942: Received PINGREQ from esp32-gps-01-32a50528
1783047942: Sending PINGRESP to esp32-gps-01-32a50528
1783047942: Received DISCONNECT from trackhub-laravel-subscriber
1783047942: Client trackhub-laravel-subscriber disconnected.
1783047943: Received PUBLISH from esp32-gps-01-32a50528 (d0, q0, r0, m0, 'trackhub/gps', ... (273 bytes))
1783047946: Received PUBLISH from esp32-gps-01-32a50528 (d0, q0, r0, m0, 'trackhub/gps', ... (275 bytes))
1783047947: New connection from 192.168.141.167:60628 on port 1883.
1783047947: New client connected from 192.168.141.167:60628 as trackhub-laravel-subscriber (p2, c1, k30).
1783047947: No will message specified.
1783047947: Sending CONNACK to trackhub-laravel-subscriber (0, 0)
1783047947: Received SUBSCRIBE from trackhub-laravel-subscriber
1783047947: 	trackhub/gps (QoS 0)
1783047947: trackhub-laravel-subscriber 0 trackhub/gps
1783047947: Sending SUBACK to trackhub-laravel-subscriber
1783047949: Received PUBLISH from esp32-gps-01-32a50528 (d0, q0, r0, m0, 'trackhub/gps', ... (275 bytes))
1783047949: Sending PUBLISH to trackhub-laravel-subscriber (d0, q0, r0, m0, 'trackhub/gps', ... (275 bytes))
1783047952: Received PUBLISH from esp32-gps-01-32a50528 (d0, q0, r0, m0, 'trackhub/gps', ... (275 bytes))
1783047952: Sending PUBLISH to trackhub-laravel-subscriber (d0, q0, r0, m0, 'trackhub/gps', ... (275 bytes))
1783047955: Received PUBLISH from esp32-gps-01-32a50528 (d0, q0, r0, m0, 'trackhub/gps', ... (275 bytes))
1783047955: Sending PUBLISH to trackhub-laravel-subscriber (d0, q0, r0, m0, 'trackhub/gps', ... (275 bytes))
1783047957: Received PINGREQ from esp32-gps-01-32a50528
1783047957: Sending PINGRESP to esp32-gps-01-32a50528
1783047957: Client trackhub-laravel-subscriber closed its connection.
1783047958: Received PUBLISH from esp32-gps-01-32a50528 (d0, q0, r0, m0, 'trackhub/gps', ... (273 bytes))
1783047961: Received PUBLISH from esp32-gps-01-32a50528 (d0, q0, r0, m0, 'trackhub/gps', ... (273 bytes))
1783047962: New connection from 192.168.141.167:53983 on port 1883.
1783047962: New client connected from 192.168.141.167:53983 as trackhub-laravel-subscriber (p2, c1, k30).
1783047962: No will message specified.
1783047962: Sending CONNACK to trackhub-laravel-subscriber (0, 0)
1783047962: Received SUBSCRIBE from trackhub-laravel-subscriber
1783047962: 	trackhub/gps (QoS 0)
1783047962: trackhub-laravel-subscriber 0 trackhub/gps
1783047962: Sending SUBACK to trackhub-laravel-subscriber
1783047964: Received PUBLISH from esp32-gps-01-32a50528 (d0, q0, r0, m0, 'trackhub/gps', ... (273 bytes))
1783047964: Sending PUBLISH to trackhub-laravel-subscriber (d0, q0, r0, m0, 'trackhub/gps', ... (273 bytes))
1783047967: Received PUBLISH from esp32-gps-01-32a50528 (d0, q0, r0, m0, 'trackhub/gps', ... (273 bytes))
1783047967: Sending PUBLISH to trackhub-laravel-subscriber (d0, q0, r0, m0, 'trackhub/gps', ... (273 bytes))
1783047970: Received PUBLISH from esp32-gps-01-32a50528 (d0, q0, r0, m0, 'trackhub/gps', ... (265 bytes))
1783047970: Sending PUBLISH to trackhub-laravel-subscriber (d0, q0, r0, m0, 'trackhub/gps', ... (265 bytes))
1783047972: Received PINGREQ from esp32-gps-01-32a50528
1783047972: Sending PINGRESP to esp32-gps-01-32a50528
1783047972: Received DISCONNECT from trackhub-laravel-subscriber
1783047972: Client trackhub-laravel-subscriber disconnected.
1783047973: Received PUBLISH from esp32-gps-01-32a50528 (d0, q0, r0, m0, 'trackhub/gps', ... (265 bytes))
1783047977: New connection from 192.168.141.167:63451 on port 1883.
1783047977: New client connected from 192.168.141.167:63451 as trackhub-laravel-subscriber (p2, c1, k30).
1783047977: No will message specified.
1783047977: Sending CONNACK to trackhub-laravel-subscriber (0, 0)
1783047977: Received SUBSCRIBE from trackhub-laravel-subscriber
1783047977: 	trackhub/gps (QoS 0)
1783047977: trackhub-laravel-subscriber 0 trackhub/gps
1783047977: Sending SUBACK to trackhub-laravel-subscriber
1783047987: Received PINGREQ from trackhub-laravel-subscriber
1783047987: Sending PINGRESP to trackhub-laravel-subscriber
1783047990: Client trackhub-laravel-subscriber closed its connection.
1783047996: Client esp32-gps-01-32a50528 has exceeded timeout, disconnecting.
1783048026: New connection from 192.168.141.167:53058 on port 1883.
1783048026: New client connected from 192.168.141.167:53058 as trackhub-laravel-subscriber (p2, c1, k30).
1783048026: No will message specified.
1783048026: Sending CONNACK to trackhub-laravel-subscriber (0, 0)
1783048026: Received SUBSCRIBE from trackhub-laravel-subscriber
1783048026: 	trackhub/gps (QoS 0)
1783048026: trackhub-laravel-subscriber 0 trackhub/gps
1783048026: Sending SUBACK to trackhub-laravel-subscriber
1783048036: Received PINGREQ from trackhub-laravel-subscriber
1783048036: Sending PINGRESP to trackhub-laravel-subscriber
1783048040: New connection from 192.168.141.57:55589 on port 1883.
1783048040: New client connected from 192.168.141.57:55589 as esp32-gps-01-32a50528 (p2, c1, k15).
1783048040: No will message specified.
1783048040: Sending CONNACK to esp32-gps-01-32a50528 (0, 0)
1783048040: Received PUBLISH from esp32-gps-01-32a50528 (d0, q0, r0, m0, 'trackhub/gps', ... (205 bytes))
1783048040: Sending PUBLISH to trackhub-laravel-subscriber (d0, q0, r0, m0, 'trackhub/gps', ... (205 bytes))
1783048043: Received PUBLISH from esp32-gps-01-32a50528 (d0, q0, r0, m0, 'trackhub/gps', ... (276 bytes))
1783048043: Sending PUBLISH to trackhub-laravel-subscriber (d0, q0, r0, m0, 'trackhub/gps', ... (276 bytes))
1783048046: Received PUBLISH from esp32-gps-01-32a50528 (d0, q0, r0, m0, 'trackhub/gps', ... (276 bytes))
1783048046: Sending PUBLISH to trackhub-laravel-subscriber (d0, q0, r0, m0, 'trackhub/gps', ... (276 bytes))
1783048049: Received PUBLISH from esp32-gps-01-32a50528 (d0, q0, r0, m0, 'trackhub/gps', ... (276 bytes))
1783048049: Sending PUBLISH to trackhub-laravel-subscriber (d0, q0, r0, m0, 'trackhub/gps', ... (276 bytes))
1783048052: Received PUBLISH from esp32-gps-01-32a50528 (d0, q0, r0, m0, 'trackhub/gps', ... (276 bytes))
1783048052: Sending PUBLISH to trackhub-laravel-subscriber (d0, q0, r0, m0, 'trackhub/gps', ... (276 bytes))
1783048055: Received PINGREQ from esp32-gps-01-32a50528
1783048055: Sending PINGRESP to esp32-gps-01-32a50528
1783048055: Received PUBLISH from esp32-gps-01-32a50528 (d0, q0, r0, m0, 'trackhub/gps', ... (256 bytes))
1783048055: Sending PUBLISH to trackhub-laravel-subscriber (d0, q0, r0, m0, 'trackhub/gps', ... (256 bytes))
1783048058: Received PUBLISH from esp32-gps-01-32a50528 (d0, q0, r0, m0, 'trackhub/gps', ... (256 bytes))
1783048058: Sending PUBLISH to trackhub-laravel-subscriber (d0, q0, r0, m0, 'trackhub/gps', ... (256 bytes))
1783048061: Received PUBLISH from esp32-gps-01-32a50528 (d0, q0, r0, m0, 'trackhub/gps', ... (256 bytes))
1783048061: Sending PUBLISH to trackhub-laravel-subscriber (d0, q0, r0, m0, 'trackhub/gps', ... (256 bytes))
1783048064: Received PUBLISH from esp32-gps-01-32a50528 (d0, q0, r0, m0, 'trackhub/gps', ... (256 bytes))
1783048064: Sending PUBLISH to trackhub-laravel-subscriber (d0, q0, r0, m0, 'trackhub/gps', ... (256 bytes))
1783048067: Received PUBLISH from esp32-gps-01-32a50528 (d0, q0, r0, m0, 'trackhub/gps', ... (256 bytes))
1783048067: Sending PUBLISH to trackhub-laravel-subscriber (d0, q0, r0, m0, 'trackhub/gps', ... (256 bytes))
1783048070: Received PINGREQ from esp32-gps-01-32a50528
1783048070: Sending PINGRESP to esp32-gps-01-32a50528
1783048070: Received PUBLISH from esp32-gps-01-32a50528 (d0, q0, r0, m0, 'trackhub/gps', ... (267 bytes))
1783048070: Sending PUBLISH to trackhub-laravel-subscriber (d0, q0, r0, m0, 'trackhub/gps', ... (267 bytes))
1783048073: Received PUBLISH from esp32-gps-01-32a50528 (d0, q0, r0, m0, 'trackhub/gps', ... (269 bytes))
1783048073: Sending PUBLISH to trackhub-laravel-subscriber (d0, q0, r0, m0, 'trackhub/gps', ... (269 bytes))
1783048076: Received PUBLISH from esp32-gps-01-32a50528 (d0, q0, r0, m0, 'trackhub/gps', ... (269 bytes))
1783048076: Sending PUBLISH to trackhub-laravel-subscriber (d0, q0, r0, m0, 'trackhub/gps', ... (269 bytes))
1783048079: Received PUBLISH from esp32-gps-01-32a50528 (d0, q0, r0, m0, 'trackhub/gps', ... (250 bytes))
1783048079: Sending PUBLISH to trackhub-laravel-subscriber (d0, q0, r0, m0, 'trackhub/gps', ... (250 bytes))
1783048082: Received PUBLISH from esp32-gps-01-32a50528 (d0, q0, r0, m0, 'trackhub/gps', ... (250 bytes))
1783048082: Sending PUBLISH to trackhub-laravel-subscriber (d0, q0, r0, m0, 'trackhub/gps', ... (250 bytes))
1783048082: Client trackhub-laravel-subscriber has exceeded timeout, disconnecting.
1783048085: Received PINGREQ from esp32-gps-01-32a50528
1783048085: Sending PINGRESP to esp32-gps-01-32a50528
1783048085: Received PUBLISH from esp32-gps-01-32a50528 (d0, q0, r0, m0, 'trackhub/gps', ... (250 bytes))
1783048087: New connection from 192.168.141.167:63822 on port 1883.
1783048087: New client connected from 192.168.141.167:63822 as trackhub-laravel-subscriber (p2, c1, k30).
1783048087: No will message specified.
1783048087: Sending CONNACK to trackhub-laravel-subscriber (0, 0)
1783048087: Received SUBSCRIBE from trackhub-laravel-subscriber
1783048087: 	trackhub/gps (QoS 0)
1783048087: trackhub-laravel-subscriber 0 trackhub/gps
1783048087: Sending SUBACK to trackhub-laravel-subscriber
1783048088: Received PUBLISH from esp32-gps-01-32a50528 (d0, q0, r0, m0, 'trackhub/gps', ... (250 bytes))
1783048088: Sending PUBLISH to trackhub-laravel-subscriber (d0, q0, r0, m0, 'trackhub/gps', ... (250 bytes))
1783048091: Received PUBLISH from esp32-gps-01-32a50528 (d0, q0, r0, m0, 'trackhub/gps', ... (275 bytes))
1783048091: Sending PUBLISH to trackhub-laravel-subscriber (d0, q0, r0, m0, 'trackhub/gps', ... (275 bytes))
1783048094: Received PUBLISH from esp32-gps-01-32a50528 (d0, q0, r0, m0, 'trackhub/gps', ... (275 bytes))
1783048094: Sending PUBLISH to trackhub-laravel-subscriber (d0, q0, r0, m0, 'trackhub/gps', ... (275 bytes))
1783048097: Received PUBLISH from esp32-gps-01-32a50528 (d0, q0, r0, m0, 'trackhub/gps', ... (275 bytes))
1783048097: Sending PUBLISH to trackhub-laravel-subscriber (d0, q0, r0, m0, 'trackhub/gps', ... (275 bytes))
1783048100: Received PINGREQ from esp32-gps-01-32a50528
1783048100: Sending PINGRESP to esp32-gps-01-32a50528
1783048100: Received PUBLISH from esp32-gps-01-32a50528 (d0, q0, r0, m0, 'trackhub/gps', ... (275 bytes))
1783048100: Sending PUBLISH to trackhub-laravel-subscriber (d0, q0, r0, m0, 'trackhub/gps', ... (275 bytes))
1783048103: Received PUBLISH from esp32-gps-01-32a50528 (d0, q0, r0, m0, 'trackhub/gps', ... (273 bytes))
1783048103: Sending PUBLISH to trackhub-laravel-subscriber (d0, q0, r0, m0, 'trackhub/gps', ... (273 bytes))
1783048106: Received PUBLISH from esp32-gps-01-32a50528 (d0, q0, r0, m0, 'trackhub/gps', ... (273 bytes))
1783048106: Sending PUBLISH to trackhub-laravel-subscriber (d0, q0, r0, m0, 'trackhub/gps', ... (273 bytes))
1783048109: Received PUBLISH from esp32-gps-01-32a50528 (d0, q0, r0, m0, 'trackhub/gps', ... (273 bytes))
1783048109: Sending PUBLISH to trackhub-laravel-subscriber (d0, q0, r0, m0, 'trackhub/gps', ... (273 bytes))
1783048112: Received PUBLISH from esp32-gps-01-32a50528 (d0, q0, r0, m0, 'trackhub/gps', ... (273 bytes))
1783048112: Sending PUBLISH to trackhub-laravel-subscriber (d0, q0, r0, m0, 'trackhub/gps', ... (273 bytes))
1783048115: Received PINGREQ from esp32-gps-01-32a50528
1783048115: Sending PINGRESP to esp32-gps-01-32a50528
1783048115: Received PUBLISH from esp32-gps-01-32a50528 (d0, q0, r0, m0, 'trackhub/gps', ... (273 bytes))
1783048115: Sending PUBLISH to trackhub-laravel-subscriber (d0, q0, r0, m0, 'trackhub/gps', ... (273 bytes))
1783048118: Received PUBLISH from esp32-gps-01-32a50528 (d0, q0, r0, m0, 'trackhub/gps', ... (271 bytes))
1783048118: Sending PUBLISH to trackhub-laravel-subscriber (d0, q0, r0, m0, 'trackhub/gps', ... (271 bytes))
1783048121: Received PUBLISH from esp32-gps-01-32a50528 (d0, q0, r0, m0, 'trackhub/gps', ... (271 bytes))
1783048121: Sending PUBLISH to trackhub-laravel-subscriber (d0, q0, r0, m0, 'trackhub/gps', ... (271 bytes))
1783048124: Received PUBLISH from esp32-gps-01-32a50528 (d0, q0, r0, m0, 'trackhub/gps', ... (271 bytes))
1783048124: Sending PUBLISH to trackhub-laravel-subscriber (d0, q0, r0, m0, 'trackhub/gps', ... (271 bytes))
1783048127: Received PUBLISH from esp32-gps-01-32a50528 (d0, q0, r0, m0, 'trackhub/gps', ... (271 bytes))
1783048127: Sending PUBLISH to trackhub-laravel-subscriber (d0, q0, r0, m0, 'trackhub/gps', ... (271 bytes))
1783048130: Received PINGREQ from esp32-gps-01-32a50528
1783048130: Sending PINGRESP to esp32-gps-01-32a50528
1783048130: Received PUBLISH from esp32-gps-01-32a50528 (d0, q0, r0, m0, 'trackhub/gps', ... (265 bytes))
1783048130: Sending PUBLISH to trackhub-laravel-subscriber (d0, q0, r0, m0, 'trackhub/gps', ... (265 bytes))
1783048133: Client trackhub-laravel-subscriber has exceeded timeout, disconnecting.
1783048133: Received PUBLISH from esp32-gps-01-32a50528 (d0, q0, r0, m0, 'trackhub/gps', ... (265 bytes))
1783048136: Received PUBLISH from esp32-gps-01-32a50528 (d0, q0, r0, m0, 'trackhub/gps', ... (265 bytes))
1783048138: New connection from 192.168.141.167:56144 on port 1883.
1783048138: New client connected from 192.168.141.167:56144 as trackhub-laravel-subscriber (p2, c1, k30).
1783048138: No will message specified.
1783048138: Sending CONNACK to trackhub-laravel-subscriber (0, 0)
1783048138: Received SUBSCRIBE from trackhub-laravel-subscriber
1783048138: 	trackhub/gps (QoS 0)
1783048138: trackhub-laravel-subscriber 0 trackhub/gps
1783048138: Sending SUBACK to trackhub-laravel-subscriber
1783048139: Received PUBLISH from esp32-gps-01-32a50528 (d0, q0, r0, m0, 'trackhub/gps', ... (265 bytes))
1783048139: Sending PUBLISH to trackhub-laravel-subscriber (d0, q0, r0, m0, 'trackhub/gps', ... (265 bytes))
1783048142: Received PUBLISH from esp32-gps-01-32a50528 (d0, q0, r0, m0, 'trackhub/gps', ... (265 bytes))
1783048142: Sending PUBLISH to trackhub-laravel-subscriber (d0, q0, r0, m0, 'trackhub/gps', ... (265 bytes))
1783048145: Received PINGREQ from esp32-gps-01-32a50528
1783048145: Sending PINGRESP to esp32-gps-01-32a50528
1783048145: Received PUBLISH from esp32-gps-01-32a50528 (d0, q0, r0, m0, 'trackhub/gps', ... (265 bytes))
1783048145: Sending PUBLISH to trackhub-laravel-subscriber (d0, q0, r0, m0, 'trackhub/gps', ... (265 bytes))
1783048148: Received PUBLISH from esp32-gps-01-32a50528 (d0, q0, r0, m0, 'trackhub/gps', ... (236 bytes))
1783048148: Sending PUBLISH to trackhub-laravel-subscriber (d0, q0, r0, m0, 'trackhub/gps', ... (236 bytes))
1783048151: Received PUBLISH from esp32-gps-01-32a50528 (d0, q0, r0, m0, 'trackhub/gps', ... (236 bytes))
1783048151: Sending PUBLISH to trackhub-laravel-subscriber (d0, q0, r0, m0, 'trackhub/gps', ... (236 bytes))
1783048154: Received PUBLISH from esp32-gps-01-32a50528 (d0, q0, r0, m0, 'trackhub/gps', ... (236 bytes))
1783048154: Sending PUBLISH to trackhub-laravel-subscriber (d0, q0, r0, m0, 'trackhub/gps', ... (236 bytes))
1783048157: Received PUBLISH from esp32-gps-01-32a50528 (d0, q0, r0, m0, 'trackhub/gps', ... (236 bytes))
1783048157: Sending PUBLISH to trackhub-laravel-subscriber (d0, q0, r0, m0, 'trackhub/gps', ... (236 bytes))
1783048160: Received PINGREQ from esp32-gps-01-32a50528
1783048160: Sending PINGRESP to esp32-gps-01-32a50528
1783048160: Received PUBLISH from esp32-gps-01-32a50528 (d0, q0, r0, m0, 'trackhub/gps', ... (236 bytes))
1783048160: Sending PUBLISH to trackhub-laravel-subscriber (d0, q0, r0, m0, 'trackhub/gps', ... (236 bytes))
1783048163: Received PUBLISH from esp32-gps-01-32a50528 (d0, q0, r0, m0, 'trackhub/gps', ... (277 bytes))
1783048163: Sending PUBLISH to trackhub-laravel-subscriber (d0, q0, r0, m0, 'trackhub/gps', ... (277 bytes))
1783048166: Received PUBLISH from esp32-gps-01-32a50528 (d0, q0, r0, m0, 'trackhub/gps', ... (277 bytes))
1783048166: Sending PUBLISH to trackhub-laravel-subscriber (d0, q0, r0, m0, 'trackhub/gps', ... (277 bytes))
1783048169: Received PUBLISH from esp32-gps-01-32a50528 (d0, q0, r0, m0, 'trackhub/gps', ... (277 bytes))
1783048169: Sending PUBLISH to trackhub-laravel-subscriber (d0, q0, r0, m0, 'trackhub/gps', ... (277 bytes))
1783048172: Received PUBLISH from esp32-gps-01-32a50528 (d0, q0, r0, m0, 'trackhub/gps', ... (240 bytes))
1783048172: Sending PUBLISH to trackhub-laravel-subscriber (d0, q0, r0, m0, 'trackhub/gps', ... (240 bytes))
1783048175: Received PINGREQ from esp32-gps-01-32a50528
1783048175: Sending PINGRESP to esp32-gps-01-32a50528
1783048175: Received PUBLISH from esp32-gps-01-32a50528 (d0, q0, r0, m0, 'trackhub/gps', ... (240 bytes))
1783048175: Sending PUBLISH to trackhub-laravel-subscriber (d0, q0, r0, m0, 'trackhub/gps', ... (240 bytes))
1783048178: Received PUBLISH from esp32-gps-01-32a50528 (d0, q0, r0, m0, 'trackhub/gps', ... (242 bytes))
1783048178: Sending PUBLISH to trackhub-laravel-subscriber (d0, q0, r0, m0, 'trackhub/gps', ... (242 bytes))
1783048181: Received PUBLISH from esp32-gps-01-32a50528 (d0, q0, r0, m0, 'trackhub/gps', ... (242 bytes))
1783048181: Sending PUBLISH to trackhub-laravel-subscriber (d0, q0, r0, m0, 'trackhub/gps', ... (242 bytes))
1783048184: Client trackhub-laravel-subscriber has exceeded timeout, disconnecting.
1783048184: Received PUBLISH from esp32-gps-01-32a50528 (d0, q0, r0, m0, 'trackhub/gps', ... (234 bytes))
1783048187: Received PUBLISH from esp32-gps-01-32a50528 (d0, q0, r0, m0, 'trackhub/gps', ... (234 bytes))
1783048189: New connection from 192.168.141.167:60572 on port 1883.
1783048189: New client connected from 192.168.141.167:60572 as trackhub-laravel-subscriber (p2, c1, k30).
1783048189: No will message specified.
1783048189: Sending CONNACK to trackhub-laravel-subscriber (0, 0)
1783048189: Received SUBSCRIBE from trackhub-laravel-subscriber
1783048189: 	trackhub/gps (QoS 0)
1783048189: trackhub-laravel-subscriber 0 trackhub/gps
1783048189: Sending SUBACK to trackhub-laravel-subscriber
1783048190: Received PINGREQ from esp32-gps-01-32a50528
1783048190: Sending PINGRESP to esp32-gps-01-32a50528
1783048191: Received PUBLISH from esp32-gps-01-32a50528 (d0, q0, r0, m0, 'trackhub/gps', ... (234 bytes))
1783048191: Sending PUBLISH to trackhub-laravel-subscriber (d0, q0, r0, m0, 'trackhub/gps', ... (234 bytes))
1783048193: Received PUBLISH from esp32-gps-01-32a50528 (d0, q0, r0, m0, 'trackhub/gps', ... (234 bytes))
1783048193: Sending PUBLISH to trackhub-laravel-subscriber (d0, q0, r0, m0, 'trackhub/gps', ... (234 bytes))
1783048197: Received PUBLISH from esp32-gps-01-32a50528 (d0, q0, r0, m0, 'trackhub/gps', ... (234 bytes))
1783048197: Sending PUBLISH to trackhub-laravel-subscriber (d0, q0, r0, m0, 'trackhub/gps', ... (234 bytes))
1783048200: Received PUBLISH from esp32-gps-01-32a50528 (d0, q0, r0, m0, 'trackhub/gps', ... (234 bytes))
1783048200: Sending PUBLISH to trackhub-laravel-subscriber (d0, q0, r0, m0, 'trackhub/gps', ... (234 bytes))
1783048203: Received PUBLISH from esp32-gps-01-32a50528 (d0, q0, r0, m0, 'trackhub/gps', ... (234 bytes))
1783048203: Sending PUBLISH to trackhub-laravel-subscriber (d0, q0, r0, m0, 'trackhub/gps', ... (234 bytes))
1783048205: Received PINGREQ from esp32-gps-01-32a50528
1783048205: Sending PINGRESP to esp32-gps-01-32a50528
1783048206: Received PUBLISH from esp32-gps-01-32a50528 (d0, q0, r0, m0, 'trackhub/gps', ... (234 bytes))
1783048206: Sending PUBLISH to trackhub-laravel-subscriber (d0, q0, r0, m0, 'trackhub/gps', ... (234 bytes))
1783048209: Received PUBLISH from esp32-gps-01-32a50528 (d0, q0, r0, m0, 'trackhub/gps', ... (234 bytes))
1783048209: Sending PUBLISH to trackhub-laravel-subscriber (d0, q0, r0, m0, 'trackhub/gps', ... (234 bytes))
1783048212: Received PUBLISH from esp32-gps-01-32a50528 (d0, q0, r0, m0, 'trackhub/gps', ... (234 bytes))
1783048212: Sending PUBLISH to trackhub-laravel-subscriber (d0, q0, r0, m0, 'trackhub/gps', ... (234 bytes))
1783048215: Received PUBLISH from esp32-gps-01-32a50528 (d0, q0, r0, m0, 'trackhub/gps', ... (234 bytes))
1783048215: Sending PUBLISH to trackhub-laravel-subscriber (d0, q0, r0, m0, 'trackhub/gps', ... (234 bytes))
1783048218: Received PUBLISH from esp32-gps-01-32a50528 (d0, q0, r0, m0, 'trackhub/gps', ... (234 bytes))
1783048218: Sending PUBLISH to trackhub-laravel-subscriber (d0, q0, r0, m0, 'trackhub/gps', ... (234 bytes))
1783048220: Received PINGREQ from esp32-gps-01-32a50528
1783048220: Sending PINGRESP to esp32-gps-01-32a50528
1783048221: Received PUBLISH from esp32-gps-01-32a50528 (d0, q0, r0, m0, 'trackhub/gps', ... (234 bytes))
1783048221: Sending PUBLISH to trackhub-laravel-subscriber (d0, q0, r0, m0, 'trackhub/gps', ... (234 bytes))
1783048224: Received PUBLISH from esp32-gps-01-32a50528 (d0, q0, r0, m0, 'trackhub/gps', ... (234 bytes))
1783048224: Sending PUBLISH to trackhub-laravel-subscriber (d0, q0, r0, m0, 'trackhub/gps', ... (234 bytes))
1783048227: Received PUBLISH from esp32-gps-01-32a50528 (d0, q0, r0, m0, 'trackhub/gps', ... (276 bytes))
1783048227: Sending PUBLISH to trackhub-laravel-subscriber (d0, q0, r0, m0, 'trackhub/gps', ... (276 bytes))
1783048230: Received PUBLISH from esp32-gps-01-32a50528 (d0, q0, r0, m0, 'trackhub/gps', ... (276 bytes))
1783048230: Sending PUBLISH to trackhub-laravel-subscriber (d0, q0, r0, m0, 'trackhub/gps', ... (276 bytes))
1783048233: Received PUBLISH from esp32-gps-01-32a50528 (d0, q0, r0, m0, 'trackhub/gps', ... (276 bytes))
1783048233: Sending PUBLISH to trackhub-laravel-subscriber (d0, q0, r0, m0, 'trackhub/gps', ... (276 bytes))
1783048235: Client trackhub-laravel-subscriber has exceeded timeout, disconnecting.
1783048235: Received PINGREQ from esp32-gps-01-32a50528
1783048235: Sending PINGRESP to esp32-gps-01-32a50528
1783048236: Received PUBLISH from esp32-gps-01-32a50528 (d0, q0, r0, m0, 'trackhub/gps', ... (276 bytes))
1783048239: Received PUBLISH from esp32-gps-01-32a50528 (d0, q0, r0, m0, 'trackhub/gps', ... (256 bytes))
1783048240: New connection from 192.168.141.167:64502 on port 1883.
1783048240: New client connected from 192.168.141.167:64502 as trackhub-laravel-subscriber (p2, c1, k30).
1783048240: No will message specified.
1783048240: Sending CONNACK to trackhub-laravel-subscriber (0, 0)
1783048240: Received SUBSCRIBE from trackhub-laravel-subscriber
1783048240: 	trackhub/gps (QoS 0)
1783048240: trackhub-laravel-subscriber 0 trackhub/gps
1783048240: Sending SUBACK to trackhub-laravel-subscriber
1783048242: Received PUBLISH from esp32-gps-01-32a50528 (d0, q0, r0, m0, 'trackhub/gps', ... (256 bytes))
1783048242: Sending PUBLISH to trackhub-laravel-subscriber (d0, q0, r0, m0, 'trackhub/gps', ... (256 bytes))
1783048245: Received PUBLISH from esp32-gps-01-32a50528 (d0, q0, r0, m0, 'trackhub/gps', ... (256 bytes))
1783048245: Sending PUBLISH to trackhub-laravel-subscriber (d0, q0, r0, m0, 'trackhub/gps', ... (256 bytes))
1783048248: Received PUBLISH from esp32-gps-01-32a50528 (d0, q0, r0, m0, 'trackhub/gps', ... (256 bytes))
1783048248: Sending PUBLISH to trackhub-laravel-subscriber (d0, q0, r0, m0, 'trackhub/gps', ... (256 bytes))
1783048250: Received PINGREQ from esp32-gps-01-32a50528
1783048250: Sending PINGRESP to esp32-gps-01-32a50528
1783048251: Received PUBLISH from esp32-gps-01-32a50528 (d0, q0, r0, m0, 'trackhub/gps', ... (270 bytes))
1783048251: Sending PUBLISH to trackhub-laravel-subscriber (d0, q0, r0, m0, 'trackhub/gps', ... (270 bytes))
1783048254: Received PUBLISH from esp32-gps-01-32a50528 (d0, q0, r0, m0, 'trackhub/gps', ... (270 bytes))
1783048254: Sending PUBLISH to trackhub-laravel-subscriber (d0, q0, r0, m0, 'trackhub/gps', ... (270 bytes))
1783048257: Received PUBLISH from esp32-gps-01-32a50528 (d0, q0, r0, m0, 'trackhub/gps', ... (270 bytes))
1783048257: Sending PUBLISH to trackhub-laravel-subscriber (d0, q0, r0, m0, 'trackhub/gps', ... (270 bytes))
1783048260: Received PUBLISH from esp32-gps-01-32a50528 (d0, q0, r0, m0, 'trackhub/gps', ... (252 bytes))
1783048260: Sending PUBLISH to trackhub-laravel-subscriber (d0, q0, r0, m0, 'trackhub/gps', ... (252 bytes))
1783048263: Received PUBLISH from esp32-gps-01-32a50528 (d0, q0, r0, m0, 'trackhub/gps', ... (252 bytes))
1783048263: Sending PUBLISH to trackhub-laravel-subscriber (d0, q0, r0, m0, 'trackhub/gps', ... (252 bytes))
1783048265: Received PINGREQ from esp32-gps-01-32a50528
1783048265: Sending PINGRESP to esp32-gps-01-32a50528
1783048266: Received PUBLISH from esp32-gps-01-32a50528 (d0, q0, r0, m0, 'trackhub/gps', ... (252 bytes))
1783048266: Sending PUBLISH to trackhub-laravel-subscriber (d0, q0, r0, m0, 'trackhub/gps', ... (252 bytes))
1783048269: Received PUBLISH from esp32-gps-01-32a50528 (d0, q0, r0, m0, 'trackhub/gps', ... (252 bytes))
1783048269: Sending PUBLISH to trackhub-laravel-subscriber (d0, q0, r0, m0, 'trackhub/gps', ... (252 bytes))
1783048272: Received PUBLISH from esp32-gps-01-32a50528 (d0, q0, r0, m0, 'trackhub/gps', ... (252 bytes))
1783048272: Sending PUBLISH to trackhub-laravel-subscriber (d0, q0, r0, m0, 'trackhub/gps', ... (252 bytes))
1783048275: Received PUBLISH from esp32-gps-01-32a50528 (d0, q0, r0, m0, 'trackhub/gps', ... (275 bytes))
1783048275: Sending PUBLISH to trackhub-laravel-subscriber (d0, q0, r0, m0, 'trackhub/gps', ... (275 bytes))
1783048278: Received PUBLISH from esp32-gps-01-32a50528 (d0, q0, r0, m0, 'trackhub/gps', ... (275 bytes))
1783048278: Sending PUBLISH to trackhub-laravel-subscriber (d0, q0, r0, m0, 'trackhub/gps', ... (275 bytes))
1783048280: Received PINGREQ from esp32-gps-01-32a50528
1783048280: Sending PINGRESP to esp32-gps-01-32a50528
1783048281: Received PUBLISH from esp32-gps-01-32a50528 (d0, q0, r0, m0, 'trackhub/gps', ... (275 bytes))
1783048281: Sending PUBLISH to trackhub-laravel-subscriber (d0, q0, r0, m0, 'trackhub/gps', ... (275 bytes))
1783048284: Received PUBLISH from esp32-gps-01-32a50528 (d0, q0, r0, m0, 'trackhub/gps', ... (275 bytes))
1783048284: Sending PUBLISH to trackhub-laravel-subscriber (d0, q0, r0, m0, 'trackhub/gps', ... (275 bytes))
1783048286: Client trackhub-laravel-subscriber has exceeded timeout, disconnecting.
1783048287: Received PUBLISH from esp32-gps-01-32a50528 (d0, q0, r0, m0, 'trackhub/gps', ... (275 bytes))
1783048290: Received PUBLISH from esp32-gps-01-32a50528 (d0, q0, r0, m0, 'trackhub/gps', ... (275 bytes))
1783048291: New connection from 192.168.141.167:61059 on port 1883.
1783048291: New client connected from 192.168.141.167:61059 as trackhub-laravel-subscriber (p2, c1, k30).
1783048291: No will message specified.
1783048291: Sending CONNACK to trackhub-laravel-subscriber (0, 0)
1783048291: Received SUBSCRIBE from trackhub-laravel-subscriber
1783048291: 	trackhub/gps (QoS 0)
1783048291: trackhub-laravel-subscriber 0 trackhub/gps
1783048291: Sending SUBACK to trackhub-laravel-subscriber
1783048293: Received PUBLISH from esp32-gps-01-32a50528 (d0, q0, r0, m0, 'trackhub/gps', ... (275 bytes))
1783048293: Sending PUBLISH to trackhub-laravel-subscriber (d0, q0, r0, m0, 'trackhub/gps', ... (275 bytes))
1783048295: Received PINGREQ from esp32-gps-01-32a50528
1783048295: Sending PINGRESP to esp32-gps-01-32a50528
1783048296: Received PUBLISH from esp32-gps-01-32a50528 (d0, q0, r0, m0, 'trackhub/gps', ... (275 bytes))
1783048296: Sending PUBLISH to trackhub-laravel-subscriber (d0, q0, r0, m0, 'trackhub/gps', ... (275 bytes))
1783048299: Received PUBLISH from esp32-gps-01-32a50528 (d0, q0, r0, m0, 'trackhub/gps', ... (273 bytes))
1783048299: Sending PUBLISH to trackhub-laravel-subscriber (d0, q0, r0, m0, 'trackhub/gps', ... (273 bytes))
1783048302: Received PUBLISH from esp32-gps-01-32a50528 (d0, q0, r0, m0, 'trackhub/gps', ... (273 bytes))
1783048302: Sending PUBLISH to trackhub-laravel-subscriber (d0, q0, r0, m0, 'trackhub/gps', ... (273 bytes))
1783048305: Received PUBLISH from esp32-gps-01-32a50528 (d0, q0, r0, m0, 'trackhub/gps', ... (273 bytes))
1783048305: Sending PUBLISH to trackhub-laravel-subscriber (d0, q0, r0, m0, 'trackhub/gps', ... (273 bytes))
1783048308: Received PUBLISH from esp32-gps-01-32a50528 (d0, q0, r0, m0, 'trackhub/gps', ... (273 bytes))
1783048308: Sending PUBLISH to trackhub-laravel-subscriber (d0, q0, r0, m0, 'trackhub/gps', ... (273 bytes))
1783048310: Received PINGREQ from esp32-gps-01-32a50528
1783048310: Sending PINGRESP to esp32-gps-01-32a50528
1783048311: Received PUBLISH from esp32-gps-01-32a50528 (d0, q0, r0, m0, 'trackhub/gps', ... (265 bytes))
1783048311: Sending PUBLISH to trackhub-laravel-subscriber (d0, q0, r0, m0, 'trackhub/gps', ... (265 bytes))
1783048314: Received PUBLISH from esp32-gps-01-32a50528 (d0, q0, r0, m0, 'trackhub/gps', ... (265 bytes))
1783048314: Sending PUBLISH to trackhub-laravel-subscriber (d0, q0, r0, m0, 'trackhub/gps', ... (265 bytes))
1783048317: Received PUBLISH from esp32-gps-01-32a50528 (d0, q0, r0, m0, 'trackhub/gps', ... (265 bytes))
1783048317: Sending PUBLISH to trackhub-laravel-subscriber (d0, q0, r0, m0, 'trackhub/gps', ... (265 bytes))
1783048320: Received PUBLISH from esp32-gps-01-32a50528 (d0, q0, r0, m0, 'trackhub/gps', ... (265 bytes))
1783048320: Sending PUBLISH to trackhub-laravel-subscriber (d0, q0, r0, m0, 'trackhub/gps', ... (265 bytes))
1783048323: Received PUBLISH from esp32-gps-01-32a50528 (d0, q0, r0, m0, 'trackhub/gps', ... (265 bytes))
1783048323: Sending PUBLISH to trackhub-laravel-subscriber (d0, q0, r0, m0, 'trackhub/gps', ... (265 bytes))
1783048325: Received PINGREQ from esp32-gps-01-32a50528
1783048325: Sending PINGRESP to esp32-gps-01-32a50528
1783048326: Received PUBLISH from esp32-gps-01-32a50528 (d0, q0, r0, m0, 'trackhub/gps', ... (270 bytes))
1783048326: Sending PUBLISH to trackhub-laravel-subscriber (d0, q0, r0, m0, 'trackhub/gps', ... (270 bytes))
1783048329: Received PUBLISH from esp32-gps-01-32a50528 (d0, q0, r0, m0, 'trackhub/gps', ... (270 bytes))
1783048329: Sending PUBLISH to trackhub-laravel-subscriber (d0, q0, r0, m0, 'trackhub/gps', ... (270 bytes))
1783048332: Received PUBLISH from esp32-gps-01-32a50528 (d0, q0, r0, m0, 'trackhub/gps', ... (270 bytes))
1783048332: Sending PUBLISH to trackhub-laravel-subscriber (d0, q0, r0, m0, 'trackhub/gps', ... (270 bytes))
1783048335: Received PUBLISH from esp32-gps-01-32a50528 (d0, q0, r0, m0, 'trackhub/gps', ... (249 bytes))
1783048335: Sending PUBLISH to trackhub-laravel-subscriber (d0, q0, r0, m0, 'trackhub/gps', ... (249 bytes))
1783048337: Client trackhub-laravel-subscriber has exceeded timeout, disconnecting.
1783048338: Received PUBLISH from esp32-gps-01-32a50528 (d0, q0, r0, m0, 'trackhub/gps', ... (249 bytes))
1783048340: Received PINGREQ from esp32-gps-01-32a50528
1783048340: Sending PINGRESP to esp32-gps-01-32a50528
1783048341: Received PUBLISH from esp32-gps-01-32a50528 (d0, q0, r0, m0, 'trackhub/gps', ... (249 bytes))
1783048342: New connection from 192.168.141.167:53458 on port 1883.
1783048342: New client connected from 192.168.141.167:53458 as trackhub-laravel-subscriber (p2, c1, k30).
1783048342: No will message specified.
1783048342: Sending CONNACK to trackhub-laravel-subscriber (0, 0)
1783048342: Received SUBSCRIBE from trackhub-laravel-subscriber
1783048342: 	trackhub/gps (QoS 0)
1783048342: trackhub-laravel-subscriber 0 trackhub/gps
1783048342: Sending SUBACK to trackhub-laravel-subscriber
1783048344: Received PUBLISH from esp32-gps-01-32a50528 (d0, q0, r0, m0, 'trackhub/gps', ... (249 bytes))
1783048344: Sending PUBLISH to trackhub-laravel-subscriber (d0, q0, r0, m0, 'trackhub/gps', ... (249 bytes))
1783048347: Received PUBLISH from esp32-gps-01-32a50528 (d0, q0, r0, m0, 'trackhub/gps', ... (249 bytes))
1783048347: Sending PUBLISH to trackhub-laravel-subscriber (d0, q0, r0, m0, 'trackhub/gps', ... (249 bytes))
1783048350: Received PUBLISH from esp32-gps-01-32a50528 (d0, q0, r0, m0, 'trackhub/gps', ... (277 bytes))
1783048350: Sending PUBLISH to trackhub-laravel-subscriber (d0, q0, r0, m0, 'trackhub/gps', ... (277 bytes))
1783048353: Received PUBLISH from esp32-gps-01-32a50528 (d0, q0, r0, m0, 'trackhub/gps', ... (240 bytes))
1783048353: Sending PUBLISH to trackhub-laravel-subscriber (d0, q0, r0, m0, 'trackhub/gps', ... (240 bytes))
1783048355: Received PINGREQ from esp32-gps-01-32a50528
1783048355: Sending PINGRESP to esp32-gps-01-32a50528
1783048356: Received PUBLISH from esp32-gps-01-32a50528 (d0, q0, r0, m0, 'trackhub/gps', ... (240 bytes))
1783048356: Sending PUBLISH to trackhub-laravel-subscriber (d0, q0, r0, m0, 'trackhub/gps', ... (240 bytes))
1783048359: Received PUBLISH from esp32-gps-01-32a50528 (d0, q0, r0, m0, 'trackhub/gps', ... (240 bytes))
1783048359: Sending PUBLISH to trackhub-laravel-subscriber (d0, q0, r0, m0, 'trackhub/gps', ... (240 bytes))
1783048362: Received PUBLISH from esp32-gps-01-32a50528 (d0, q0, r0, m0, 'trackhub/gps', ... (242 bytes))
1783048362: Sending PUBLISH to trackhub-laravel-subscriber (d0, q0, r0, m0, 'trackhub/gps', ... (242 bytes))
1783048365: Received PUBLISH from esp32-gps-01-32a50528 (d0, q0, r0, m0, 'trackhub/gps', ... (242 bytes))
1783048365: Sending PUBLISH to trackhub-laravel-subscriber (d0, q0, r0, m0, 'trackhub/gps', ... (242 bytes))
1783048368: Received PUBLISH from esp32-gps-01-32a50528 (d0, q0, r0, m0, 'trackhub/gps', ... (234 bytes))
1783048368: Sending PUBLISH to trackhub-laravel-subscriber (d0, q0, r0, m0, 'trackhub/gps', ... (234 bytes))
1783048370: Received PINGREQ from esp32-gps-01-32a50528
1783048370: Sending PINGRESP to esp32-gps-01-32a50528
1783048371: Received PUBLISH from esp32-gps-01-32a50528 (d0, q0, r0, m0, 'trackhub/gps', ... (234 bytes))
1783048371: Sending PUBLISH to trackhub-laravel-subscriber (d0, q0, r0, m0, 'trackhub/gps', ... (234 bytes))
1783048375: Received PUBLISH from esp32-gps-01-32a50528 (d0, q0, r0, m0, 'trackhub/gps', ... (234 bytes))
1783048375: Sending PUBLISH to trackhub-laravel-subscriber (d0, q0, r0, m0, 'trackhub/gps', ... (234 bytes))
1783048378: Received PUBLISH from esp32-gps-01-32a50528 (d0, q0, r0, m0, 'trackhub/gps', ... (234 bytes))
1783048378: Sending PUBLISH to trackhub-laravel-subscriber (d0, q0, r0, m0, 'trackhub/gps', ... (234 bytes))
1783048381: Received PUBLISH from esp32-gps-01-32a50528 (d0, q0, r0, m0, 'trackhub/gps', ... (234 bytes))
1783048381: Sending PUBLISH to trackhub-laravel-subscriber (d0, q0, r0, m0, 'trackhub/gps', ... (234 bytes))
1783048384: Received PUBLISH from esp32-gps-01-32a50528 (d0, q0, r0, m0, 'trackhub/gps', ... (234 bytes))
1783048384: Sending PUBLISH to trackhub-laravel-subscriber (d0, q0, r0, m0, 'trackhub/gps', ... (234 bytes))
1783048385: Received PINGREQ from esp32-gps-01-32a50528
1783048385: Sending PINGRESP to esp32-gps-01-32a50528
1783048387: Received PUBLISH from esp32-gps-01-32a50528 (d0, q0, r0, m0, 'trackhub/gps', ... (234 bytes))
1783048387: Sending PUBLISH to trackhub-laravel-subscriber (d0, q0, r0, m0, 'trackhub/gps', ... (234 bytes))
1783048388: Client trackhub-laravel-subscriber has exceeded timeout, disconnecting.
1783048390: Received PUBLISH from esp32-gps-01-32a50528 (d0, q0, r0, m0, 'trackhub/gps', ... (234 bytes))
1783048393: Received PUBLISH from esp32-gps-01-32a50528 (d0, q0, r0, m0, 'trackhub/gps', ... (234 bytes))
1783048393: New connection from 192.168.141.167:56687 on port 1883.
1783048393: New client connected from 192.168.141.167:56687 as trackhub-laravel-subscriber (p2, c1, k30).
1783048393: No will message specified.
1783048393: Sending CONNACK to trackhub-laravel-subscriber (0, 0)
1783048393: Received SUBSCRIBE from trackhub-laravel-subscriber
1783048393: 	trackhub/gps (QoS 0)
1783048393: trackhub-laravel-subscriber 0 trackhub/gps
1783048393: Sending SUBACK to trackhub-laravel-subscriber
1783048396: Received PUBLISH from esp32-gps-01-32a50528 (d0, q0, r0, m0, 'trackhub/gps', ... (234 bytes))
1783048396: Sending PUBLISH to trackhub-laravel-subscriber (d0, q0, r0, m0, 'trackhub/gps', ... (234 bytes))
1783048399: Received PUBLISH from esp32-gps-01-32a50528 (d0, q0, r0, m0, 'trackhub/gps', ... (234 bytes))
1783048399: Sending PUBLISH to trackhub-laravel-subscriber (d0, q0, r0, m0, 'trackhub/gps', ... (234 bytes))
1783048400: Received PINGREQ from esp32-gps-01-32a50528
1783048400: Sending PINGRESP to esp32-gps-01-32a50528
1783048402: Received PUBLISH from esp32-gps-01-32a50528 (d0, q0, r0, m0, 'trackhub/gps', ... (234 bytes))
1783048402: Sending PUBLISH to trackhub-laravel-subscriber (d0, q0, r0, m0, 'trackhub/gps', ... (234 bytes))
1783048405: Received PUBLISH from esp32-gps-01-32a50528 (d0, q0, r0, m0, 'trackhub/gps', ... (234 bytes))
1783048405: Sending PUBLISH to trackhub-laravel-subscriber (d0, q0, r0, m0, 'trackhub/gps', ... (234 bytes))
1783048408: Received PUBLISH from esp32-gps-01-32a50528 (d0, q0, r0, m0, 'trackhub/gps', ... (276 bytes))
1783048408: Sending PUBLISH to trackhub-laravel-subscriber (d0, q0, r0, m0, 'trackhub/gps', ... (276 bytes))
1783048411: Received PUBLISH from esp32-gps-01-32a50528 (d0, q0, r0, m0, 'trackhub/gps', ... (276 bytes))
1783048411: Sending PUBLISH to trackhub-laravel-subscriber (d0, q0, r0, m0, 'trackhub/gps', ... (276 bytes))
1783048414: Received PUBLISH from esp32-gps-01-32a50528 (d0, q0, r0, m0, 'trackhub/gps', ... (276 bytes))
1783048414: Sending PUBLISH to trackhub-laravel-subscriber (d0, q0, r0, m0, 'trackhub/gps', ... (276 bytes))
1783048415: Received PINGREQ from esp32-gps-01-32a50528
1783048415: Sending PINGRESP to esp32-gps-01-32a50528
1783048417: Received PUBLISH from esp32-gps-01-32a50528 (d0, q0, r0, m0, 'trackhub/gps', ... (256 bytes))
1783048417: Sending PUBLISH to trackhub-laravel-subscriber (d0, q0, r0, m0, 'trackhub/gps', ... (256 bytes))
1783048420: Received PUBLISH from esp32-gps-01-32a50528 (d0, q0, r0, m0, 'trackhub/gps', ... (256 bytes))
1783048420: Sending PUBLISH to trackhub-laravel-subscriber (d0, q0, r0, m0, 'trackhub/gps', ... (256 bytes))
1783048423: Received PUBLISH from esp32-gps-01-32a50528 (d0, q0, r0, m0, 'trackhub/gps', ... (256 bytes))
1783048423: Sending PUBLISH to trackhub-laravel-subscriber (d0, q0, r0, m0, 'trackhub/gps', ... (256 bytes))
1783048426: Received PUBLISH from esp32-gps-01-32a50528 (d0, q0, r0, m0, 'trackhub/gps', ... (256 bytes))
1783048426: Sending PUBLISH to trackhub-laravel-subscriber (d0, q0, r0, m0, 'trackhub/gps', ... (256 bytes))
1783048429: Received PUBLISH from esp32-gps-01-32a50528 (d0, q0, r0, m0, 'trackhub/gps', ... (256 bytes))
1783048429: Sending PUBLISH to trackhub-laravel-subscriber (d0, q0, r0, m0, 'trackhub/gps', ... (256 bytes))
1783048430: Received PINGREQ from esp32-gps-01-32a50528
1783048430: Sending PINGRESP to esp32-gps-01-32a50528
1783048432: Received PUBLISH from esp32-gps-01-32a50528 (d0, q0, r0, m0, 'trackhub/gps', ... (270 bytes))
1783048432: Sending PUBLISH to trackhub-laravel-subscriber (d0, q0, r0, m0, 'trackhub/gps', ... (270 bytes))
1783048435: Received PUBLISH from esp32-gps-01-32a50528 (d0, q0, r0, m0, 'trackhub/gps', ... (270 bytes))
1783048435: Sending PUBLISH to trackhub-laravel-subscriber (d0, q0, r0, m0, 'trackhub/gps', ... (270 bytes))
1783048438: Received PUBLISH from esp32-gps-01-32a50528 (d0, q0, r0, m0, 'trackhub/gps', ... (270 bytes))
1783048438: Sending PUBLISH to trackhub-laravel-subscriber (d0, q0, r0, m0, 'trackhub/gps', ... (270 bytes))
1783048439: Client trackhub-laravel-subscriber has exceeded timeout, disconnecting.
1783048441: Received PUBLISH from esp32-gps-01-32a50528 (d0, q0, r0, m0, 'trackhub/gps', ... (270 bytes))
1783048444: Received PUBLISH from esp32-gps-01-32a50528 (d0, q0, r0, m0, 'trackhub/gps', ... (254 bytes))
1783048444: New connection from 192.168.141.167:61281 on port 1883.
1783048444: New client connected from 192.168.141.167:61281 as trackhub-laravel-subscriber (p2, c1, k30).
1783048444: No will message specified.
1783048444: Sending CONNACK to trackhub-laravel-subscriber (0, 0)
1783048444: Received SUBSCRIBE from trackhub-laravel-subscriber
1783048444: 	trackhub/gps (QoS 0)
1783048444: trackhub-laravel-subscriber 0 trackhub/gps
1783048444: Sending SUBACK to trackhub-laravel-subscriber
1783048445: Received PINGREQ from esp32-gps-01-32a50528
1783048445: Sending PINGRESP to esp32-gps-01-32a50528
1783048447: Received PUBLISH from esp32-gps-01-32a50528 (d0, q0, r0, m0, 'trackhub/gps', ... (254 bytes))
1783048447: Sending PUBLISH to trackhub-laravel-subscriber (d0, q0, r0, m0, 'trackhub/gps', ... (254 bytes))
1783048450: Received PUBLISH from esp32-gps-01-32a50528 (d0, q0, r0, m0, 'trackhub/gps', ... (254 bytes))
1783048450: Sending PUBLISH to trackhub-laravel-subscriber (d0, q0, r0, m0, 'trackhub/gps', ... (254 bytes))
1783048453: Received PUBLISH from esp32-gps-01-32a50528 (d0, q0, r0, m0, 'trackhub/gps', ... (254 bytes))
1783048453: Sending PUBLISH to trackhub-laravel-subscriber (d0, q0, r0, m0, 'trackhub/gps', ... (254 bytes))
1783048456: Received PUBLISH from esp32-gps-01-32a50528 (d0, q0, r0, m0, 'trackhub/gps', ... (275 bytes))
1783048456: Sending PUBLISH to trackhub-laravel-subscriber (d0, q0, r0, m0, 'trackhub/gps', ... (275 bytes))
1783048459: Received PUBLISH from esp32-gps-01-32a50528 (d0, q0, r0, m0, 'trackhub/gps', ... (275 bytes))
1783048459: Sending PUBLISH to trackhub-laravel-subscriber (d0, q0, r0, m0, 'trackhub/gps', ... (275 bytes))
1783048460: Received PINGREQ from esp32-gps-01-32a50528
1783048460: Sending PINGRESP to esp32-gps-01-32a50528
1783048462: Received PUBLISH from esp32-gps-01-32a50528 (d0, q0, r0, m0, 'trackhub/gps', ... (275 bytes))
1783048462: Sending PUBLISH to trackhub-laravel-subscriber (d0, q0, r0, m0, 'trackhub/gps', ... (275 bytes))
1783048465: Received PUBLISH from esp32-gps-01-32a50528 (d0, q0, r0, m0, 'trackhub/gps', ... (275 bytes))
1783048465: Sending PUBLISH to trackhub-laravel-subscriber (d0, q0, r0, m0, 'trackhub/gps', ... (275 bytes))
1783048468: Received PUBLISH from esp32-gps-01-32a50528 (d0, q0, r0, m0, 'trackhub/gps', ... (275 bytes))
1783048468: Sending PUBLISH to trackhub-laravel-subscriber (d0, q0, r0, m0, 'trackhub/gps', ... (275 bytes))
1783048471: Received PUBLISH from esp32-gps-01-32a50528 (d0, q0, r0, m0, 'trackhub/gps', ... (275 bytes))
1783048471: Sending PUBLISH to trackhub-laravel-subscriber (d0, q0, r0, m0, 'trackhub/gps', ... (275 bytes))
1783048474: Received PUBLISH from esp32-gps-01-32a50528 (d0, q0, r0, m0, 'trackhub/gps', ... (275 bytes))
1783048474: Sending PUBLISH to trackhub-laravel-subscriber (d0, q0, r0, m0, 'trackhub/gps', ... (275 bytes))
1783048475: Received PINGREQ from esp32-gps-01-32a50528
1783048475: Sending PINGRESP to esp32-gps-01-32a50528
1783048477: Received PUBLISH from esp32-gps-01-32a50528 (d0, q0, r0, m0, 'trackhub/gps', ... (275 bytes))
1783048477: Sending PUBLISH to trackhub-laravel-subscriber (d0, q0, r0, m0, 'trackhub/gps', ... (275 bytes))
1783048480: Received PUBLISH from esp32-gps-01-32a50528 (d0, q0, r0, m0, 'trackhub/gps', ... (275 bytes))
1783048480: Sending PUBLISH to trackhub-laravel-subscriber (d0, q0, r0, m0, 'trackhub/gps', ... (275 bytes))
1783048483: Received PUBLISH from esp32-gps-01-32a50528 (d0, q0, r0, m0, 'trackhub/gps', ... (273 bytes))
1783048483: Sending PUBLISH to trackhub-laravel-subscriber (d0, q0, r0, m0, 'trackhub/gps', ... (273 bytes))
1783048486: Received PUBLISH from esp32-gps-01-32a50528 (d0, q0, r0, m0, 'trackhub/gps', ... (273 bytes))
1783048486: Sending PUBLISH to trackhub-laravel-subscriber (d0, q0, r0, m0, 'trackhub/gps', ... (273 bytes))
1783048489: Received PUBLISH from esp32-gps-01-32a50528 (d0, q0, r0, m0, 'trackhub/gps', ... (273 bytes))
1783048489: Sending PUBLISH to trackhub-laravel-subscriber (d0, q0, r0, m0, 'trackhub/gps', ... (273 bytes))
1783048490: Client trackhub-laravel-subscriber has exceeded timeout, disconnecting.
1783048490: Received PINGREQ from esp32-gps-01-32a50528
1783048490: Sending PINGRESP to esp32-gps-01-32a50528
1783048492: Received PUBLISH from esp32-gps-01-32a50528 (d0, q0, r0, m0, 'trackhub/gps', ... (265 bytes))
1783048495: New connection from 192.168.141.167:61287 on port 1883.
1783048495: New client connected from 192.168.141.167:61287 as trackhub-laravel-subscriber (p2, c1, k30).
1783048495: No will message specified.
1783048495: Sending CONNACK to trackhub-laravel-subscriber (0, 0)
1783048495: Received SUBSCRIBE from trackhub-laravel-subscriber
1783048495: 	trackhub/gps (QoS 0)
1783048495: trackhub-laravel-subscriber 0 trackhub/gps
1783048495: Sending SUBACK to trackhub-laravel-subscriber
1783048495: Received PUBLISH from esp32-gps-01-32a50528 (d0, q0, r0, m0, 'trackhub/gps', ... (265 bytes))
1783048495: Sending PUBLISH to trackhub-laravel-subscriber (d0, q0, r0, m0, 'trackhub/gps', ... (265 bytes))
1783048498: Received PUBLISH from esp32-gps-01-32a50528 (d0, q0, r0, m0, 'trackhub/gps', ... (265 bytes))
1783048498: Sending PUBLISH to trackhub-laravel-subscriber (d0, q0, r0, m0, 'trackhub/gps', ... (265 bytes))
1783048501: Received PUBLISH from esp32-gps-01-32a50528 (d0, q0, r0, m0, 'trackhub/gps', ... (265 bytes))
1783048501: Sending PUBLISH to trackhub-laravel-subscriber (d0, q0, r0, m0, 'trackhub/gps', ... (265 bytes))
1783048502: Client trackhub-laravel-subscriber closed its connection.
1783048504: Received PUBLISH from esp32-gps-01-32a50528 (d0, q0, r0, m0, 'trackhub/gps', ... (265 bytes))
1783048505: Received PINGREQ from esp32-gps-01-32a50528
1783048505: Sending PINGRESP to esp32-gps-01-32a50528
1783048508: mosquitto version 2.0.22 terminating
1783048508: Saving in-memory database to D:\gpstracker\MQTT\mosquitto\data\\mosquitto.db.
1783049342: mosquitto version 2.0.22 starting
1783049342: Config loaded from D:\gpstracker\MQTT\mosquitto-local.conf.
1783049342: Opening ipv4 listen socket on port 1883.
1783049342: mosquitto version 2.0.22 running
1783049346: New connection from 192.168.141.167:53267 on port 1883.
1783049346: New client connected from 192.168.141.167:53267 as trackhub-laravel-subscriber (p2, c1, k30).
1783049346: No will message specified.
1783049346: Sending CONNACK to trackhub-laravel-subscriber (0, 0)
1783049346: Received SUBSCRIBE from trackhub-laravel-subscriber
1783049346: 	trackhub/gps (QoS 0)
1783049346: trackhub-laravel-subscriber 0 trackhub/gps
1783049346: Sending SUBACK to trackhub-laravel-subscriber
1783049356: Received PINGREQ from trackhub-laravel-subscriber
1783049356: Sending PINGRESP to trackhub-laravel-subscriber
1783049366: Received PINGREQ from trackhub-laravel-subscriber
1783049366: Sending PINGRESP to trackhub-laravel-subscriber
1783049374: New connection from 192.168.141.57:60678 on port 1883.
1783049374: New client connected from 192.168.141.57:60678 as esp32-gps-01-32a50528 (p2, c1, k15).
1783049374: No will message specified.
1783049374: Sending CONNACK to esp32-gps-01-32a50528 (0, 0)
1783049374: Received PUBLISH from esp32-gps-01-32a50528 (d0, q0, r0, m0, 'trackhub/gps', ... (242 bytes))
1783049374: Sending PUBLISH to trackhub-laravel-subscriber (d0, q0, r0, m0, 'trackhub/gps', ... (242 bytes))
1783049375: Received DISCONNECT from trackhub-laravel-subscriber
1783049375: Client trackhub-laravel-subscriber disconnected.
1783049377: Received PUBLISH from esp32-gps-01-32a50528 (d0, q0, r0, m0, 'trackhub/gps', ... (242 bytes))
1783049380: New connection from 192.168.141.167:64481 on port 1883.
1783049380: New client connected from 192.168.141.167:64481 as trackhub-laravel-subscriber (p2, c1, k30).
1783049380: No will message specified.
1783049380: Sending CONNACK to trackhub-laravel-subscriber (0, 0)
1783049380: Received SUBSCRIBE from trackhub-laravel-subscriber
1783049380: 	trackhub/gps (QoS 0)
1783049380: trackhub-laravel-subscriber 0 trackhub/gps
1783049380: Sending SUBACK to trackhub-laravel-subscriber
1783049380: Received PUBLISH from esp32-gps-01-32a50528 (d0, q0, r0, m0, 'trackhub/gps', ... (234 bytes))
1783049380: Sending PUBLISH to trackhub-laravel-subscriber (d0, q0, r0, m0, 'trackhub/gps', ... (234 bytes))
1783049383: Received PUBLISH from esp32-gps-01-32a50528 (d0, q0, r0, m0, 'trackhub/gps', ... (234 bytes))
1783049383: Sending PUBLISH to trackhub-laravel-subscriber (d0, q0, r0, m0, 'trackhub/gps', ... (234 bytes))
1783049387: Received PUBLISH from esp32-gps-01-32a50528 (d0, q0, r0, m0, 'trackhub/gps', ... (234 bytes))
1783049387: Sending PUBLISH to trackhub-laravel-subscriber (d0, q0, r0, m0, 'trackhub/gps', ... (234 bytes))
1783049389: Client trackhub-laravel-subscriber closed its connection.
1783049389: Received PINGREQ from esp32-gps-01-32a50528
1783049389: Sending PINGRESP to esp32-gps-01-32a50528
1783049390: Received PUBLISH from esp32-gps-01-32a50528 (d0, q0, r0, m0, 'trackhub/gps', ... (234 bytes))
1783049393: Received PUBLISH from esp32-gps-01-32a50528 (d0, q0, r0, m0, 'trackhub/gps', ... (234 bytes))
1783049394: New connection from 192.168.141.167:63859 on port 1883.
1783049394: New client connected from 192.168.141.167:63859 as trackhub-laravel-subscriber (p2, c1, k30).
1783049394: No will message specified.
1783049394: Sending CONNACK to trackhub-laravel-subscriber (0, 0)
1783049394: Received SUBSCRIBE from trackhub-laravel-subscriber
1783049394: 	trackhub/gps (QoS 0)
1783049394: trackhub-laravel-subscriber 0 trackhub/gps
1783049394: Sending SUBACK to trackhub-laravel-subscriber
1783049396: Received PUBLISH from esp32-gps-01-32a50528 (d0, q0, r0, m0, 'trackhub/gps', ... (235 bytes))
1783049396: Sending PUBLISH to trackhub-laravel-subscriber (d0, q0, r0, m0, 'trackhub/gps', ... (235 bytes))
1783049399: Received PUBLISH from esp32-gps-01-32a50528 (d0, q0, r0, m0, 'trackhub/gps', ... (235 bytes))
1783049399: Sending PUBLISH to trackhub-laravel-subscriber (d0, q0, r0, m0, 'trackhub/gps', ... (235 bytes))
1783049402: Received PUBLISH from esp32-gps-01-32a50528 (d0, q0, r0, m0, 'trackhub/gps', ... (235 bytes))
1783049402: Sending PUBLISH to trackhub-laravel-subscriber (d0, q0, r0, m0, 'trackhub/gps', ... (235 bytes))
1783049404: Client trackhub-laravel-subscriber closed its connection.
1783049404: Received PINGREQ from esp32-gps-01-32a50528
1783049404: Sending PINGRESP to esp32-gps-01-32a50528
1783049405: Received PUBLISH from esp32-gps-01-32a50528 (d0, q0, r0, m0, 'trackhub/gps', ... (235 bytes))
1783049408: Received PUBLISH from esp32-gps-01-32a50528 (d0, q0, r0, m0, 'trackhub/gps', ... (235 bytes))
1783049409: New connection from 192.168.141.167:52371 on port 1883.
1783049409: New client connected from 192.168.141.167:52371 as trackhub-laravel-subscriber (p2, c1, k30).
1783049409: No will message specified.
1783049409: Sending CONNACK to trackhub-laravel-subscriber (0, 0)
1783049409: Received SUBSCRIBE from trackhub-laravel-subscriber
1783049409: 	trackhub/gps (QoS 0)
1783049409: trackhub-laravel-subscriber 0 trackhub/gps
1783049409: Sending SUBACK to trackhub-laravel-subscriber
1783049411: Received PUBLISH from esp32-gps-01-32a50528 (d0, q0, r0, m0, 'trackhub/gps', ... (235 bytes))
1783049411: Sending PUBLISH to trackhub-laravel-subscriber (d0, q0, r0, m0, 'trackhub/gps', ... (235 bytes))
1783049411: Received DISCONNECT from trackhub-laravel-subscriber
1783049411: Client trackhub-laravel-subscriber disconnected.
1783049414: Received PUBLISH from esp32-gps-01-32a50528 (d0, q0, r0, m0, 'trackhub/gps', ... (235 bytes))
1783049416: New connection from 192.168.141.167:52388 on port 1883.
1783049416: New client connected from 192.168.141.167:52388 as trackhub-laravel-subscriber (p2, c1, k30).
1783049416: No will message specified.
1783049416: Sending CONNACK to trackhub-laravel-subscriber (0, 0)
1783049416: Received SUBSCRIBE from trackhub-laravel-subscriber
1783049416: 	trackhub/gps (QoS 0)
1783049416: trackhub-laravel-subscriber 0 trackhub/gps
1783049416: Sending SUBACK to trackhub-laravel-subscriber
1783049417: Received PUBLISH from esp32-gps-01-32a50528 (d0, q0, r0, m0, 'trackhub/gps', ... (278 bytes))
1783049417: Sending PUBLISH to trackhub-laravel-subscriber (d0, q0, r0, m0, 'trackhub/gps', ... (278 bytes))
1783049419: Received PINGREQ from esp32-gps-01-32a50528
1783049419: Sending PINGRESP to esp32-gps-01-32a50528
1783049420: Received PUBLISH from esp32-gps-01-32a50528 (d0, q0, r0, m0, 'trackhub/gps', ... (278 bytes))
1783049420: Sending PUBLISH to trackhub-laravel-subscriber (d0, q0, r0, m0, 'trackhub/gps', ... (278 bytes))
1783049423: Received PUBLISH from esp32-gps-01-32a50528 (d0, q0, r0, m0, 'trackhub/gps', ... (278 bytes))
1783049423: Sending PUBLISH to trackhub-laravel-subscriber (d0, q0, r0, m0, 'trackhub/gps', ... (278 bytes))
1783049426: Received PUBLISH from esp32-gps-01-32a50528 (d0, q0, r0, m0, 'trackhub/gps', ... (257 bytes))
1783049426: Sending PUBLISH to trackhub-laravel-subscriber (d0, q0, r0, m0, 'trackhub/gps', ... (257 bytes))
1783049429: Received PUBLISH from esp32-gps-01-32a50528 (d0, q0, r0, m0, 'trackhub/gps', ... (278 bytes))
1783049429: Sending PUBLISH to trackhub-laravel-subscriber (d0, q0, r0, m0, 'trackhub/gps', ... (278 bytes))
1783049432: Received PUBLISH from esp32-gps-01-32a50528 (d0, q0, r0, m0, 'trackhub/gps', ... (257 bytes))
1783049432: Sending PUBLISH to trackhub-laravel-subscriber (d0, q0, r0, m0, 'trackhub/gps', ... (257 bytes))
1783049434: Received PINGREQ from esp32-gps-01-32a50528
1783049434: Sending PINGRESP to esp32-gps-01-32a50528
1783049435: Received PUBLISH from esp32-gps-01-32a50528 (d0, q0, r0, m0, 'trackhub/gps', ... (257 bytes))
1783049435: Sending PUBLISH to trackhub-laravel-subscriber (d0, q0, r0, m0, 'trackhub/gps', ... (257 bytes))
1783049438: Received PUBLISH from esp32-gps-01-32a50528 (d0, q0, r0, m0, 'trackhub/gps', ... (257 bytes))
1783049438: Sending PUBLISH to trackhub-laravel-subscriber (d0, q0, r0, m0, 'trackhub/gps', ... (257 bytes))
1783049441: Received PUBLISH from esp32-gps-01-32a50528 (d0, q0, r0, m0, 'trackhub/gps', ... (270 bytes))
1783049441: Sending PUBLISH to trackhub-laravel-subscriber (d0, q0, r0, m0, 'trackhub/gps', ... (270 bytes))
1783049444: Received PUBLISH from esp32-gps-01-32a50528 (d0, q0, r0, m0, 'trackhub/gps', ... (270 bytes))
1783049444: Sending PUBLISH to trackhub-laravel-subscriber (d0, q0, r0, m0, 'trackhub/gps', ... (270 bytes))
1783049447: Received PUBLISH from esp32-gps-01-32a50528 (d0, q0, r0, m0, 'trackhub/gps', ... (257 bytes))
1783049447: Sending PUBLISH to trackhub-laravel-subscriber (d0, q0, r0, m0, 'trackhub/gps', ... (257 bytes))
1783049449: Received PINGREQ from esp32-gps-01-32a50528
1783049449: Sending PINGRESP to esp32-gps-01-32a50528
1783049450: Received PUBLISH from esp32-gps-01-32a50528 (d0, q0, r0, m0, 'trackhub/gps', ... (257 bytes))
1783049450: Sending PUBLISH to trackhub-laravel-subscriber (d0, q0, r0, m0, 'trackhub/gps', ... (257 bytes))
1783049453: Received PUBLISH from esp32-gps-01-32a50528 (d0, q0, r0, m0, 'trackhub/gps', ... (257 bytes))
1783049453: Sending PUBLISH to trackhub-laravel-subscriber (d0, q0, r0, m0, 'trackhub/gps', ... (257 bytes))
1783049456: Received PUBLISH from esp32-gps-01-32a50528 (d0, q0, r0, m0, 'trackhub/gps', ... (257 bytes))
1783049456: Sending PUBLISH to trackhub-laravel-subscriber (d0, q0, r0, m0, 'trackhub/gps', ... (257 bytes))
1783049459: Received PUBLISH from esp32-gps-01-32a50528 (d0, q0, r0, m0, 'trackhub/gps', ... (257 bytes))
1783049459: Sending PUBLISH to trackhub-laravel-subscriber (d0, q0, r0, m0, 'trackhub/gps', ... (257 bytes))
1783049462: Received PUBLISH from esp32-gps-01-32a50528 (d0, q0, r0, m0, 'trackhub/gps', ... (276 bytes))
1783049462: Sending PUBLISH to trackhub-laravel-subscriber (d0, q0, r0, m0, 'trackhub/gps', ... (276 bytes))
1783049462: Client trackhub-laravel-subscriber has exceeded timeout, disconnecting.
1783049464: Received PINGREQ from esp32-gps-01-32a50528
1783049464: Sending PINGRESP to esp32-gps-01-32a50528
1783049465: Received PUBLISH from esp32-gps-01-32a50528 (d0, q0, r0, m0, 'trackhub/gps', ... (276 bytes))
1783049467: New connection from 192.168.141.167:57133 on port 1883.
1783049467: New client connected from 192.168.141.167:57133 as trackhub-laravel-subscriber (p2, c1, k30).
1783049467: No will message specified.
1783049467: Sending CONNACK to trackhub-laravel-subscriber (0, 0)
1783049467: Received SUBSCRIBE from trackhub-laravel-subscriber
1783049467: 	trackhub/gps (QoS 0)
1783049467: trackhub-laravel-subscriber 0 trackhub/gps
1783049467: Sending SUBACK to trackhub-laravel-subscriber
1783049468: Received PUBLISH from esp32-gps-01-32a50528 (d0, q0, r0, m0, 'trackhub/gps', ... (276 bytes))
1783049468: Sending PUBLISH to trackhub-laravel-subscriber (d0, q0, r0, m0, 'trackhub/gps', ... (276 bytes))
1783049471: Received PUBLISH from esp32-gps-01-32a50528 (d0, q0, r0, m0, 'trackhub/gps', ... (276 bytes))
1783049471: Sending PUBLISH to trackhub-laravel-subscriber (d0, q0, r0, m0, 'trackhub/gps', ... (276 bytes))
1783049474: Received PUBLISH from esp32-gps-01-32a50528 (d0, q0, r0, m0, 'trackhub/gps', ... (276 bytes))
1783049474: Sending PUBLISH to trackhub-laravel-subscriber (d0, q0, r0, m0, 'trackhub/gps', ... (276 bytes))
1783049477: Received PUBLISH from esp32-gps-01-32a50528 (d0, q0, r0, m0, 'trackhub/gps', ... (274 bytes))
1783049477: Sending PUBLISH to trackhub-laravel-subscriber (d0, q0, r0, m0, 'trackhub/gps', ... (274 bytes))
1783049479: Received PINGREQ from esp32-gps-01-32a50528
1783049479: Sending PINGRESP to esp32-gps-01-32a50528
1783049480: Received PUBLISH from esp32-gps-01-32a50528 (d0, q0, r0, m0, 'trackhub/gps', ... (274 bytes))
1783049480: Sending PUBLISH to trackhub-laravel-subscriber (d0, q0, r0, m0, 'trackhub/gps', ... (274 bytes))
1783049483: Received PUBLISH from esp32-gps-01-32a50528 (d0, q0, r0, m0, 'trackhub/gps', ... (274 bytes))
1783049483: Sending PUBLISH to trackhub-laravel-subscriber (d0, q0, r0, m0, 'trackhub/gps', ... (274 bytes))
1783049486: Received PUBLISH from esp32-gps-01-32a50528 (d0, q0, r0, m0, 'trackhub/gps', ... (274 bytes))
1783049486: Sending PUBLISH to trackhub-laravel-subscriber (d0, q0, r0, m0, 'trackhub/gps', ... (274 bytes))
1783049489: Received PUBLISH from esp32-gps-01-32a50528 (d0, q0, r0, m0, 'trackhub/gps', ... (274 bytes))
1783049489: Sending PUBLISH to trackhub-laravel-subscriber (d0, q0, r0, m0, 'trackhub/gps', ... (274 bytes))
1783049492: Received PUBLISH from esp32-gps-01-32a50528 (d0, q0, r0, m0, 'trackhub/gps', ... (272 bytes))
1783049492: Sending PUBLISH to trackhub-laravel-subscriber (d0, q0, r0, m0, 'trackhub/gps', ... (272 bytes))
1783049494: Received PINGREQ from esp32-gps-01-32a50528
1783049494: Sending PINGRESP to esp32-gps-01-32a50528
1783049495: Received PUBLISH from esp32-gps-01-32a50528 (d0, q0, r0, m0, 'trackhub/gps', ... (272 bytes))
1783049495: Sending PUBLISH to trackhub-laravel-subscriber (d0, q0, r0, m0, 'trackhub/gps', ... (272 bytes))
1783049498: Received PUBLISH from esp32-gps-01-32a50528 (d0, q0, r0, m0, 'trackhub/gps', ... (272 bytes))
1783049498: Sending PUBLISH to trackhub-laravel-subscriber (d0, q0, r0, m0, 'trackhub/gps', ... (272 bytes))
1783049501: Received PUBLISH from esp32-gps-01-32a50528 (d0, q0, r0, m0, 'trackhub/gps', ... (266 bytes))
1783049501: Sending PUBLISH to trackhub-laravel-subscriber (d0, q0, r0, m0, 'trackhub/gps', ... (266 bytes))
1783049504: Received PUBLISH from esp32-gps-01-32a50528 (d0, q0, r0, m0, 'trackhub/gps', ... (266 bytes))
1783049504: Sending PUBLISH to trackhub-laravel-subscriber (d0, q0, r0, m0, 'trackhub/gps', ... (266 bytes))
1783049507: Received PUBLISH from esp32-gps-01-32a50528 (d0, q0, r0, m0, 'trackhub/gps', ... (266 bytes))
1783049507: Sending PUBLISH to trackhub-laravel-subscriber (d0, q0, r0, m0, 'trackhub/gps', ... (266 bytes))
1783049509: Received PINGREQ from esp32-gps-01-32a50528
1783049509: Sending PINGRESP to esp32-gps-01-32a50528
1783049510: Received PUBLISH from esp32-gps-01-32a50528 (d0, q0, r0, m0, 'trackhub/gps', ... (266 bytes))
1783049510: Sending PUBLISH to trackhub-laravel-subscriber (d0, q0, r0, m0, 'trackhub/gps', ... (266 bytes))
1783049513: Client trackhub-laravel-subscriber has exceeded timeout, disconnecting.
1783049513: Received PUBLISH from esp32-gps-01-32a50528 (d0, q0, r0, m0, 'trackhub/gps', ... (266 bytes))
1783049516: Received PUBLISH from esp32-gps-01-32a50528 (d0, q0, r0, m0, 'trackhub/gps', ... (271 bytes))
1783049518: New connection from 192.168.141.167:58297 on port 1883.
1783049518: New client connected from 192.168.141.167:58297 as trackhub-laravel-subscriber (p2, c1, k30).
1783049518: No will message specified.
1783049518: Sending CONNACK to trackhub-laravel-subscriber (0, 0)
1783049518: Received SUBSCRIBE from trackhub-laravel-subscriber
1783049518: 	trackhub/gps (QoS 0)
1783049518: trackhub-laravel-subscriber 0 trackhub/gps
1783049518: Sending SUBACK to trackhub-laravel-subscriber
1783049519: Received PUBLISH from esp32-gps-01-32a50528 (d0, q0, r0, m0, 'trackhub/gps', ... (271 bytes))
1783049519: Sending PUBLISH to trackhub-laravel-subscriber (d0, q0, r0, m0, 'trackhub/gps', ... (271 bytes))
1783049522: Received PUBLISH from esp32-gps-01-32a50528 (d0, q0, r0, m0, 'trackhub/gps', ... (263 bytes))
1783049522: Sending PUBLISH to trackhub-laravel-subscriber (d0, q0, r0, m0, 'trackhub/gps', ... (263 bytes))
1783049524: Received PINGREQ from esp32-gps-01-32a50528
1783049524: Sending PINGRESP to esp32-gps-01-32a50528
1783049525: Received PUBLISH from esp32-gps-01-32a50528 (d0, q0, r0, m0, 'trackhub/gps', ... (263 bytes))
1783049525: Sending PUBLISH to trackhub-laravel-subscriber (d0, q0, r0, m0, 'trackhub/gps', ... (263 bytes))
1783049528: Received PUBLISH from esp32-gps-01-32a50528 (d0, q0, r0, m0, 'trackhub/gps', ... (263 bytes))
1783049528: Sending PUBLISH to trackhub-laravel-subscriber (d0, q0, r0, m0, 'trackhub/gps', ... (263 bytes))
1783049531: Received PUBLISH from esp32-gps-01-32a50528 (d0, q0, r0, m0, 'trackhub/gps', ... (263 bytes))
1783049531: Sending PUBLISH to trackhub-laravel-subscriber (d0, q0, r0, m0, 'trackhub/gps', ... (263 bytes))
1783049534: Received PUBLISH from esp32-gps-01-32a50528 (d0, q0, r0, m0, 'trackhub/gps', ... (263 bytes))
1783049534: Sending PUBLISH to trackhub-laravel-subscriber (d0, q0, r0, m0, 'trackhub/gps', ... (263 bytes))
1783049537: Received PUBLISH from esp32-gps-01-32a50528 (d0, q0, r0, m0, 'trackhub/gps', ... (271 bytes))
1783049537: Sending PUBLISH to trackhub-laravel-subscriber (d0, q0, r0, m0, 'trackhub/gps', ... (271 bytes))
1783049539: Received PINGREQ from esp32-gps-01-32a50528
1783049539: Sending PINGRESP to esp32-gps-01-32a50528
1783049540: Received PUBLISH from esp32-gps-01-32a50528 (d0, q0, r0, m0, 'trackhub/gps', ... (278 bytes))
1783049540: Sending PUBLISH to trackhub-laravel-subscriber (d0, q0, r0, m0, 'trackhub/gps', ... (278 bytes))
1783049543: Received PUBLISH from esp32-gps-01-32a50528 (d0, q0, r0, m0, 'trackhub/gps', ... (278 bytes))
1783049543: Sending PUBLISH to trackhub-laravel-subscriber (d0, q0, r0, m0, 'trackhub/gps', ... (278 bytes))
1783049546: Received PUBLISH from esp32-gps-01-32a50528 (d0, q0, r0, m0, 'trackhub/gps', ... (241 bytes))
1783049546: Sending PUBLISH to trackhub-laravel-subscriber (d0, q0, r0, m0, 'trackhub/gps', ... (241 bytes))
1783049549: Received PUBLISH from esp32-gps-01-32a50528 (d0, q0, r0, m0, 'trackhub/gps', ... (241 bytes))
1783049549: Sending PUBLISH to trackhub-laravel-subscriber (d0, q0, r0, m0, 'trackhub/gps', ... (241 bytes))
1783049552: Received PUBLISH from esp32-gps-01-32a50528 (d0, q0, r0, m0, 'trackhub/gps', ... (241 bytes))
1783049552: Sending PUBLISH to trackhub-laravel-subscriber (d0, q0, r0, m0, 'trackhub/gps', ... (241 bytes))
1783049554: Received PINGREQ from esp32-gps-01-32a50528
1783049554: Sending PINGRESP to esp32-gps-01-32a50528
1783049555: Received PUBLISH from esp32-gps-01-32a50528 (d0, q0, r0, m0, 'trackhub/gps', ... (241 bytes))
1783049555: Sending PUBLISH to trackhub-laravel-subscriber (d0, q0, r0, m0, 'trackhub/gps', ... (241 bytes))
1783049558: Received PUBLISH from esp32-gps-01-32a50528 (d0, q0, r0, m0, 'trackhub/gps', ... (235 bytes))
1783049558: Sending PUBLISH to trackhub-laravel-subscriber (d0, q0, r0, m0, 'trackhub/gps', ... (235 bytes))
1783049561: Received PUBLISH from esp32-gps-01-32a50528 (d0, q0, r0, m0, 'trackhub/gps', ... (235 bytes))
1783049561: Sending PUBLISH to trackhub-laravel-subscriber (d0, q0, r0, m0, 'trackhub/gps', ... (235 bytes))
1783049564: Client trackhub-laravel-subscriber has exceeded timeout, disconnecting.
1783049565: Received PUBLISH from esp32-gps-01-32a50528 (d0, q0, r0, m0, 'trackhub/gps', ... (235 bytes))
1783049568: Received PUBLISH from esp32-gps-01-32a50528 (d0, q0, r0, m0, 'trackhub/gps', ... (235 bytes))
1783049569: New connection from 192.168.141.167:61661 on port 1883.
1783049569: Received PINGREQ from esp32-gps-01-32a50528
1783049569: Sending PINGRESP to esp32-gps-01-32a50528
1783049569: New client connected from 192.168.141.167:61661 as trackhub-laravel-subscriber (p2, c1, k30).
1783049569: No will message specified.
1783049569: Sending CONNACK to trackhub-laravel-subscriber (0, 0)
1783049569: Received SUBSCRIBE from trackhub-laravel-subscriber
1783049569: 	trackhub/gps (QoS 0)
1783049569: trackhub-laravel-subscriber 0 trackhub/gps
1783049569: Sending SUBACK to trackhub-laravel-subscriber
1783049571: Received PUBLISH from esp32-gps-01-32a50528 (d0, q0, r0, m0, 'trackhub/gps', ... (235 bytes))
1783049571: Sending PUBLISH to trackhub-laravel-subscriber (d0, q0, r0, m0, 'trackhub/gps', ... (235 bytes))
1783049574: Received PUBLISH from esp32-gps-01-32a50528 (d0, q0, r0, m0, 'trackhub/gps', ... (235 bytes))
1783049574: Sending PUBLISH to trackhub-laravel-subscriber (d0, q0, r0, m0, 'trackhub/gps', ... (235 bytes))
1783049577: Received PUBLISH from esp32-gps-01-32a50528 (d0, q0, r0, m0, 'trackhub/gps', ... (235 bytes))
1783049577: Sending PUBLISH to trackhub-laravel-subscriber (d0, q0, r0, m0, 'trackhub/gps', ... (235 bytes))
1783049580: Received PUBLISH from esp32-gps-01-32a50528 (d0, q0, r0, m0, 'trackhub/gps', ... (235 bytes))
1783049580: Sending PUBLISH to trackhub-laravel-subscriber (d0, q0, r0, m0, 'trackhub/gps', ... (235 bytes))
1783049583: Received PUBLISH from esp32-gps-01-32a50528 (d0, q0, r0, m0, 'trackhub/gps', ... (235 bytes))
1783049583: Sending PUBLISH to trackhub-laravel-subscriber (d0, q0, r0, m0, 'trackhub/gps', ... (235 bytes))
1783049584: Received PINGREQ from esp32-gps-01-32a50528
1783049584: Sending PINGRESP to esp32-gps-01-32a50528
1783049586: Received PUBLISH from esp32-gps-01-32a50528 (d0, q0, r0, m0, 'trackhub/gps', ... (235 bytes))
1783049586: Sending PUBLISH to trackhub-laravel-subscriber (d0, q0, r0, m0, 'trackhub/gps', ... (235 bytes))
1783049589: Received PUBLISH from esp32-gps-01-32a50528 (d0, q0, r0, m0, 'trackhub/gps', ... (235 bytes))
1783049589: Sending PUBLISH to trackhub-laravel-subscriber (d0, q0, r0, m0, 'trackhub/gps', ... (235 bytes))
1783049592: Received PUBLISH from esp32-gps-01-32a50528 (d0, q0, r0, m0, 'trackhub/gps', ... (235 bytes))
1783049592: Sending PUBLISH to trackhub-laravel-subscriber (d0, q0, r0, m0, 'trackhub/gps', ... (235 bytes))
1783049595: Received PUBLISH from esp32-gps-01-32a50528 (d0, q0, r0, m0, 'trackhub/gps', ... (235 bytes))
1783049595: Sending PUBLISH to trackhub-laravel-subscriber (d0, q0, r0, m0, 'trackhub/gps', ... (235 bytes))
1783049598: Received PUBLISH from esp32-gps-01-32a50528 (d0, q0, r0, m0, 'trackhub/gps', ... (278 bytes))
1783049598: Sending PUBLISH to trackhub-laravel-subscriber (d0, q0, r0, m0, 'trackhub/gps', ... (278 bytes))
1783049599: Received PINGREQ from esp32-gps-01-32a50528
1783049599: Sending PINGRESP to esp32-gps-01-32a50528
1783049601: Received PUBLISH from esp32-gps-01-32a50528 (d0, q0, r0, m0, 'trackhub/gps', ... (278 bytes))
1783049601: Sending PUBLISH to trackhub-laravel-subscriber (d0, q0, r0, m0, 'trackhub/gps', ... (278 bytes))
1783049604: Received PUBLISH from esp32-gps-01-32a50528 (d0, q0, r0, m0, 'trackhub/gps', ... (278 bytes))
1783049604: Sending PUBLISH to trackhub-laravel-subscriber (d0, q0, r0, m0, 'trackhub/gps', ... (278 bytes))
1783049607: Received PUBLISH from esp32-gps-01-32a50528 (d0, q0, r0, m0, 'trackhub/gps', ... (278 bytes))
1783049607: Sending PUBLISH to trackhub-laravel-subscriber (d0, q0, r0, m0, 'trackhub/gps', ... (278 bytes))
1783049610: Received PUBLISH from esp32-gps-01-32a50528 (d0, q0, r0, m0, 'trackhub/gps', ... (257 bytes))
1783049610: Sending PUBLISH to trackhub-laravel-subscriber (d0, q0, r0, m0, 'trackhub/gps', ... (257 bytes))
1783049613: Received PUBLISH from esp32-gps-01-32a50528 (d0, q0, r0, m0, 'trackhub/gps', ... (257 bytes))
1783049613: Sending PUBLISH to trackhub-laravel-subscriber (d0, q0, r0, m0, 'trackhub/gps', ... (257 bytes))
1783049614: Received PINGREQ from esp32-gps-01-32a50528
1783049614: Sending PINGRESP to esp32-gps-01-32a50528
1783049615: Client trackhub-laravel-subscriber has exceeded timeout, disconnecting.
1783049616: Received PUBLISH from esp32-gps-01-32a50528 (d0, q0, r0, m0, 'trackhub/gps', ... (257 bytes))
1783049619: Received PUBLISH from esp32-gps-01-32a50528 (d0, q0, r0, m0, 'trackhub/gps', ... (257 bytes))
1783049620: New connection from 192.168.141.167:50286 on port 1883.
1783049620: New client connected from 192.168.141.167:50286 as trackhub-laravel-subscriber (p2, c1, k30).
1783049620: No will message specified.
1783049620: Sending CONNACK to trackhub-laravel-subscriber (0, 0)
1783049620: Received SUBSCRIBE from trackhub-laravel-subscriber
1783049620: 	trackhub/gps (QoS 0)
1783049620: trackhub-laravel-subscriber 0 trackhub/gps
1783049620: Sending SUBACK to trackhub-laravel-subscriber
1783049622: Received PUBLISH from esp32-gps-01-32a50528 (d0, q0, r0, m0, 'trackhub/gps', ... (272 bytes))
1783049622: Sending PUBLISH to trackhub-laravel-subscriber (d0, q0, r0, m0, 'trackhub/gps', ... (272 bytes))
1783049625: Received PUBLISH from esp32-gps-01-32a50528 (d0, q0, r0, m0, 'trackhub/gps', ... (272 bytes))
1783049625: Sending PUBLISH to trackhub-laravel-subscriber (d0, q0, r0, m0, 'trackhub/gps', ... (272 bytes))
1783049628: Received PUBLISH from esp32-gps-01-32a50528 (d0, q0, r0, m0, 'trackhub/gps', ... (272 bytes))
1783049628: Sending PUBLISH to trackhub-laravel-subscriber (d0, q0, r0, m0, 'trackhub/gps', ... (272 bytes))
1783049629: Received PINGREQ from esp32-gps-01-32a50528
1783049629: Sending PINGRESP to esp32-gps-01-32a50528
1783049631: Received PUBLISH from esp32-gps-01-32a50528 (d0, q0, r0, m0, 'trackhub/gps', ... (259 bytes))
1783049631: Sending PUBLISH to trackhub-laravel-subscriber (d0, q0, r0, m0, 'trackhub/gps', ... (259 bytes))
1783049634: Received PUBLISH from esp32-gps-01-32a50528 (d0, q0, r0, m0, 'trackhub/gps', ... (259 bytes))
1783049634: Sending PUBLISH to trackhub-laravel-subscriber (d0, q0, r0, m0, 'trackhub/gps', ... (259 bytes))
1783049637: Received PUBLISH from esp32-gps-01-32a50528 (d0, q0, r0, m0, 'trackhub/gps', ... (259 bytes))
1783049637: Sending PUBLISH to trackhub-laravel-subscriber (d0, q0, r0, m0, 'trackhub/gps', ... (259 bytes))
1783049640: Received PUBLISH from esp32-gps-01-32a50528 (d0, q0, r0, m0, 'trackhub/gps', ... (259 bytes))
1783049640: Sending PUBLISH to trackhub-laravel-subscriber (d0, q0, r0, m0, 'trackhub/gps', ... (259 bytes))
1783049643: Received PUBLISH from esp32-gps-01-32a50528 (d0, q0, r0, m0, 'trackhub/gps', ... (276 bytes))
1783049643: Sending PUBLISH to trackhub-laravel-subscriber (d0, q0, r0, m0, 'trackhub/gps', ... (276 bytes))
1783049644: Received PINGREQ from esp32-gps-01-32a50528
1783049644: Sending PINGRESP to esp32-gps-01-32a50528
1783049646: Received PUBLISH from esp32-gps-01-32a50528 (d0, q0, r0, m0, 'trackhub/gps', ... (276 bytes))
1783049646: Sending PUBLISH to trackhub-laravel-subscriber (d0, q0, r0, m0, 'trackhub/gps', ... (276 bytes))
1783049649: Received PUBLISH from esp32-gps-01-32a50528 (d0, q0, r0, m0, 'trackhub/gps', ... (276 bytes))
1783049649: Sending PUBLISH to trackhub-laravel-subscriber (d0, q0, r0, m0, 'trackhub/gps', ... (276 bytes))
1783049652: Received PUBLISH from esp32-gps-01-32a50528 (d0, q0, r0, m0, 'trackhub/gps', ... (276 bytes))
1783049652: Sending PUBLISH to trackhub-laravel-subscriber (d0, q0, r0, m0, 'trackhub/gps', ... (276 bytes))
1783049655: Received PUBLISH from esp32-gps-01-32a50528 (d0, q0, r0, m0, 'trackhub/gps', ... (274 bytes))
1783049655: Sending PUBLISH to trackhub-laravel-subscriber (d0, q0, r0, m0, 'trackhub/gps', ... (274 bytes))
1783049658: Received PUBLISH from esp32-gps-01-32a50528 (d0, q0, r0, m0, 'trackhub/gps', ... (274 bytes))
1783049658: Sending PUBLISH to trackhub-laravel-subscriber (d0, q0, r0, m0, 'trackhub/gps', ... (274 bytes))
1783049659: Received PINGREQ from esp32-gps-01-32a50528
1783049659: Sending PINGRESP to esp32-gps-01-32a50528
1783049661: Received PUBLISH from esp32-gps-01-32a50528 (d0, q0, r0, m0, 'trackhub/gps', ... (274 bytes))
1783049661: Sending PUBLISH to trackhub-laravel-subscriber (d0, q0, r0, m0, 'trackhub/gps', ... (274 bytes))
1783049664: Received PUBLISH from esp32-gps-01-32a50528 (d0, q0, r0, m0, 'trackhub/gps', ... (274 bytes))
1783049664: Sending PUBLISH to trackhub-laravel-subscriber (d0, q0, r0, m0, 'trackhub/gps', ... (274 bytes))
1783049666: Client trackhub-laravel-subscriber has exceeded timeout, disconnecting.
1783049667: Received PUBLISH from esp32-gps-01-32a50528 (d0, q0, r0, m0, 'trackhub/gps', ... (274 bytes))
1783049670: Received PUBLISH from esp32-gps-01-32a50528 (d0, q0, r0, m0, 'trackhub/gps', ... (272 bytes))
1783049671: New connection from 192.168.141.167:58452 on port 1883.
1783049671: New client connected from 192.168.141.167:58452 as trackhub-laravel-subscriber (p2, c1, k30).
1783049671: No will message specified.
1783049671: Sending CONNACK to trackhub-laravel-subscriber (0, 0)
1783049671: Received SUBSCRIBE from trackhub-laravel-subscriber
1783049671: 	trackhub/gps (QoS 0)
1783049671: trackhub-laravel-subscriber 0 trackhub/gps
1783049671: Sending SUBACK to trackhub-laravel-subscriber
1783049673: Received PUBLISH from esp32-gps-01-32a50528 (d0, q0, r0, m0, 'trackhub/gps', ... (272 bytes))
1783049673: Sending PUBLISH to trackhub-laravel-subscriber (d0, q0, r0, m0, 'trackhub/gps', ... (272 bytes))
1783049674: Received PINGREQ from esp32-gps-01-32a50528
1783049674: Sending PINGRESP to esp32-gps-01-32a50528
1783049676: Received PUBLISH from esp32-gps-01-32a50528 (d0, q0, r0, m0, 'trackhub/gps', ... (272 bytes))
1783049676: Sending PUBLISH to trackhub-laravel-subscriber (d0, q0, r0, m0, 'trackhub/gps', ... (272 bytes))
1783049679: Received PUBLISH from esp32-gps-01-32a50528 (d0, q0, r0, m0, 'trackhub/gps', ... (266 bytes))
1783049679: Sending PUBLISH to trackhub-laravel-subscriber (d0, q0, r0, m0, 'trackhub/gps', ... (266 bytes))
1783049682: Received PUBLISH from esp32-gps-01-32a50528 (d0, q0, r0, m0, 'trackhub/gps', ... (266 bytes))
1783049682: Sending PUBLISH to trackhub-laravel-subscriber (d0, q0, r0, m0, 'trackhub/gps', ... (266 bytes))
1783049685: Received PUBLISH from esp32-gps-01-32a50528 (d0, q0, r0, m0, 'trackhub/gps', ... (266 bytes))
1783049685: Sending PUBLISH to trackhub-laravel-subscriber (d0, q0, r0, m0, 'trackhub/gps', ... (266 bytes))
1783049688: Received PUBLISH from esp32-gps-01-32a50528 (d0, q0, r0, m0, 'trackhub/gps', ... (266 bytes))
1783049688: Sending PUBLISH to trackhub-laravel-subscriber (d0, q0, r0, m0, 'trackhub/gps', ... (266 bytes))
1783049689: Received PINGREQ from esp32-gps-01-32a50528
1783049689: Sending PINGRESP to esp32-gps-01-32a50528
1783049691: Received PUBLISH from esp32-gps-01-32a50528 (d0, q0, r0, m0, 'trackhub/gps', ... (271 bytes))
1783049691: Sending PUBLISH to trackhub-laravel-subscriber (d0, q0, r0, m0, 'trackhub/gps', ... (271 bytes))
1783049694: Received PUBLISH from esp32-gps-01-32a50528 (d0, q0, r0, m0, 'trackhub/gps', ... (271 bytes))
1783049694: Sending PUBLISH to trackhub-laravel-subscriber (d0, q0, r0, m0, 'trackhub/gps', ... (271 bytes))
1783049697: Received PUBLISH from esp32-gps-01-32a50528 (d0, q0, r0, m0, 'trackhub/gps', ... (271 bytes))
1783049697: Sending PUBLISH to trackhub-laravel-subscriber (d0, q0, r0, m0, 'trackhub/gps', ... (271 bytes))
1783049700: Received PUBLISH from esp32-gps-01-32a50528 (d0, q0, r0, m0, 'trackhub/gps', ... (271 bytes))
1783049700: Sending PUBLISH to trackhub-laravel-subscriber (d0, q0, r0, m0, 'trackhub/gps', ... (271 bytes))
1783049703: Received PUBLISH from esp32-gps-01-32a50528 (d0, q0, r0, m0, 'trackhub/gps', ... (271 bytes))
1783049703: Sending PUBLISH to trackhub-laravel-subscriber (d0, q0, r0, m0, 'trackhub/gps', ... (271 bytes))
1783049704: Received PINGREQ from esp32-gps-01-32a50528
1783049704: Sending PINGRESP to esp32-gps-01-32a50528
1783049706: Received PUBLISH from esp32-gps-01-32a50528 (d0, q0, r0, m0, 'trackhub/gps', ... (274 bytes))
1783049706: Sending PUBLISH to trackhub-laravel-subscriber (d0, q0, r0, m0, 'trackhub/gps', ... (274 bytes))
1783049709: Received PUBLISH from esp32-gps-01-32a50528 (d0, q0, r0, m0, 'trackhub/gps', ... (274 bytes))
1783049709: Sending PUBLISH to trackhub-laravel-subscriber (d0, q0, r0, m0, 'trackhub/gps', ... (274 bytes))
1783049712: Received PUBLISH from esp32-gps-01-32a50528 (d0, q0, r0, m0, 'trackhub/gps', ... (274 bytes))
1783049712: Sending PUBLISH to trackhub-laravel-subscriber (d0, q0, r0, m0, 'trackhub/gps', ... (274 bytes))
1783049715: Received PUBLISH from esp32-gps-01-32a50528 (d0, q0, r0, m0, 'trackhub/gps', ... (274 bytes))
1783049715: Sending PUBLISH to trackhub-laravel-subscriber (d0, q0, r0, m0, 'trackhub/gps', ... (274 bytes))
1783049717: Client trackhub-laravel-subscriber has exceeded timeout, disconnecting.
1783049718: Received PUBLISH from esp32-gps-01-32a50528 (d0, q0, r0, m0, 'trackhub/gps', ... (274 bytes))
1783049719: Received PINGREQ from esp32-gps-01-32a50528
1783049719: Sending PINGRESP to esp32-gps-01-32a50528
1783049721: Received PUBLISH from esp32-gps-01-32a50528 (d0, q0, r0, m0, 'trackhub/gps', ... (278 bytes))
1783049722: New connection from 192.168.141.167:58459 on port 1883.
1783049722: New client connected from 192.168.141.167:58459 as trackhub-laravel-subscriber (p2, c1, k30).
1783049722: No will message specified.
1783049722: Sending CONNACK to trackhub-laravel-subscriber (0, 0)
1783049722: Received SUBSCRIBE from trackhub-laravel-subscriber
1783049722: 	trackhub/gps (QoS 0)
1783049722: trackhub-laravel-subscriber 0 trackhub/gps
1783049722: Sending SUBACK to trackhub-laravel-subscriber
1783049724: Received PUBLISH from esp32-gps-01-32a50528 (d0, q0, r0, m0, 'trackhub/gps', ... (241 bytes))
1783049724: Sending PUBLISH to trackhub-laravel-subscriber (d0, q0, r0, m0, 'trackhub/gps', ... (241 bytes))
1783049727: Received PUBLISH from esp32-gps-01-32a50528 (d0, q0, r0, m0, 'trackhub/gps', ... (241 bytes))
1783049727: Sending PUBLISH to trackhub-laravel-subscriber (d0, q0, r0, m0, 'trackhub/gps', ... (241 bytes))
1783049730: Received PUBLISH from esp32-gps-01-32a50528 (d0, q0, r0, m0, 'trackhub/gps', ... (278 bytes))
1783049730: Sending PUBLISH to trackhub-laravel-subscriber (d0, q0, r0, m0, 'trackhub/gps', ... (278 bytes))
1783049733: Received PUBLISH from esp32-gps-01-32a50528 (d0, q0, r0, m0, 'trackhub/gps', ... (241 bytes))
1783049733: Sending PUBLISH to trackhub-laravel-subscriber (d0, q0, r0, m0, 'trackhub/gps', ... (241 bytes))
1783049734: Received PINGREQ from esp32-gps-01-32a50528
1783049734: Sending PINGRESP to esp32-gps-01-32a50528
1783049736: Received PUBLISH from esp32-gps-01-32a50528 (d0, q0, r0, m0, 'trackhub/gps', ... (241 bytes))
1783049736: Sending PUBLISH to trackhub-laravel-subscriber (d0, q0, r0, m0, 'trackhub/gps', ... (241 bytes))
1783049739: Received PUBLISH from esp32-gps-01-32a50528 (d0, q0, r0, m0, 'trackhub/gps', ... (235 bytes))
1783049739: Sending PUBLISH to trackhub-laravel-subscriber (d0, q0, r0, m0, 'trackhub/gps', ... (235 bytes))
1783049750: Received PINGREQ from trackhub-laravel-subscriber
1783049750: Sending PINGRESP to trackhub-laravel-subscriber
1783049760: Received PINGREQ from trackhub-laravel-subscriber
1783049760: Sending PINGRESP to trackhub-laravel-subscriber
1783049762: Client esp32-gps-01-32a50528 has exceeded timeout, disconnecting.
1783049770: Received PINGREQ from trackhub-laravel-subscriber
1783049770: Sending PINGRESP to trackhub-laravel-subscriber
1783049780: Received PINGREQ from trackhub-laravel-subscriber
1783049780: Sending PINGRESP to trackhub-laravel-subscriber
1783049790: Received PINGREQ from trackhub-laravel-subscriber
1783049790: Sending PINGRESP to trackhub-laravel-subscriber
1783049800: Received PINGREQ from trackhub-laravel-subscriber
1783049800: Sending PINGRESP to trackhub-laravel-subscriber
1783049810: Received PINGREQ from trackhub-laravel-subscriber
1783049810: Sending PINGRESP to trackhub-laravel-subscriber
1783049820: Received PINGREQ from trackhub-laravel-subscriber
1783049820: Sending PINGRESP to trackhub-laravel-subscriber
1783049830: Received PINGREQ from trackhub-laravel-subscriber
1783049830: Sending PINGRESP to trackhub-laravel-subscriber
1783049840: Received PINGREQ from trackhub-laravel-subscriber
1783049840: Sending PINGRESP to trackhub-laravel-subscriber
1783049850: Received PINGREQ from trackhub-laravel-subscriber
1783049850: Sending PINGRESP to trackhub-laravel-subscriber
1783049860: Received PINGREQ from trackhub-laravel-subscriber
1783049860: Sending PINGRESP to trackhub-laravel-subscriber
1783049870: Received PINGREQ from trackhub-laravel-subscriber
1783049870: Sending PINGRESP to trackhub-laravel-subscriber
1783049880: Received PINGREQ from trackhub-laravel-subscriber
1783049880: Sending PINGRESP to trackhub-laravel-subscriber
1783049890: Received PINGREQ from trackhub-laravel-subscriber
1783049890: Sending PINGRESP to trackhub-laravel-subscriber
1783049900: Received PINGREQ from trackhub-laravel-subscriber
1783049900: Sending PINGRESP to trackhub-laravel-subscriber
1783049910: Received PINGREQ from trackhub-laravel-subscriber
1783049910: Sending PINGRESP to trackhub-laravel-subscriber
1783049920: Received PINGREQ from trackhub-laravel-subscriber
1783049920: Sending PINGRESP to trackhub-laravel-subscriber
1783049930: Received PINGREQ from trackhub-laravel-subscriber
1783049930: Sending PINGRESP to trackhub-laravel-subscriber
1783049940: Received PINGREQ from trackhub-laravel-subscriber
1783049940: Sending PINGRESP to trackhub-laravel-subscriber
1783049946: New connection from 192.168.141.57:51738 on port 1883.
1783049946: New client connected from 192.168.141.57:51738 as esp32-gps-01-32a50528 (p2, c1, k15).
1783049946: No will message specified.
1783049946: Sending CONNACK to esp32-gps-01-32a50528 (0, 0)
1783049946: Received PUBLISH from esp32-gps-01-32a50528 (d0, q0, r0, m0, 'trackhub/gps', ... (205 bytes))
1783049946: Sending PUBLISH to trackhub-laravel-subscriber (d0, q0, r0, m0, 'trackhub/gps', ... (205 bytes))
1783049949: Received PUBLISH from esp32-gps-01-32a50528 (d0, q0, r0, m0, 'trackhub/gps', ... (276 bytes))
1783049949: Sending PUBLISH to trackhub-laravel-subscriber (d0, q0, r0, m0, 'trackhub/gps', ... (276 bytes))
1783049952: Received PUBLISH from esp32-gps-01-32a50528 (d0, q0, r0, m0, 'trackhub/gps', ... (256 bytes))
1783049952: Sending PUBLISH to trackhub-laravel-subscriber (d0, q0, r0, m0, 'trackhub/gps', ... (256 bytes))
1783049955: Received PUBLISH from esp32-gps-01-32a50528 (d0, q0, r0, m0, 'trackhub/gps', ... (276 bytes))
1783049955: Sending PUBLISH to trackhub-laravel-subscriber (d0, q0, r0, m0, 'trackhub/gps', ... (276 bytes))
1783049958: Received PUBLISH from esp32-gps-01-32a50528 (d0, q0, r0, m0, 'trackhub/gps', ... (276 bytes))
1783049958: Sending PUBLISH to trackhub-laravel-subscriber (d0, q0, r0, m0, 'trackhub/gps', ... (276 bytes))
1783049961: Received PINGREQ from esp32-gps-01-32a50528
1783049961: Sending PINGRESP to esp32-gps-01-32a50528
1783049961: Received PUBLISH from esp32-gps-01-32a50528 (d0, q0, r0, m0, 'trackhub/gps', ... (256 bytes))
1783049961: Sending PUBLISH to trackhub-laravel-subscriber (d0, q0, r0, m0, 'trackhub/gps', ... (256 bytes))
1783049964: Received PUBLISH from esp32-gps-01-32a50528 (d0, q0, r0, m0, 'trackhub/gps', ... (256 bytes))
1783049964: Sending PUBLISH to trackhub-laravel-subscriber (d0, q0, r0, m0, 'trackhub/gps', ... (256 bytes))
1783049967: Received PUBLISH from esp32-gps-01-32a50528 (d0, q0, r0, m0, 'trackhub/gps', ... (256 bytes))
1783049967: Sending PUBLISH to trackhub-laravel-subscriber (d0, q0, r0, m0, 'trackhub/gps', ... (256 bytes))
1783049970: Received PUBLISH from esp32-gps-01-32a50528 (d0, q0, r0, m0, 'trackhub/gps', ... (265 bytes))
1783049970: Sending PUBLISH to trackhub-laravel-subscriber (d0, q0, r0, m0, 'trackhub/gps', ... (265 bytes))
1783049973: Received PUBLISH from esp32-gps-01-32a50528 (d0, q0, r0, m0, 'trackhub/gps', ... (265 bytes))
1783049973: Sending PUBLISH to trackhub-laravel-subscriber (d0, q0, r0, m0, 'trackhub/gps', ... (265 bytes))
1783049976: Received PINGREQ from esp32-gps-01-32a50528
1783049976: Sending PINGRESP to esp32-gps-01-32a50528
1783049976: Received PUBLISH from esp32-gps-01-32a50528 (d0, q0, r0, m0, 'trackhub/gps', ... (267 bytes))
1783049976: Sending PUBLISH to trackhub-laravel-subscriber (d0, q0, r0, m0, 'trackhub/gps', ... (267 bytes))
1783049979: Received PUBLISH from esp32-gps-01-32a50528 (d0, q0, r0, m0, 'trackhub/gps', ... (258 bytes))
1783049979: Sending PUBLISH to trackhub-laravel-subscriber (d0, q0, r0, m0, 'trackhub/gps', ... (258 bytes))
1783049982: Received PUBLISH from esp32-gps-01-32a50528 (d0, q0, r0, m0, 'trackhub/gps', ... (256 bytes))
1783049982: Sending PUBLISH to trackhub-laravel-subscriber (d0, q0, r0, m0, 'trackhub/gps', ... (256 bytes))
1783049985: Received PUBLISH from esp32-gps-01-32a50528 (d0, q0, r0, m0, 'trackhub/gps', ... (256 bytes))
1783049985: Sending PUBLISH to trackhub-laravel-subscriber (d0, q0, r0, m0, 'trackhub/gps', ... (256 bytes))
1783049985: Client trackhub-laravel-subscriber has exceeded timeout, disconnecting.
1783049988: Received PUBLISH from esp32-gps-01-32a50528 (d0, q0, r0, m0, 'trackhub/gps', ... (273 bytes))
1783049990: New connection from 192.168.141.167:55954 on port 1883.
1783049990: New client connected from 192.168.141.167:55954 as trackhub-laravel-subscriber (p2, c1, k30).
1783049990: No will message specified.
1783049990: Sending CONNACK to trackhub-laravel-subscriber (0, 0)
1783049990: Received SUBSCRIBE from trackhub-laravel-subscriber
1783049990: 	trackhub/gps (QoS 0)
1783049990: trackhub-laravel-subscriber 0 trackhub/gps
1783049990: Sending SUBACK to trackhub-laravel-subscriber
1783049991: Received PINGREQ from esp32-gps-01-32a50528
1783049991: Sending PINGRESP to esp32-gps-01-32a50528
1783049991: Received PUBLISH from esp32-gps-01-32a50528 (d0, q0, r0, m0, 'trackhub/gps', ... (273 bytes))
1783049991: Sending PUBLISH to trackhub-laravel-subscriber (d0, q0, r0, m0, 'trackhub/gps', ... (273 bytes))
1783049994: Received PUBLISH from esp32-gps-01-32a50528 (d0, q0, r0, m0, 'trackhub/gps', ... (273 bytes))
1783049994: Sending PUBLISH to trackhub-laravel-subscriber (d0, q0, r0, m0, 'trackhub/gps', ... (273 bytes))
1783049997: Received PUBLISH from esp32-gps-01-32a50528 (d0, q0, r0, m0, 'trackhub/gps', ... (275 bytes))
1783049997: Sending PUBLISH to trackhub-laravel-subscriber (d0, q0, r0, m0, 'trackhub/gps', ... (275 bytes))
1783050000: Received PUBLISH from esp32-gps-01-32a50528 (d0, q0, r0, m0, 'trackhub/gps', ... (275 bytes))
1783050000: Sending PUBLISH to trackhub-laravel-subscriber (d0, q0, r0, m0, 'trackhub/gps', ... (275 bytes))
1783050003: Received PUBLISH from esp32-gps-01-32a50528 (d0, q0, r0, m0, 'trackhub/gps', ... (275 bytes))
1783050003: Sending PUBLISH to trackhub-laravel-subscriber (d0, q0, r0, m0, 'trackhub/gps', ... (275 bytes))
1783050006: Received PINGREQ from esp32-gps-01-32a50528
1783050006: Sending PINGRESP to esp32-gps-01-32a50528
1783050006: Received PUBLISH from esp32-gps-01-32a50528 (d0, q0, r0, m0, 'trackhub/gps', ... (273 bytes))
1783050006: Sending PUBLISH to trackhub-laravel-subscriber (d0, q0, r0, m0, 'trackhub/gps', ... (273 bytes))
1783050009: Received PUBLISH from esp32-gps-01-32a50528 (d0, q0, r0, m0, 'trackhub/gps', ... (273 bytes))
1783050009: Sending PUBLISH to trackhub-laravel-subscriber (d0, q0, r0, m0, 'trackhub/gps', ... (273 bytes))
1783050012: Received PUBLISH from esp32-gps-01-32a50528 (d0, q0, r0, m0, 'trackhub/gps', ... (273 bytes))
1783050012: Sending PUBLISH to trackhub-laravel-subscriber (d0, q0, r0, m0, 'trackhub/gps', ... (273 bytes))
1783050015: Received PUBLISH from esp32-gps-01-32a50528 (d0, q0, r0, m0, 'trackhub/gps', ... (273 bytes))
1783050015: Sending PUBLISH to trackhub-laravel-subscriber (d0, q0, r0, m0, 'trackhub/gps', ... (273 bytes))
1783050018: Received PUBLISH from esp32-gps-01-32a50528 (d0, q0, r0, m0, 'trackhub/gps', ... (269 bytes))
1783050018: Sending PUBLISH to trackhub-laravel-subscriber (d0, q0, r0, m0, 'trackhub/gps', ... (269 bytes))
1783050021: Received PINGREQ from esp32-gps-01-32a50528
1783050021: Sending PINGRESP to esp32-gps-01-32a50528
1783050021: Received PUBLISH from esp32-gps-01-32a50528 (d0, q0, r0, m0, 'trackhub/gps', ... (269 bytes))
1783050021: Sending PUBLISH to trackhub-laravel-subscriber (d0, q0, r0, m0, 'trackhub/gps', ... (269 bytes))
1783050024: Received PUBLISH from esp32-gps-01-32a50528 (d0, q0, r0, m0, 'trackhub/gps', ... (269 bytes))
1783050024: Sending PUBLISH to trackhub-laravel-subscriber (d0, q0, r0, m0, 'trackhub/gps', ... (269 bytes))
1783050027: Received PUBLISH from esp32-gps-01-32a50528 (d0, q0, r0, m0, 'trackhub/gps', ... (269 bytes))
1783050027: Sending PUBLISH to trackhub-laravel-subscriber (d0, q0, r0, m0, 'trackhub/gps', ... (269 bytes))
1783050030: Received PUBLISH from esp32-gps-01-32a50528 (d0, q0, r0, m0, 'trackhub/gps', ... (269 bytes))
1783050030: Sending PUBLISH to trackhub-laravel-subscriber (d0, q0, r0, m0, 'trackhub/gps', ... (269 bytes))
1783050033: Received PUBLISH from esp32-gps-01-32a50528 (d0, q0, r0, m0, 'trackhub/gps', ... (265 bytes))
1783050033: Sending PUBLISH to trackhub-laravel-subscriber (d0, q0, r0, m0, 'trackhub/gps', ... (265 bytes))
1783050036: Received PINGREQ from esp32-gps-01-32a50528
1783050036: Sending PINGRESP to esp32-gps-01-32a50528
1783050036: Client trackhub-laravel-subscriber has exceeded timeout, disconnecting.
1783050036: Received PUBLISH from esp32-gps-01-32a50528 (d0, q0, r0, m0, 'trackhub/gps', ... (265 bytes))
1783050039: Received PUBLISH from esp32-gps-01-32a50528 (d0, q0, r0, m0, 'trackhub/gps', ... (265 bytes))
1783050041: New connection from 192.168.141.167:61721 on port 1883.
1783050041: New client connected from 192.168.141.167:61721 as trackhub-laravel-subscriber (p2, c1, k30).
1783050041: No will message specified.
1783050041: Sending CONNACK to trackhub-laravel-subscriber (0, 0)
1783050041: Received SUBSCRIBE from trackhub-laravel-subscriber
1783050041: 	trackhub/gps (QoS 0)
1783050041: trackhub-laravel-subscriber 0 trackhub/gps
1783050041: Sending SUBACK to trackhub-laravel-subscriber
1783050042: Received PUBLISH from esp32-gps-01-32a50528 (d0, q0, r0, m0, 'trackhub/gps', ... (265 bytes))
1783050042: Sending PUBLISH to trackhub-laravel-subscriber (d0, q0, r0, m0, 'trackhub/gps', ... (265 bytes))
1783050045: Received PUBLISH from esp32-gps-01-32a50528 (d0, q0, r0, m0, 'trackhub/gps', ... (265 bytes))
1783050045: Sending PUBLISH to trackhub-laravel-subscriber (d0, q0, r0, m0, 'trackhub/gps', ... (265 bytes))
1783050048: Received PUBLISH from esp32-gps-01-32a50528 (d0, q0, r0, m0, 'trackhub/gps', ... (265 bytes))
1783050048: Sending PUBLISH to trackhub-laravel-subscriber (d0, q0, r0, m0, 'trackhub/gps', ... (265 bytes))
1783050051: Received PINGREQ from esp32-gps-01-32a50528
1783050051: Sending PINGRESP to esp32-gps-01-32a50528
1783050051: Received PUBLISH from esp32-gps-01-32a50528 (d0, q0, r0, m0, 'trackhub/gps', ... (275 bytes))
1783050051: Sending PUBLISH to trackhub-laravel-subscriber (d0, q0, r0, m0, 'trackhub/gps', ... (275 bytes))
1783050054: Received PUBLISH from esp32-gps-01-32a50528 (d0, q0, r0, m0, 'trackhub/gps', ... (270 bytes))
1783050054: Sending PUBLISH to trackhub-laravel-subscriber (d0, q0, r0, m0, 'trackhub/gps', ... (270 bytes))
1783050057: Received PUBLISH from esp32-gps-01-32a50528 (d0, q0, r0, m0, 'trackhub/gps', ... (270 bytes))
1783050057: Sending PUBLISH to trackhub-laravel-subscriber (d0, q0, r0, m0, 'trackhub/gps', ... (270 bytes))
1783050060: Received PUBLISH from esp32-gps-01-32a50528 (d0, q0, r0, m0, 'trackhub/gps', ... (270 bytes))
1783050060: Sending PUBLISH to trackhub-laravel-subscriber (d0, q0, r0, m0, 'trackhub/gps', ... (270 bytes))
1783050063: Received PUBLISH from esp32-gps-01-32a50528 (d0, q0, r0, m0, 'trackhub/gps', ... (275 bytes))
1783050063: Sending PUBLISH to trackhub-laravel-subscriber (d0, q0, r0, m0, 'trackhub/gps', ... (275 bytes))
1783050066: Received PINGREQ from esp32-gps-01-32a50528
1783050066: Sending PINGRESP to esp32-gps-01-32a50528
1783050066: Received PUBLISH from esp32-gps-01-32a50528 (d0, q0, r0, m0, 'trackhub/gps', ... (275 bytes))
1783050066: Sending PUBLISH to trackhub-laravel-subscriber (d0, q0, r0, m0, 'trackhub/gps', ... (275 bytes))
1783050069: Received PUBLISH from esp32-gps-01-32a50528 (d0, q0, r0, m0, 'trackhub/gps', ... (275 bytes))
1783050069: Sending PUBLISH to trackhub-laravel-subscriber (d0, q0, r0, m0, 'trackhub/gps', ... (275 bytes))
1783050072: Received PUBLISH from esp32-gps-01-32a50528 (d0, q0, r0, m0, 'trackhub/gps', ... (275 bytes))
1783050072: Sending PUBLISH to trackhub-laravel-subscriber (d0, q0, r0, m0, 'trackhub/gps', ... (275 bytes))
1783050075: Received PUBLISH from esp32-gps-01-32a50528 (d0, q0, r0, m0, 'trackhub/gps', ... (277 bytes))
1783050075: Sending PUBLISH to trackhub-laravel-subscriber (d0, q0, r0, m0, 'trackhub/gps', ... (277 bytes))
1783050078: Received PUBLISH from esp32-gps-01-32a50528 (d0, q0, r0, m0, 'trackhub/gps', ... (277 bytes))
1783050078: Sending PUBLISH to trackhub-laravel-subscriber (d0, q0, r0, m0, 'trackhub/gps', ... (277 bytes))
1783050081: Received PINGREQ from esp32-gps-01-32a50528
1783050081: Sending PINGRESP to esp32-gps-01-32a50528
1783050081: Received PUBLISH from esp32-gps-01-32a50528 (d0, q0, r0, m0, 'trackhub/gps', ... (277 bytes))
1783050081: Sending PUBLISH to trackhub-laravel-subscriber (d0, q0, r0, m0, 'trackhub/gps', ... (277 bytes))
1783050084: Received PUBLISH from esp32-gps-01-32a50528 (d0, q0, r0, m0, 'trackhub/gps', ... (240 bytes))
1783050084: Sending PUBLISH to trackhub-laravel-subscriber (d0, q0, r0, m0, 'trackhub/gps', ... (240 bytes))
1783050087: Client trackhub-laravel-subscriber has exceeded timeout, disconnecting.
1783050087: Received PUBLISH from esp32-gps-01-32a50528 (d0, q0, r0, m0, 'trackhub/gps', ... (240 bytes))
1783050090: Received PUBLISH from esp32-gps-01-32a50528 (d0, q0, r0, m0, 'trackhub/gps', ... (240 bytes))
1783050092: New connection from 192.168.141.167:51800 on port 1883.
1783050092: New client connected from 192.168.141.167:51800 as trackhub-laravel-subscriber (p2, c1, k30).
1783050092: No will message specified.
1783050092: Sending CONNACK to trackhub-laravel-subscriber (0, 0)
1783050092: Received SUBSCRIBE from trackhub-laravel-subscriber
1783050092: 	trackhub/gps (QoS 0)
1783050092: trackhub-laravel-subscriber 0 trackhub/gps
1783050092: Sending SUBACK to trackhub-laravel-subscriber
1783050093: Received PUBLISH from esp32-gps-01-32a50528 (d0, q0, r0, m0, 'trackhub/gps', ... (243 bytes))
1783050093: Sending PUBLISH to trackhub-laravel-subscriber (d0, q0, r0, m0, 'trackhub/gps', ... (243 bytes))
1783050096: Received PINGREQ from esp32-gps-01-32a50528
1783050096: Sending PINGRESP to esp32-gps-01-32a50528
1783050097: Received PUBLISH from esp32-gps-01-32a50528 (d0, q0, r0, m0, 'trackhub/gps', ... (234 bytes))
1783050097: Sending PUBLISH to trackhub-laravel-subscriber (d0, q0, r0, m0, 'trackhub/gps', ... (234 bytes))
1783050100: Received PUBLISH from esp32-gps-01-32a50528 (d0, q0, r0, m0, 'trackhub/gps', ... (234 bytes))
1783050100: Sending PUBLISH to trackhub-laravel-subscriber (d0, q0, r0, m0, 'trackhub/gps', ... (234 bytes))
1783050103: Received PUBLISH from esp32-gps-01-32a50528 (d0, q0, r0, m0, 'trackhub/gps', ... (234 bytes))
1783050103: Sending PUBLISH to trackhub-laravel-subscriber (d0, q0, r0, m0, 'trackhub/gps', ... (234 bytes))
1783050106: Received PUBLISH from esp32-gps-01-32a50528 (d0, q0, r0, m0, 'trackhub/gps', ... (234 bytes))
1783050106: Sending PUBLISH to trackhub-laravel-subscriber (d0, q0, r0, m0, 'trackhub/gps', ... (234 bytes))
1783050109: Received PUBLISH from esp32-gps-01-32a50528 (d0, q0, r0, m0, 'trackhub/gps', ... (235 bytes))
1783050109: Sending PUBLISH to trackhub-laravel-subscriber (d0, q0, r0, m0, 'trackhub/gps', ... (235 bytes))
1783050111: Received PINGREQ from esp32-gps-01-32a50528
1783050111: Sending PINGRESP to esp32-gps-01-32a50528
1783050112: Received PUBLISH from esp32-gps-01-32a50528 (d0, q0, r0, m0, 'trackhub/gps', ... (235 bytes))
1783050112: Sending PUBLISH to trackhub-laravel-subscriber (d0, q0, r0, m0, 'trackhub/gps', ... (235 bytes))
1783050115: Received PUBLISH from esp32-gps-01-32a50528 (d0, q0, r0, m0, 'trackhub/gps', ... (235 bytes))
1783050115: Sending PUBLISH to trackhub-laravel-subscriber (d0, q0, r0, m0, 'trackhub/gps', ... (235 bytes))
1783050118: Received PUBLISH from esp32-gps-01-32a50528 (d0, q0, r0, m0, 'trackhub/gps', ... (235 bytes))
1783050118: Sending PUBLISH to trackhub-laravel-subscriber (d0, q0, r0, m0, 'trackhub/gps', ... (235 bytes))
1783050121: Received PUBLISH from esp32-gps-01-32a50528 (d0, q0, r0, m0, 'trackhub/gps', ... (235 bytes))
1783050121: Sending PUBLISH to trackhub-laravel-subscriber (d0, q0, r0, m0, 'trackhub/gps', ... (235 bytes))
1783050124: Received PUBLISH from esp32-gps-01-32a50528 (d0, q0, r0, m0, 'trackhub/gps', ... (235 bytes))
1783050124: Sending PUBLISH to trackhub-laravel-subscriber (d0, q0, r0, m0, 'trackhub/gps', ... (235 bytes))
1783050126: Received PINGREQ from esp32-gps-01-32a50528
1783050126: Sending PINGRESP to esp32-gps-01-32a50528
1783050127: Received PUBLISH from esp32-gps-01-32a50528 (d0, q0, r0, m0, 'trackhub/gps', ... (235 bytes))
1783050127: Sending PUBLISH to trackhub-laravel-subscriber (d0, q0, r0, m0, 'trackhub/gps', ... (235 bytes))
1783050130: Received PUBLISH from esp32-gps-01-32a50528 (d0, q0, r0, m0, 'trackhub/gps', ... (235 bytes))
1783050130: Sending PUBLISH to trackhub-laravel-subscriber (d0, q0, r0, m0, 'trackhub/gps', ... (235 bytes))
1783050133: Received PUBLISH from esp32-gps-01-32a50528 (d0, q0, r0, m0, 'trackhub/gps', ... (278 bytes))
1783050133: Sending PUBLISH to trackhub-laravel-subscriber (d0, q0, r0, m0, 'trackhub/gps', ... (278 bytes))
1783050136: Received PUBLISH from esp32-gps-01-32a50528 (d0, q0, r0, m0, 'trackhub/gps', ... (278 bytes))
1783050136: Sending PUBLISH to trackhub-laravel-subscriber (d0, q0, r0, m0, 'trackhub/gps', ... (278 bytes))
1783050138: Client trackhub-laravel-subscriber has exceeded timeout, disconnecting.
1783050139: Received PUBLISH from esp32-gps-01-32a50528 (d0, q0, r0, m0, 'trackhub/gps', ... (278 bytes))
1783050141: Received PINGREQ from esp32-gps-01-32a50528
1783050141: Sending PINGRESP to esp32-gps-01-32a50528
1783050142: Received PUBLISH from esp32-gps-01-32a50528 (d0, q0, r0, m0, 'trackhub/gps', ... (257 bytes))
1783050143: New connection from 192.168.141.167:63556 on port 1883.
1783050143: New client connected from 192.168.141.167:63556 as trackhub-laravel-subscriber (p2, c1, k30).
1783050143: No will message specified.
1783050143: Sending CONNACK to trackhub-laravel-subscriber (0, 0)
1783050143: Received SUBSCRIBE from trackhub-laravel-subscriber
1783050143: 	trackhub/gps (QoS 0)
1783050143: trackhub-laravel-subscriber 0 trackhub/gps
1783050143: Sending SUBACK to trackhub-laravel-subscriber
1783050153: Received PINGREQ from trackhub-laravel-subscriber
1783050153: Sending PINGRESP to trackhub-laravel-subscriber
1783050163: Received PINGREQ from trackhub-laravel-subscriber
1783050163: Sending PINGRESP to trackhub-laravel-subscriber
1783050164: Client esp32-gps-01-32a50528 has exceeded timeout, disconnecting.
1783050173: Received PINGREQ from trackhub-laravel-subscriber
1783050173: Sending PINGRESP to trackhub-laravel-subscriber
1783050183: Received PINGREQ from trackhub-laravel-subscriber
1783050183: Sending PINGRESP to trackhub-laravel-subscriber
1783050193: Received PINGREQ from trackhub-laravel-subscriber
1783050193: Sending PINGRESP to trackhub-laravel-subscriber
1783050203: Received PINGREQ from trackhub-laravel-subscriber
1783050203: Sending PINGRESP to trackhub-laravel-subscriber
1783050213: Received PINGREQ from trackhub-laravel-subscriber
1783050213: Sending PINGRESP to trackhub-laravel-subscriber
1783050223: Received PINGREQ from trackhub-laravel-subscriber
1783050223: Sending PINGRESP to trackhub-laravel-subscriber
1783050233: Received PINGREQ from trackhub-laravel-subscriber
1783050233: Sending PINGRESP to trackhub-laravel-subscriber
1783050243: Received PINGREQ from trackhub-laravel-subscriber
1783050243: Sending PINGRESP to trackhub-laravel-subscriber
1783050253: Received PINGREQ from trackhub-laravel-subscriber
1783050253: Sending PINGRESP to trackhub-laravel-subscriber
1783050263: Received PINGREQ from trackhub-laravel-subscriber
1783050263: Sending PINGRESP to trackhub-laravel-subscriber
1783050273: Received PINGREQ from trackhub-laravel-subscriber
1783050273: Sending PINGRESP to trackhub-laravel-subscriber
1783050283: Received PINGREQ from trackhub-laravel-subscriber
1783050283: Sending PINGRESP to trackhub-laravel-subscriber
1783050293: Received PINGREQ from trackhub-laravel-subscriber
1783050293: Sending PINGRESP to trackhub-laravel-subscriber
1783050303: Received PINGREQ from trackhub-laravel-subscriber
1783050303: Sending PINGRESP to trackhub-laravel-subscriber
1783050313: Received PINGREQ from trackhub-laravel-subscriber
1783050313: Sending PINGRESP to trackhub-laravel-subscriber
1783050323: Received PINGREQ from trackhub-laravel-subscriber
1783050323: Sending PINGRESP to trackhub-laravel-subscriber
1783050333: Received PINGREQ from trackhub-laravel-subscriber
1783050333: Sending PINGRESP to trackhub-laravel-subscriber
1783050343: Received PINGREQ from trackhub-laravel-subscriber
1783050343: Sending PINGRESP to trackhub-laravel-subscriber
1783050353: Received PINGREQ from trackhub-laravel-subscriber
1783050353: Sending PINGRESP to trackhub-laravel-subscriber
1783050363: Received PINGREQ from trackhub-laravel-subscriber
1783050363: Sending PINGRESP to trackhub-laravel-subscriber
1783050373: Received PINGREQ from trackhub-laravel-subscriber
1783050373: Sending PINGRESP to trackhub-laravel-subscriber
1783050383: Received PINGREQ from trackhub-laravel-subscriber
1783050383: Sending PINGRESP to trackhub-laravel-subscriber
1783050393: Received PINGREQ from trackhub-laravel-subscriber
1783050393: Sending PINGRESP to trackhub-laravel-subscriber
1783050403: Received PINGREQ from trackhub-laravel-subscriber
1783050403: Sending PINGRESP to trackhub-laravel-subscriber
1783050413: Received PINGREQ from trackhub-laravel-subscriber
1783050413: Sending PINGRESP to trackhub-laravel-subscriber
1783050423: Received PINGREQ from trackhub-laravel-subscriber
1783050423: Sending PINGRESP to trackhub-laravel-subscriber
1783050433: Received PINGREQ from trackhub-laravel-subscriber
1783050433: Sending PINGRESP to trackhub-laravel-subscriber
1783050443: Received PINGREQ from trackhub-laravel-subscriber
1783050443: Sending PINGRESP to trackhub-laravel-subscriber
1783050453: Received PINGREQ from trackhub-laravel-subscriber
1783050453: Sending PINGRESP to trackhub-laravel-subscriber
1783050463: Received PINGREQ from trackhub-laravel-subscriber
1783050463: Sending PINGRESP to trackhub-laravel-subscriber
1783050473: Received PINGREQ from trackhub-laravel-subscriber
1783050473: Sending PINGRESP to trackhub-laravel-subscriber
1783050483: Received PINGREQ from trackhub-laravel-subscriber
1783050483: Sending PINGRESP to trackhub-laravel-subscriber
1783050493: Received PINGREQ from trackhub-laravel-subscriber
1783050493: Sending PINGRESP to trackhub-laravel-subscriber
1783050503: Received PINGREQ from trackhub-laravel-subscriber
1783050503: Sending PINGRESP to trackhub-laravel-subscriber
1783050513: Received PINGREQ from trackhub-laravel-subscriber
1783050513: Sending PINGRESP to trackhub-laravel-subscriber
1783050523: Received PINGREQ from trackhub-laravel-subscriber
1783050523: Sending PINGRESP to trackhub-laravel-subscriber
1783050533: Received PINGREQ from trackhub-laravel-subscriber
1783050533: Sending PINGRESP to trackhub-laravel-subscriber
1783050543: Received PINGREQ from trackhub-laravel-subscriber
1783050543: Sending PINGRESP to trackhub-laravel-subscriber
1783050553: Received PINGREQ from trackhub-laravel-subscriber
1783050553: Sending PINGRESP to trackhub-laravel-subscriber
1783050563: Received PINGREQ from trackhub-laravel-subscriber
1783050563: Sending PINGRESP to trackhub-laravel-subscriber
1783050573: Received PINGREQ from trackhub-laravel-subscriber
1783050573: Sending PINGRESP to trackhub-laravel-subscriber
1783050583: Received PINGREQ from trackhub-laravel-subscriber
1783050583: Sending PINGRESP to trackhub-laravel-subscriber
1783050593: Received PINGREQ from trackhub-laravel-subscriber
1783050593: Sending PINGRESP to trackhub-laravel-subscriber
1783050603: Received PINGREQ from trackhub-laravel-subscriber
1783050603: Sending PINGRESP to trackhub-laravel-subscriber
1783050613: Received PINGREQ from trackhub-laravel-subscriber
1783050613: Sending PINGRESP to trackhub-laravel-subscriber
1783050623: Received PINGREQ from trackhub-laravel-subscriber
1783050623: Sending PINGRESP to trackhub-laravel-subscriber
1783050633: Received PINGREQ from trackhub-laravel-subscriber
1783050633: Sending PINGRESP to trackhub-laravel-subscriber
1783050643: Received PINGREQ from trackhub-laravel-subscriber
1783050643: Sending PINGRESP to trackhub-laravel-subscriber
1783050653: Received PINGREQ from trackhub-laravel-subscriber
1783050653: Sending PINGRESP to trackhub-laravel-subscriber
1783050663: Received PINGREQ from trackhub-laravel-subscriber
1783050663: Sending PINGRESP to trackhub-laravel-subscriber
1783050673: Received PINGREQ from trackhub-laravel-subscriber
1783050673: Sending PINGRESP to trackhub-laravel-subscriber
1783050683: Received PINGREQ from trackhub-laravel-subscriber
1783050683: Sending PINGRESP to trackhub-laravel-subscriber
1783050694: Received PINGREQ from trackhub-laravel-subscriber
1783050694: Sending PINGRESP to trackhub-laravel-subscriber
1783050704: Received PINGREQ from trackhub-laravel-subscriber
1783050704: Sending PINGRESP to trackhub-laravel-subscriber
1783050714: Received PINGREQ from trackhub-laravel-subscriber
1783050714: Sending PINGRESP to trackhub-laravel-subscriber
1783050724: Received PINGREQ from trackhub-laravel-subscriber
1783050724: Sending PINGRESP to trackhub-laravel-subscriber
1783050734: Received PINGREQ from trackhub-laravel-subscriber
1783050734: Sending PINGRESP to trackhub-laravel-subscriber
1783050744: Received PINGREQ from trackhub-laravel-subscriber
1783050744: Sending PINGRESP to trackhub-laravel-subscriber
1783050754: Received PINGREQ from trackhub-laravel-subscriber
1783050754: Sending PINGRESP to trackhub-laravel-subscriber
1783050764: Received PINGREQ from trackhub-laravel-subscriber
1783050764: Sending PINGRESP to trackhub-laravel-subscriber
1783050774: Received PINGREQ from trackhub-laravel-subscriber
1783050774: Sending PINGRESP to trackhub-laravel-subscriber
1783050784: Received PINGREQ from trackhub-laravel-subscriber
1783050784: Sending PINGRESP to trackhub-laravel-subscriber
1783050794: Received PINGREQ from trackhub-laravel-subscriber
1783050794: Sending PINGRESP to trackhub-laravel-subscriber
1783050804: Received PINGREQ from trackhub-laravel-subscriber
1783050804: Sending PINGRESP to trackhub-laravel-subscriber
1783050814: Received PINGREQ from trackhub-laravel-subscriber
1783050814: Sending PINGRESP to trackhub-laravel-subscriber
1783050824: Received PINGREQ from trackhub-laravel-subscriber
1783050824: Sending PINGRESP to trackhub-laravel-subscriber
1783050834: Received PINGREQ from trackhub-laravel-subscriber
1783050834: Sending PINGRESP to trackhub-laravel-subscriber
1783050844: Received PINGREQ from trackhub-laravel-subscriber
1783050844: Sending PINGRESP to trackhub-laravel-subscriber
1783050854: Received PINGREQ from trackhub-laravel-subscriber
1783050854: Sending PINGRESP to trackhub-laravel-subscriber
1783050864: Received PINGREQ from trackhub-laravel-subscriber
1783050864: Sending PINGRESP to trackhub-laravel-subscriber
1783050874: Received PINGREQ from trackhub-laravel-subscriber
1783050874: Sending PINGRESP to trackhub-laravel-subscriber
1783050884: Received PINGREQ from trackhub-laravel-subscriber
1783050884: Sending PINGRESP to trackhub-laravel-subscriber
1783050894: Received PINGREQ from trackhub-laravel-subscriber
1783050894: Sending PINGRESP to trackhub-laravel-subscriber
1783050904: Received PINGREQ from trackhub-laravel-subscriber
1783050904: Sending PINGRESP to trackhub-laravel-subscriber
1783050914: Received PINGREQ from trackhub-laravel-subscriber
1783050914: Sending PINGRESP to trackhub-laravel-subscriber
1783050924: Received PINGREQ from trackhub-laravel-subscriber
1783050924: Sending PINGRESP to trackhub-laravel-subscriber
1783050934: Received PINGREQ from trackhub-laravel-subscriber
1783050934: Sending PINGRESP to trackhub-laravel-subscriber
1783050944: Received PINGREQ from trackhub-laravel-subscriber
1783050944: Sending PINGRESP to trackhub-laravel-subscriber
1783050954: Received PINGREQ from trackhub-laravel-subscriber
1783050954: Sending PINGRESP to trackhub-laravel-subscriber
1783050964: Received PINGREQ from trackhub-laravel-subscriber
1783050964: Sending PINGRESP to trackhub-laravel-subscriber
1783050974: Received PINGREQ from trackhub-laravel-subscriber
1783050974: Sending PINGRESP to trackhub-laravel-subscriber
1783050984: Received PINGREQ from trackhub-laravel-subscriber
1783050984: Sending PINGRESP to trackhub-laravel-subscriber
1783050994: Received PINGREQ from trackhub-laravel-subscriber
1783050994: Sending PINGRESP to trackhub-laravel-subscriber
1783051004: Received PINGREQ from trackhub-laravel-subscriber
1783051004: Sending PINGRESP to trackhub-laravel-subscriber
1783051014: Received PINGREQ from trackhub-laravel-subscriber
1783051014: Sending PINGRESP to trackhub-laravel-subscriber
1783051024: Received PINGREQ from trackhub-laravel-subscriber
1783051024: Sending PINGRESP to trackhub-laravel-subscriber
1783051034: Received PINGREQ from trackhub-laravel-subscriber
1783051034: Sending PINGRESP to trackhub-laravel-subscriber
1783051044: Received PINGREQ from trackhub-laravel-subscriber
1783051044: Sending PINGRESP to trackhub-laravel-subscriber
1783051054: Received PINGREQ from trackhub-laravel-subscriber
1783051054: Sending PINGRESP to trackhub-laravel-subscriber
1783051064: Received PINGREQ from trackhub-laravel-subscriber
1783051064: Sending PINGRESP to trackhub-laravel-subscriber
1783051074: Received PINGREQ from trackhub-laravel-subscriber
1783051074: Sending PINGRESP to trackhub-laravel-subscriber
1783051084: Received PINGREQ from trackhub-laravel-subscriber
1783051084: Sending PINGRESP to trackhub-laravel-subscriber
1783051094: Received PINGREQ from trackhub-laravel-subscriber
1783051094: Sending PINGRESP to trackhub-laravel-subscriber
1783051104: Received PINGREQ from trackhub-laravel-subscriber
1783051104: Sending PINGRESP to trackhub-laravel-subscriber
1783051114: Received PINGREQ from trackhub-laravel-subscriber
1783051114: Sending PINGRESP to trackhub-laravel-subscriber
1783051124: Received PINGREQ from trackhub-laravel-subscriber
1783051124: Sending PINGRESP to trackhub-laravel-subscriber
1783051134: Received PINGREQ from trackhub-laravel-subscriber
1783051134: Sending PINGRESP to trackhub-laravel-subscriber
1783051143: Saving in-memory database to D:\gpstracker\MQTT\mosquitto\data\\mosquitto.db.
1783051144: Received PINGREQ from trackhub-laravel-subscriber
1783051144: Sending PINGRESP to trackhub-laravel-subscriber
1783051154: Received PINGREQ from trackhub-laravel-subscriber
1783051154: Sending PINGRESP to trackhub-laravel-subscriber
1783051164: Received PINGREQ from trackhub-laravel-subscriber
1783051164: Sending PINGRESP to trackhub-laravel-subscriber
1783051174: Received PINGREQ from trackhub-laravel-subscriber
1783051174: Sending PINGRESP to trackhub-laravel-subscriber
1783051184: Received PINGREQ from trackhub-laravel-subscriber
1783051184: Sending PINGRESP to trackhub-laravel-subscriber
1783051194: Received PINGREQ from trackhub-laravel-subscriber
1783051194: Sending PINGRESP to trackhub-laravel-subscriber
1783051204: Received PINGREQ from trackhub-laravel-subscriber
1783051204: Sending PINGRESP to trackhub-laravel-subscriber
1783051214: Received PINGREQ from trackhub-laravel-subscriber
1783051214: Sending PINGRESP to trackhub-laravel-subscriber
1783051224: Received PINGREQ from trackhub-laravel-subscriber
1783051224: Sending PINGRESP to trackhub-laravel-subscriber
1783051234: Received PINGREQ from trackhub-laravel-subscriber
1783051234: Sending PINGRESP to trackhub-laravel-subscriber
1783051244: Received PINGREQ from trackhub-laravel-subscriber
1783051244: Sending PINGRESP to trackhub-laravel-subscriber
1783051254: Received PINGREQ from trackhub-laravel-subscriber
1783051254: Sending PINGRESP to trackhub-laravel-subscriber
1783051264: Received PINGREQ from trackhub-laravel-subscriber
1783051264: Sending PINGRESP to trackhub-laravel-subscriber
1783051267: New connection from 192.168.141.57:51467 on port 1883.
1783051267: New client connected from 192.168.141.57:51467 as esp32-gps-01-32a50528 (p2, c1, k15).
1783051267: No will message specified.
1783051267: Sending CONNACK to esp32-gps-01-32a50528 (0, 0)
1783051267: Received PUBLISH from esp32-gps-01-32a50528 (d0, q0, r0, m0, 'trackhub/gps', ... (227 bytes))
1783051267: Sending PUBLISH to trackhub-laravel-subscriber (d0, q0, r0, m0, 'trackhub/gps', ... (227 bytes))
1783051267: Received DISCONNECT from trackhub-laravel-subscriber
1783051267: Client trackhub-laravel-subscriber disconnected.
1783051270: Received PUBLISH from esp32-gps-01-32a50528 (d0, q0, r0, m0, 'trackhub/gps', ... (270 bytes))
1783051272: New connection from 192.168.141.167:55604 on port 1883.
1783051272: New client connected from 192.168.141.167:55604 as trackhub-laravel-subscriber (p2, c1, k30).
1783051272: No will message specified.
1783051272: Sending CONNACK to trackhub-laravel-subscriber (0, 0)
1783051272: Received SUBSCRIBE from trackhub-laravel-subscriber
1783051272: 	trackhub/gps (QoS 0)
1783051272: trackhub-laravel-subscriber 0 trackhub/gps
1783051272: Sending SUBACK to trackhub-laravel-subscriber
1783051273: Received PUBLISH from esp32-gps-01-32a50528 (d0, q0, r0, m0, 'trackhub/gps', ... (272 bytes))
1783051273: Sending PUBLISH to trackhub-laravel-subscriber (d0, q0, r0, m0, 'trackhub/gps', ... (272 bytes))
1783051273: Received DISCONNECT from trackhub-laravel-subscriber
1783051273: Client trackhub-laravel-subscriber disconnected.
1783051276: Received PUBLISH from esp32-gps-01-32a50528 (d0, q0, r0, m0, 'trackhub/gps', ... (272 bytes))
1783051278: New connection from 192.168.141.167:50392 on port 1883.
1783051278: New client connected from 192.168.141.167:50392 as trackhub-laravel-subscriber (p2, c1, k30).
1783051278: No will message specified.
1783051278: Sending CONNACK to trackhub-laravel-subscriber (0, 0)
1783051278: Received SUBSCRIBE from trackhub-laravel-subscriber
1783051278: 	trackhub/gps (QoS 0)
1783051278: trackhub-laravel-subscriber 0 trackhub/gps
1783051278: Sending SUBACK to trackhub-laravel-subscriber
1783051279: Received PUBLISH from esp32-gps-01-32a50528 (d0, q0, r0, m0, 'trackhub/gps', ... (272 bytes))
1783051279: Sending PUBLISH to trackhub-laravel-subscriber (d0, q0, r0, m0, 'trackhub/gps', ... (272 bytes))
1783051279: Received DISCONNECT from trackhub-laravel-subscriber
1783051279: Client trackhub-laravel-subscriber disconnected.
1783051282: Received PINGREQ from esp32-gps-01-32a50528
1783051282: Sending PINGRESP to esp32-gps-01-32a50528
1783051282: Received PUBLISH from esp32-gps-01-32a50528 (d0, q0, r0, m0, 'trackhub/gps', ... (272 bytes))
1783051284: New connection from 192.168.141.167:64453 on port 1883.
1783051284: New client connected from 192.168.141.167:64453 as trackhub-laravel-subscriber (p2, c1, k30).
1783051284: No will message specified.
1783051284: Sending CONNACK to trackhub-laravel-subscriber (0, 0)
1783051284: Received SUBSCRIBE from trackhub-laravel-subscriber
1783051284: 	trackhub/gps (QoS 0)
1783051284: trackhub-laravel-subscriber 0 trackhub/gps
1783051284: Sending SUBACK to trackhub-laravel-subscriber
1783051285: Received PUBLISH from esp32-gps-01-32a50528 (d0, q0, r0, m0, 'trackhub/gps', ... (272 bytes))
1783051285: Sending PUBLISH to trackhub-laravel-subscriber (d0, q0, r0, m0, 'trackhub/gps', ... (272 bytes))
1783051285: Received DISCONNECT from trackhub-laravel-subscriber
1783051285: Client trackhub-laravel-subscriber disconnected.
1783051288: Received PUBLISH from esp32-gps-01-32a50528 (d0, q0, r0, m0, 'trackhub/gps', ... (272 bytes))
1783051290: New connection from 192.168.141.167:49686 on port 1883.
1783051290: New client connected from 192.168.141.167:49686 as trackhub-laravel-subscriber (p2, c1, k30).
1783051290: No will message specified.
1783051290: Sending CONNACK to trackhub-laravel-subscriber (0, 0)
1783051290: Received SUBSCRIBE from trackhub-laravel-subscriber
1783051290: 	trackhub/gps (QoS 0)
1783051290: trackhub-laravel-subscriber 0 trackhub/gps
1783051290: Sending SUBACK to trackhub-laravel-subscriber
1783051291: Received PUBLISH from esp32-gps-01-32a50528 (d0, q0, r0, m0, 'trackhub/gps', ... (266 bytes))
1783051291: Sending PUBLISH to trackhub-laravel-subscriber (d0, q0, r0, m0, 'trackhub/gps', ... (266 bytes))
1783051291: Received DISCONNECT from trackhub-laravel-subscriber
1783051291: Client trackhub-laravel-subscriber disconnected.
1783051294: Received PUBLISH from esp32-gps-01-32a50528 (d0, q0, r0, m0, 'trackhub/gps', ... (266 bytes))
1783051296: New connection from 192.168.141.167:61503 on port 1883.
1783051296: New client connected from 192.168.141.167:61503 as trackhub-laravel-subscriber (p2, c1, k30).
1783051296: No will message specified.
1783051296: Sending CONNACK to trackhub-laravel-subscriber (0, 0)
1783051296: Received SUBSCRIBE from trackhub-laravel-subscriber
1783051296: 	trackhub/gps (QoS 0)
1783051296: trackhub-laravel-subscriber 0 trackhub/gps
1783051296: Sending SUBACK to trackhub-laravel-subscriber
1783051297: Received PINGREQ from esp32-gps-01-32a50528
1783051297: Sending PINGRESP to esp32-gps-01-32a50528
1783051297: Received PUBLISH from esp32-gps-01-32a50528 (d0, q0, r0, m0, 'trackhub/gps', ... (266 bytes))
1783051297: Sending PUBLISH to trackhub-laravel-subscriber (d0, q0, r0, m0, 'trackhub/gps', ... (266 bytes))
1783051297: Received DISCONNECT from trackhub-laravel-subscriber
1783051297: Client trackhub-laravel-subscriber disconnected.
1783051300: Received PUBLISH from esp32-gps-01-32a50528 (d0, q0, r0, m0, 'trackhub/gps', ... (266 bytes))
1783051302: New connection from 192.168.141.167:61504 on port 1883.
1783051302: New client connected from 192.168.141.167:61504 as trackhub-laravel-subscriber (p2, c1, k30).
1783051302: No will message specified.
1783051302: Sending CONNACK to trackhub-laravel-subscriber (0, 0)
1783051302: Received SUBSCRIBE from trackhub-laravel-subscriber
1783051302: 	trackhub/gps (QoS 0)
1783051302: trackhub-laravel-subscriber 0 trackhub/gps
1783051302: Sending SUBACK to trackhub-laravel-subscriber
1783051303: Received PUBLISH from esp32-gps-01-32a50528 (d0, q0, r0, m0, 'trackhub/gps', ... (276 bytes))
1783051303: Sending PUBLISH to trackhub-laravel-subscriber (d0, q0, r0, m0, 'trackhub/gps', ... (276 bytes))
1783051303: Received DISCONNECT from trackhub-laravel-subscriber
1783051303: Client trackhub-laravel-subscriber disconnected.
1783051306: Received PUBLISH from esp32-gps-01-32a50528 (d0, q0, r0, m0, 'trackhub/gps', ... (276 bytes))
1783051308: New connection from 192.168.141.167:60267 on port 1883.
1783051308: New client connected from 192.168.141.167:60267 as trackhub-laravel-subscriber (p2, c1, k30).
1783051308: No will message specified.
1783051308: Sending CONNACK to trackhub-laravel-subscriber (0, 0)
1783051308: Received SUBSCRIBE from trackhub-laravel-subscriber
1783051308: 	trackhub/gps (QoS 0)
1783051308: trackhub-laravel-subscriber 0 trackhub/gps
1783051308: Sending SUBACK to trackhub-laravel-subscriber
1783051309: Received PUBLISH from esp32-gps-01-32a50528 (d0, q0, r0, m0, 'trackhub/gps', ... (276 bytes))
1783051309: Sending PUBLISH to trackhub-laravel-subscriber (d0, q0, r0, m0, 'trackhub/gps', ... (276 bytes))
1783051309: Received DISCONNECT from trackhub-laravel-subscriber
1783051309: Client trackhub-laravel-subscriber disconnected.
1783051312: Received PINGREQ from esp32-gps-01-32a50528
1783051312: Sending PINGRESP to esp32-gps-01-32a50528
1783051312: Received PUBLISH from esp32-gps-01-32a50528 (d0, q0, r0, m0, 'trackhub/gps', ... (276 bytes))
1783051314: New connection from 192.168.141.167:60270 on port 1883.
1783051314: New client connected from 192.168.141.167:60270 as trackhub-laravel-subscriber (p2, c1, k30).
1783051314: No will message specified.
1783051314: Sending CONNACK to trackhub-laravel-subscriber (0, 0)
1783051314: Received SUBSCRIBE from trackhub-laravel-subscriber
1783051314: 	trackhub/gps (QoS 0)
1783051314: trackhub-laravel-subscriber 0 trackhub/gps
1783051314: Sending SUBACK to trackhub-laravel-subscriber
1783051315: Received PUBLISH from esp32-gps-01-32a50528 (d0, q0, r0, m0, 'trackhub/gps', ... (276 bytes))
1783051315: Sending PUBLISH to trackhub-laravel-subscriber (d0, q0, r0, m0, 'trackhub/gps', ... (276 bytes))
1783051315: Received DISCONNECT from trackhub-laravel-subscriber
1783051315: Client trackhub-laravel-subscriber disconnected.
1783051318: Received PUBLISH from esp32-gps-01-32a50528 (d0, q0, r0, m0, 'trackhub/gps', ... (263 bytes))
1783051320: New connection from 192.168.141.167:60272 on port 1883.
1783051320: New client connected from 192.168.141.167:60272 as trackhub-laravel-subscriber (p2, c1, k30).
1783051320: No will message specified.
1783051320: Sending CONNACK to trackhub-laravel-subscriber (0, 0)
1783051320: Received SUBSCRIBE from trackhub-laravel-subscriber
1783051320: 	trackhub/gps (QoS 0)
1783051320: trackhub-laravel-subscriber 0 trackhub/gps
1783051320: Sending SUBACK to trackhub-laravel-subscriber
1783051321: Received PUBLISH from esp32-gps-01-32a50528 (d0, q0, r0, m0, 'trackhub/gps', ... (276 bytes))
1783051321: Sending PUBLISH to trackhub-laravel-subscriber (d0, q0, r0, m0, 'trackhub/gps', ... (276 bytes))
1783051321: Received DISCONNECT from trackhub-laravel-subscriber
1783051321: Client trackhub-laravel-subscriber disconnected.
1783051324: Received PUBLISH from esp32-gps-01-32a50528 (d0, q0, r0, m0, 'trackhub/gps', ... (263 bytes))
1783051326: New connection from 192.168.141.167:60273 on port 1883.
1783051326: New client connected from 192.168.141.167:60273 as trackhub-laravel-subscriber (p2, c1, k30).
1783051326: No will message specified.
1783051326: Sending CONNACK to trackhub-laravel-subscriber (0, 0)
1783051326: Received SUBSCRIBE from trackhub-laravel-subscriber
1783051326: 	trackhub/gps (QoS 0)
1783051326: trackhub-laravel-subscriber 0 trackhub/gps
1783051326: Sending SUBACK to trackhub-laravel-subscriber
1783051327: Received PINGREQ from esp32-gps-01-32a50528
1783051327: Sending PINGRESP to esp32-gps-01-32a50528
1783051327: Received PUBLISH from esp32-gps-01-32a50528 (d0, q0, r0, m0, 'trackhub/gps', ... (263 bytes))
1783051327: Sending PUBLISH to trackhub-laravel-subscriber (d0, q0, r0, m0, 'trackhub/gps', ... (263 bytes))
1783051327: Received DISCONNECT from trackhub-laravel-subscriber
1783051327: Client trackhub-laravel-subscriber disconnected.
1783051330: Received PUBLISH from esp32-gps-01-32a50528 (d0, q0, r0, m0, 'trackhub/gps', ... (280 bytes))
1783051332: New connection from 192.168.141.167:60274 on port 1883.
1783051332: New client connected from 192.168.141.167:60274 as trackhub-laravel-subscriber (p2, c1, k30).
1783051332: No will message specified.
1783051332: Sending CONNACK to trackhub-laravel-subscriber (0, 0)
1783051332: Received SUBSCRIBE from trackhub-laravel-subscriber
1783051332: 	trackhub/gps (QoS 0)
1783051332: trackhub-laravel-subscriber 0 trackhub/gps
1783051332: Sending SUBACK to trackhub-laravel-subscriber
1783051333: Received PUBLISH from esp32-gps-01-32a50528 (d0, q0, r0, m0, 'trackhub/gps', ... (280 bytes))
1783051333: Sending PUBLISH to trackhub-laravel-subscriber (d0, q0, r0, m0, 'trackhub/gps', ... (280 bytes))
1783051333: Received DISCONNECT from trackhub-laravel-subscriber
1783051333: Client trackhub-laravel-subscriber disconnected.
1783051336: Received PUBLISH from esp32-gps-01-32a50528 (d0, q0, r0, m0, 'trackhub/gps', ... (280 bytes))
1783051338: New connection from 192.168.141.167:59538 on port 1883.
1783051338: New client connected from 192.168.141.167:59538 as trackhub-laravel-subscriber (p2, c1, k30).
1783051338: No will message specified.
1783051338: Sending CONNACK to trackhub-laravel-subscriber (0, 0)
1783051338: Received SUBSCRIBE from trackhub-laravel-subscriber
1783051338: 	trackhub/gps (QoS 0)
1783051338: trackhub-laravel-subscriber 0 trackhub/gps
1783051338: Sending SUBACK to trackhub-laravel-subscriber
1783051339: Received PUBLISH from esp32-gps-01-32a50528 (d0, q0, r0, m0, 'trackhub/gps', ... (280 bytes))
1783051339: Sending PUBLISH to trackhub-laravel-subscriber (d0, q0, r0, m0, 'trackhub/gps', ... (280 bytes))
1783051339: Received DISCONNECT from trackhub-laravel-subscriber
1783051339: Client trackhub-laravel-subscriber disconnected.
1783051342: Received PINGREQ from esp32-gps-01-32a50528
1783051342: Sending PINGRESP to esp32-gps-01-32a50528
1783051342: Received PUBLISH from esp32-gps-01-32a50528 (d0, q0, r0, m0, 'trackhub/gps', ... (243 bytes))
1783051344: New connection from 192.168.141.167:63814 on port 1883.
1783051344: New client connected from 192.168.141.167:63814 as trackhub-laravel-subscriber (p2, c1, k30).
1783051344: No will message specified.
1783051344: Sending CONNACK to trackhub-laravel-subscriber (0, 0)
1783051344: Received SUBSCRIBE from trackhub-laravel-subscriber
1783051344: 	trackhub/gps (QoS 0)
1783051344: trackhub-laravel-subscriber 0 trackhub/gps
1783051344: Sending SUBACK to trackhub-laravel-subscriber
1783051345: Received PUBLISH from esp32-gps-01-32a50528 (d0, q0, r0, m0, 'trackhub/gps', ... (243 bytes))
1783051345: Sending PUBLISH to trackhub-laravel-subscriber (d0, q0, r0, m0, 'trackhub/gps', ... (243 bytes))
1783051345: Received DISCONNECT from trackhub-laravel-subscriber
1783051345: Client trackhub-laravel-subscriber disconnected.
1783051348: Received PUBLISH from esp32-gps-01-32a50528 (d0, q0, r0, m0, 'trackhub/gps', ... (243 bytes))
1783051350: New connection from 192.168.141.167:63815 on port 1883.
1783051350: New client connected from 192.168.141.167:63815 as trackhub-laravel-subscriber (p2, c1, k30).
1783051350: No will message specified.
1783051350: Sending CONNACK to trackhub-laravel-subscriber (0, 0)
1783051350: Received SUBSCRIBE from trackhub-laravel-subscriber
1783051350: 	trackhub/gps (QoS 0)
1783051350: trackhub-laravel-subscriber 0 trackhub/gps
1783051350: Sending SUBACK to trackhub-laravel-subscriber
1783051351: Received PUBLISH from esp32-gps-01-32a50528 (d0, q0, r0, m0, 'trackhub/gps', ... (243 bytes))
1783051351: Sending PUBLISH to trackhub-laravel-subscriber (d0, q0, r0, m0, 'trackhub/gps', ... (243 bytes))
1783051351: Received DISCONNECT from trackhub-laravel-subscriber
1783051351: Client trackhub-laravel-subscriber disconnected.
1783051354: Received PUBLISH from esp32-gps-01-32a50528 (d0, q0, r0, m0, 'trackhub/gps', ... (235 bytes))
1783051357: New connection from 192.168.141.167:63816 on port 1883.
1783051357: New client connected from 192.168.141.167:63816 as trackhub-laravel-subscriber (p2, c1, k30).
1783051357: No will message specified.
1783051357: Sending CONNACK to trackhub-laravel-subscriber (0, 0)
1783051357: Received SUBSCRIBE from trackhub-laravel-subscriber
1783051357: 	trackhub/gps (QoS 0)
1783051357: trackhub-laravel-subscriber 0 trackhub/gps
1783051357: Sending SUBACK to trackhub-laravel-subscriber
1783051357: Received PINGREQ from esp32-gps-01-32a50528
1783051357: Sending PINGRESP to esp32-gps-01-32a50528
1783051358: Received PUBLISH from esp32-gps-01-32a50528 (d0, q0, r0, m0, 'trackhub/gps', ... (235 bytes))
1783051358: Sending PUBLISH to trackhub-laravel-subscriber (d0, q0, r0, m0, 'trackhub/gps', ... (235 bytes))
1783051358: Received DISCONNECT from trackhub-laravel-subscriber
1783051358: Client trackhub-laravel-subscriber disconnected.
1783051361: Received PUBLISH from esp32-gps-01-32a50528 (d0, q0, r0, m0, 'trackhub/gps', ... (235 bytes))
1783051363: New connection from 192.168.141.167:49767 on port 1883.
1783051363: New client connected from 192.168.141.167:49767 as trackhub-laravel-subscriber (p2, c1, k30).
1783051363: No will message specified.
1783051363: Sending CONNACK to trackhub-laravel-subscriber (0, 0)
1783051363: Received SUBSCRIBE from trackhub-laravel-subscriber
1783051363: 	trackhub/gps (QoS 0)
1783051363: trackhub-laravel-subscriber 0 trackhub/gps
1783051363: Sending SUBACK to trackhub-laravel-subscriber
1783051364: Received PUBLISH from esp32-gps-01-32a50528 (d0, q0, r0, m0, 'trackhub/gps', ... (235 bytes))
1783051364: Sending PUBLISH to trackhub-laravel-subscriber (d0, q0, r0, m0, 'trackhub/gps', ... (235 bytes))
1783051364: Received DISCONNECT from trackhub-laravel-subscriber
1783051364: Client trackhub-laravel-subscriber disconnected.
1783051367: Received PUBLISH from esp32-gps-01-32a50528 (d0, q0, r0, m0, 'trackhub/gps', ... (235 bytes))
1783051369: New connection from 192.168.141.167:58618 on port 1883.
1783051369: New client connected from 192.168.141.167:58618 as trackhub-laravel-subscriber (p2, c1, k30).
1783051369: No will message specified.
1783051369: Sending CONNACK to trackhub-laravel-subscriber (0, 0)
1783051369: Received SUBSCRIBE from trackhub-laravel-subscriber
1783051369: 	trackhub/gps (QoS 0)
1783051369: trackhub-laravel-subscriber 0 trackhub/gps
1783051369: Sending SUBACK to trackhub-laravel-subscriber
1783051370: Received PUBLISH from esp32-gps-01-32a50528 (d0, q0, r0, m0, 'trackhub/gps', ... (235 bytes))
1783051370: Sending PUBLISH to trackhub-laravel-subscriber (d0, q0, r0, m0, 'trackhub/gps', ... (235 bytes))
1783051370: Received DISCONNECT from trackhub-laravel-subscriber
1783051370: Client trackhub-laravel-subscriber disconnected.
1783051370: mosquitto version 2.0.22 terminating
1783051370: Saving in-memory database to D:\gpstracker\MQTT\mosquitto\data\\mosquitto.db.
1783051371: mosquitto version 2.0.22 starting
1783051371: Config loaded from D:\gpstracker\MQTT\mosquitto-local.conf.
1783051371: Opening ipv4 listen socket on port 1883.
1783051371: mosquitto version 2.0.22 running
1783051375: New connection from 192.168.141.167:58629 on port 1883.
1783051375: New client connected from 192.168.141.167:58629 as trackhub-laravel-subscriber (p2, c1, k30).
1783051375: No will message specified.
1783051375: Sending CONNACK to trackhub-laravel-subscriber (0, 0)
1783051375: Received SUBSCRIBE from trackhub-laravel-subscriber
1783051375: 	trackhub/gps (QoS 0)
1783051375: trackhub-laravel-subscriber 0 trackhub/gps
1783051375: Sending SUBACK to trackhub-laravel-subscriber
1783051376: Client trackhub-laravel-subscriber closed its connection.
1783051378: New connection from 192.168.141.167:58633 on port 1883.
1783051378: New client connected from 192.168.141.167:58633 as trackhub-laravel-subscriber (p2, c1, k30).
1783051378: No will message specified.
1783051378: Sending CONNACK to trackhub-laravel-subscriber (0, 0)
1783051378: Received SUBSCRIBE from trackhub-laravel-subscriber
1783051378: 	trackhub/gps (QoS 0)
1783051378: trackhub-laravel-subscriber 0 trackhub/gps
1783051378: Sending SUBACK to trackhub-laravel-subscriber
1783051388: Received PINGREQ from trackhub-laravel-subscriber
1783051388: Sending PINGRESP to trackhub-laravel-subscriber
1783051398: Received PINGREQ from trackhub-laravel-subscriber
1783051398: Sending PINGRESP to trackhub-laravel-subscriber
1783051408: Received PINGREQ from trackhub-laravel-subscriber
1783051408: Sending PINGRESP to trackhub-laravel-subscriber
1783051418: Received PINGREQ from trackhub-laravel-subscriber
1783051418: Sending PINGRESP to trackhub-laravel-subscriber
1783051428: Received PINGREQ from trackhub-laravel-subscriber
1783051428: Sending PINGRESP to trackhub-laravel-subscriber
1783051438: Received PINGREQ from trackhub-laravel-subscriber
1783051438: Sending PINGRESP to trackhub-laravel-subscriber
1783051448: Received PINGREQ from trackhub-laravel-subscriber
1783051448: Sending PINGRESP to trackhub-laravel-subscriber
1783051458: Received PINGREQ from trackhub-laravel-subscriber
1783051458: Sending PINGRESP to trackhub-laravel-subscriber
1783051468: Received PINGREQ from trackhub-laravel-subscriber
1783051468: Sending PINGRESP to trackhub-laravel-subscriber
1783051478: Received PINGREQ from trackhub-laravel-subscriber
1783051478: Sending PINGRESP to trackhub-laravel-subscriber
1783051484: Client trackhub-laravel-subscriber closed its connection.
1783051494: New connection from 192.168.141.167:53896 on port 1883.
1783051494: New client connected from 192.168.141.167:53896 as trackhub-laravel-subscriber (p2, c1, k30).
1783051494: No will message specified.
1783051494: Sending CONNACK to trackhub-laravel-subscriber (0, 0)
1783051494: Received SUBSCRIBE from trackhub-laravel-subscriber
1783051494: 	trackhub/gps (QoS 0)
1783051494: trackhub-laravel-subscriber 0 trackhub/gps
1783051494: Sending SUBACK to trackhub-laravel-subscriber
1783051501: New connection from 192.168.141.57:51472 on port 1883.
1783051501: New client connected from 192.168.141.57:51472 as esp32-gps-01-32a50528 (p2, c1, k15).
1783051501: No will message specified.
1783051501: Sending CONNACK to esp32-gps-01-32a50528 (0, 0)
1783051501: Received PUBLISH from esp32-gps-01-32a50528 (d0, q0, r0, m0, 'trackhub/gps', ... (243 bytes))
1783051501: Sending PUBLISH to trackhub-laravel-subscriber (d0, q0, r0, m0, 'trackhub/gps', ... (243 bytes))
1783051501: Received PUBLISH from esp32-gps-01-32a50528 (d0, q0, r0, m0, 'trackhub/gps', ... (275 bytes))
1783051501: Sending PUBLISH to trackhub-laravel-subscriber (d0, q0, r0, m0, 'trackhub/gps', ... (275 bytes))
1783051501: Received DISCONNECT from trackhub-laravel-subscriber
1783051501: Client trackhub-laravel-subscriber disconnected.
1783051505: Received PUBLISH from esp32-gps-01-32a50528 (d0, q0, r0, m0, 'trackhub/gps', ... (235 bytes))
1783051506: New connection from 192.168.141.167:50414 on port 1883.
1783051506: New client connected from 192.168.141.167:50414 as trackhub-laravel-subscriber (p2, c1, k30).
1783051506: No will message specified.
1783051506: Sending CONNACK to trackhub-laravel-subscriber (0, 0)
1783051506: Received SUBSCRIBE from trackhub-laravel-subscriber
1783051506: 	trackhub/gps (QoS 0)
1783051506: trackhub-laravel-subscriber 0 trackhub/gps
1783051506: Sending SUBACK to trackhub-laravel-subscriber
1783051508: Received PUBLISH from esp32-gps-01-32a50528 (d0, q0, r0, m0, 'trackhub/gps', ... (257 bytes))
1783051508: Sending PUBLISH to trackhub-laravel-subscriber (d0, q0, r0, m0, 'trackhub/gps', ... (257 bytes))
1783051508: Received DISCONNECT from trackhub-laravel-subscriber
1783051508: Client trackhub-laravel-subscriber disconnected.
1783051511: Received PUBLISH from esp32-gps-01-32a50528 (d0, q0, r0, m0, 'trackhub/gps', ... (257 bytes))
1783051513: New connection from 192.168.141.167:50268 on port 1883.
1783051513: New client connected from 192.168.141.167:50268 as trackhub-laravel-subscriber (p2, c1, k30).
1783051513: No will message specified.
1783051513: Sending CONNACK to trackhub-laravel-subscriber (0, 0)
1783051513: Received SUBSCRIBE from trackhub-laravel-subscriber
1783051513: 	trackhub/gps (QoS 0)
1783051513: trackhub-laravel-subscriber 0 trackhub/gps
1783051513: Sending SUBACK to trackhub-laravel-subscriber
1783051514: Received PUBLISH from esp32-gps-01-32a50528 (d0, q0, r0, m0, 'trackhub/gps', ... (257 bytes))
1783051514: Sending PUBLISH to trackhub-laravel-subscriber (d0, q0, r0, m0, 'trackhub/gps', ... (257 bytes))
1783051514: Received DISCONNECT from trackhub-laravel-subscriber
1783051514: Client trackhub-laravel-subscriber disconnected.
1783051516: Received PINGREQ from esp32-gps-01-32a50528
1783051516: Sending PINGRESP to esp32-gps-01-32a50528
1783051517: Received PUBLISH from esp32-gps-01-32a50528 (d0, q0, r0, m0, 'trackhub/gps', ... (271 bytes))
1783051519: New connection from 192.168.141.167:60900 on port 1883.
1783051519: New client connected from 192.168.141.167:60900 as trackhub-laravel-subscriber (p2, c1, k30).
1783051519: No will message specified.
1783051519: Sending CONNACK to trackhub-laravel-subscriber (0, 0)
1783051519: Received SUBSCRIBE from trackhub-laravel-subscriber
1783051519: 	trackhub/gps (QoS 0)
1783051519: trackhub-laravel-subscriber 0 trackhub/gps
1783051519: Sending SUBACK to trackhub-laravel-subscriber
1783051520: Received PUBLISH from esp32-gps-01-32a50528 (d0, q0, r0, m0, 'trackhub/gps', ... (271 bytes))
1783051520: Sending PUBLISH to trackhub-laravel-subscriber (d0, q0, r0, m0, 'trackhub/gps', ... (271 bytes))
1783051520: Received DISCONNECT from trackhub-laravel-subscriber
1783051520: Client trackhub-laravel-subscriber disconnected.
1783051523: Received PUBLISH from esp32-gps-01-32a50528 (d0, q0, r0, m0, 'trackhub/gps', ... (271 bytes))
1783051525: New connection from 192.168.141.167:50405 on port 1883.
1783051525: New client connected from 192.168.141.167:50405 as trackhub-laravel-subscriber (p2, c1, k30).
1783051525: No will message specified.
1783051525: Sending CONNACK to trackhub-laravel-subscriber (0, 0)
1783051525: Received SUBSCRIBE from trackhub-laravel-subscriber
1783051525: 	trackhub/gps (QoS 0)
1783051525: trackhub-laravel-subscriber 0 trackhub/gps
1783051525: Sending SUBACK to trackhub-laravel-subscriber
1783051526: Received PUBLISH from esp32-gps-01-32a50528 (d0, q0, r0, m0, 'trackhub/gps', ... (271 bytes))
1783051526: Sending PUBLISH to trackhub-laravel-subscriber (d0, q0, r0, m0, 'trackhub/gps', ... (271 bytes))
1783051526: Received DISCONNECT from trackhub-laravel-subscriber
1783051526: Client trackhub-laravel-subscriber disconnected.
1783051529: Received PUBLISH from esp32-gps-01-32a50528 (d0, q0, r0, m0, 'trackhub/gps', ... (261 bytes))
1783051531: New connection from 192.168.141.167:65395 on port 1883.
1783051531: New client connected from 192.168.141.167:65395 as trackhub-laravel-subscriber (p2, c1, k30).
1783051531: No will message specified.
1783051531: Sending CONNACK to trackhub-laravel-subscriber (0, 0)
1783051531: Received SUBSCRIBE from trackhub-laravel-subscriber
1783051531: 	trackhub/gps (QoS 0)
1783051531: trackhub-laravel-subscriber 0 trackhub/gps
1783051531: Sending SUBACK to trackhub-laravel-subscriber
1783051531: Received PINGREQ from esp32-gps-01-32a50528
1783051531: Sending PINGRESP to esp32-gps-01-32a50528
1783051532: Received PUBLISH from esp32-gps-01-32a50528 (d0, q0, r0, m0, 'trackhub/gps', ... (261 bytes))
1783051532: Sending PUBLISH to trackhub-laravel-subscriber (d0, q0, r0, m0, 'trackhub/gps', ... (261 bytes))
1783051532: Received DISCONNECT from trackhub-laravel-subscriber
1783051532: Client trackhub-laravel-subscriber disconnected.
1783051535: Received PUBLISH from esp32-gps-01-32a50528 (d0, q0, r0, m0, 'trackhub/gps', ... (261 bytes))
1783051537: New connection from 192.168.141.167:63534 on port 1883.
1783051537: New client connected from 192.168.141.167:63534 as trackhub-laravel-subscriber (p2, c1, k30).
1783051537: No will message specified.
1783051537: Sending CONNACK to trackhub-laravel-subscriber (0, 0)
1783051537: Received SUBSCRIBE from trackhub-laravel-subscriber
1783051537: 	trackhub/gps (QoS 0)
1783051537: trackhub-laravel-subscriber 0 trackhub/gps
1783051537: Sending SUBACK to trackhub-laravel-subscriber
1783051538: Received PUBLISH from esp32-gps-01-32a50528 (d0, q0, r0, m0, 'trackhub/gps', ... (261 bytes))
1783051538: Sending PUBLISH to trackhub-laravel-subscriber (d0, q0, r0, m0, 'trackhub/gps', ... (261 bytes))
1783051538: Received DISCONNECT from trackhub-laravel-subscriber
1783051538: Client trackhub-laravel-subscriber disconnected.
1783051541: Received PUBLISH from esp32-gps-01-32a50528 (d0, q0, r0, m0, 'trackhub/gps', ... (276 bytes))
1783051543: New connection from 192.168.141.167:57982 on port 1883.
1783051543: New client connected from 192.168.141.167:57982 as trackhub-laravel-subscriber (p2, c1, k30).
1783051543: No will message specified.
1783051543: Sending CONNACK to trackhub-laravel-subscriber (0, 0)
1783051543: Received SUBSCRIBE from trackhub-laravel-subscriber
1783051543: 	trackhub/gps (QoS 0)
1783051543: trackhub-laravel-subscriber 0 trackhub/gps
1783051543: Sending SUBACK to trackhub-laravel-subscriber
1783051544: Received PUBLISH from esp32-gps-01-32a50528 (d0, q0, r0, m0, 'trackhub/gps', ... (276 bytes))
1783051544: Sending PUBLISH to trackhub-laravel-subscriber (d0, q0, r0, m0, 'trackhub/gps', ... (276 bytes))
1783051544: Received DISCONNECT from trackhub-laravel-subscriber
1783051544: Client trackhub-laravel-subscriber disconnected.
1783051546: Received PINGREQ from esp32-gps-01-32a50528
1783051546: Sending PINGRESP to esp32-gps-01-32a50528
1783051547: Received PUBLISH from esp32-gps-01-32a50528 (d0, q0, r0, m0, 'trackhub/gps', ... (276 bytes))
1783051549: New connection from 192.168.141.167:63815 on port 1883.
1783051549: New client connected from 192.168.141.167:63815 as trackhub-laravel-subscriber (p2, c1, k30).
1783051549: No will message specified.
1783051549: Sending CONNACK to trackhub-laravel-subscriber (0, 0)
1783051549: Received SUBSCRIBE from trackhub-laravel-subscriber
1783051549: 	trackhub/gps (QoS 0)
1783051549: trackhub-laravel-subscriber 0 trackhub/gps
1783051549: Sending SUBACK to trackhub-laravel-subscriber
1783051550: Received PUBLISH from esp32-gps-01-32a50528 (d0, q0, r0, m0, 'trackhub/gps', ... (276 bytes))
1783051550: Sending PUBLISH to trackhub-laravel-subscriber (d0, q0, r0, m0, 'trackhub/gps', ... (276 bytes))
1783051550: Received DISCONNECT from trackhub-laravel-subscriber
1783051550: Client trackhub-laravel-subscriber disconnected.
1783051553: Received PUBLISH from esp32-gps-01-32a50528 (d0, q0, r0, m0, 'trackhub/gps', ... (274 bytes))
1783051555: New connection from 192.168.141.167:65521 on port 1883.
1783051555: New client connected from 192.168.141.167:65521 as trackhub-laravel-subscriber (p2, c1, k30).
1783051555: No will message specified.
1783051555: Sending CONNACK to trackhub-laravel-subscriber (0, 0)
1783051555: Received SUBSCRIBE from trackhub-laravel-subscriber
1783051555: 	trackhub/gps (QoS 0)
1783051555: trackhub-laravel-subscriber 0 trackhub/gps
1783051555: Sending SUBACK to trackhub-laravel-subscriber
1783051556: Received PUBLISH from esp32-gps-01-32a50528 (d0, q0, r0, m0, 'trackhub/gps', ... (276 bytes))
1783051556: Sending PUBLISH to trackhub-laravel-subscriber (d0, q0, r0, m0, 'trackhub/gps', ... (276 bytes))
1783051556: Received DISCONNECT from trackhub-laravel-subscriber
1783051556: Client trackhub-laravel-subscriber disconnected.
1783051559: Received PUBLISH from esp32-gps-01-32a50528 (d0, q0, r0, m0, 'trackhub/gps', ... (276 bytes))
1783051561: Received PINGREQ from esp32-gps-01-32a50528
1783051561: Sending PINGRESP to esp32-gps-01-32a50528
1783051561: New connection from 192.168.141.167:60799 on port 1883.
1783051561: New client connected from 192.168.141.167:60799 as trackhub-laravel-subscriber (p2, c1, k30).
1783051561: No will message specified.
1783051561: Sending CONNACK to trackhub-laravel-subscriber (0, 0)
1783051561: Received SUBSCRIBE from trackhub-laravel-subscriber
1783051561: 	trackhub/gps (QoS 0)
1783051561: trackhub-laravel-subscriber 0 trackhub/gps
1783051561: Sending SUBACK to trackhub-laravel-subscriber
1783051562: Received PUBLISH from esp32-gps-01-32a50528 (d0, q0, r0, m0, 'trackhub/gps', ... (276 bytes))
1783051562: Sending PUBLISH to trackhub-laravel-subscriber (d0, q0, r0, m0, 'trackhub/gps', ... (276 bytes))
1783051562: Received DISCONNECT from trackhub-laravel-subscriber
1783051562: Client trackhub-laravel-subscriber disconnected.
1783051565: Received PUBLISH from esp32-gps-01-32a50528 (d0, q0, r0, m0, 'trackhub/gps', ... (274 bytes))
1783051567: New connection from 192.168.141.167:51724 on port 1883.
1783051567: New client connected from 192.168.141.167:51724 as trackhub-laravel-subscriber (p2, c1, k30).
1783051567: No will message specified.
1783051567: Sending CONNACK to trackhub-laravel-subscriber (0, 0)
1783051567: Received SUBSCRIBE from trackhub-laravel-subscriber
1783051567: 	trackhub/gps (QoS 0)
1783051567: trackhub-laravel-subscriber 0 trackhub/gps
1783051567: Sending SUBACK to trackhub-laravel-subscriber
1783051568: Received PUBLISH from esp32-gps-01-32a50528 (d0, q0, r0, m0, 'trackhub/gps', ... (276 bytes))
1783051568: Sending PUBLISH to trackhub-laravel-subscriber (d0, q0, r0, m0, 'trackhub/gps', ... (276 bytes))
1783051568: Received DISCONNECT from trackhub-laravel-subscriber
1783051568: Client trackhub-laravel-subscriber disconnected.
1783051571: Received PUBLISH from esp32-gps-01-32a50528 (d0, q0, r0, m0, 'trackhub/gps', ... (274 bytes))
1783051573: New connection from 192.168.141.167:52705 on port 1883.
1783051573: New client connected from 192.168.141.167:52705 as trackhub-laravel-subscriber (p2, c1, k30).
1783051573: No will message specified.
1783051573: Sending CONNACK to trackhub-laravel-subscriber (0, 0)
1783051573: Received SUBSCRIBE from trackhub-laravel-subscriber
1783051573: 	trackhub/gps (QoS 0)
1783051573: trackhub-laravel-subscriber 0 trackhub/gps
1783051573: Sending SUBACK to trackhub-laravel-subscriber
1783051574: Received PUBLISH from esp32-gps-01-32a50528 (d0, q0, r0, m0, 'trackhub/gps', ... (274 bytes))
1783051574: Sending PUBLISH to trackhub-laravel-subscriber (d0, q0, r0, m0, 'trackhub/gps', ... (274 bytes))
1783051574: Received DISCONNECT from trackhub-laravel-subscriber
1783051574: Client trackhub-laravel-subscriber disconnected.
1783051576: Received PINGREQ from esp32-gps-01-32a50528
1783051576: Sending PINGRESP to esp32-gps-01-32a50528
1783051577: Received PUBLISH from esp32-gps-01-32a50528 (d0, q0, r0, m0, 'trackhub/gps', ... (274 bytes))
1783051579: New connection from 192.168.141.167:63997 on port 1883.
1783051579: New client connected from 192.168.141.167:63997 as trackhub-laravel-subscriber (p2, c1, k30).
1783051579: No will message specified.
1783051579: Sending CONNACK to trackhub-laravel-subscriber (0, 0)
1783051579: Received SUBSCRIBE from trackhub-laravel-subscriber
1783051579: 	trackhub/gps (QoS 0)
1783051579: trackhub-laravel-subscriber 0 trackhub/gps
1783051579: Sending SUBACK to trackhub-laravel-subscriber
1783051580: Received PUBLISH from esp32-gps-01-32a50528 (d0, q0, r0, m0, 'trackhub/gps', ... (274 bytes))
1783051580: Sending PUBLISH to trackhub-laravel-subscriber (d0, q0, r0, m0, 'trackhub/gps', ... (274 bytes))
1783051580: Received DISCONNECT from trackhub-laravel-subscriber
1783051580: Client trackhub-laravel-subscriber disconnected.
1783051583: Received PUBLISH from esp32-gps-01-32a50528 (d0, q0, r0, m0, 'trackhub/gps', ... (275 bytes))
1783051585: New connection from 192.168.141.167:63998 on port 1883.
1783051585: New client connected from 192.168.141.167:63998 as trackhub-laravel-subscriber (p2, c1, k30).
1783051585: No will message specified.
1783051585: Sending CONNACK to trackhub-laravel-subscriber (0, 0)
1783051585: Received SUBSCRIBE from trackhub-laravel-subscriber
1783051585: 	trackhub/gps (QoS 0)
1783051585: trackhub-laravel-subscriber 0 trackhub/gps
1783051585: Sending SUBACK to trackhub-laravel-subscriber
1783051586: Received PUBLISH from esp32-gps-01-32a50528 (d0, q0, r0, m0, 'trackhub/gps', ... (275 bytes))
1783051586: Sending PUBLISH to trackhub-laravel-subscriber (d0, q0, r0, m0, 'trackhub/gps', ... (275 bytes))
1783051586: Received DISCONNECT from trackhub-laravel-subscriber
1783051586: Client trackhub-laravel-subscriber disconnected.
1783051589: Received PUBLISH from esp32-gps-01-32a50528 (d0, q0, r0, m0, 'trackhub/gps', ... (275 bytes))
1783051591: Received PINGREQ from esp32-gps-01-32a50528
1783051591: Sending PINGRESP to esp32-gps-01-32a50528
1783051591: New connection from 192.168.141.167:64152 on port 1883.
1783051591: New client connected from 192.168.141.167:64152 as trackhub-laravel-subscriber (p2, c1, k30).
1783051591: No will message specified.
1783051591: Sending CONNACK to trackhub-laravel-subscriber (0, 0)
1783051591: Received SUBSCRIBE from trackhub-laravel-subscriber
1783051591: 	trackhub/gps (QoS 0)
1783051591: trackhub-laravel-subscriber 0 trackhub/gps
1783051591: Sending SUBACK to trackhub-laravel-subscriber
1783051592: Received PUBLISH from esp32-gps-01-32a50528 (d0, q0, r0, m0, 'trackhub/gps', ... (271 bytes))
1783051592: Sending PUBLISH to trackhub-laravel-subscriber (d0, q0, r0, m0, 'trackhub/gps', ... (271 bytes))
1783051592: Received DISCONNECT from trackhub-laravel-subscriber
1783051592: Client trackhub-laravel-subscriber disconnected.
1783051595: Received PUBLISH from esp32-gps-01-32a50528 (d0, q0, r0, m0, 'trackhub/gps', ... (271 bytes))
1783051597: New connection from 192.168.141.167:64153 on port 1883.
1783051597: New client connected from 192.168.141.167:64153 as trackhub-laravel-subscriber (p2, c1, k30).
1783051597: No will message specified.
1783051597: Sending CONNACK to trackhub-laravel-subscriber (0, 0)
1783051597: Received SUBSCRIBE from trackhub-laravel-subscriber
1783051597: 	trackhub/gps (QoS 0)
1783051597: trackhub-laravel-subscriber 0 trackhub/gps
1783051597: Sending SUBACK to trackhub-laravel-subscriber
1783051598: Received PUBLISH from esp32-gps-01-32a50528 (d0, q0, r0, m0, 'trackhub/gps', ... (271 bytes))
1783051598: Sending PUBLISH to trackhub-laravel-subscriber (d0, q0, r0, m0, 'trackhub/gps', ... (271 bytes))
1783051598: Received DISCONNECT from trackhub-laravel-subscriber
1783051598: Client trackhub-laravel-subscriber disconnected.
1783051601: Received PUBLISH from esp32-gps-01-32a50528 (d0, q0, r0, m0, 'trackhub/gps', ... (271 bytes))
1783051603: New connection from 192.168.141.167:50415 on port 1883.
1783051603: New client connected from 192.168.141.167:50415 as trackhub-laravel-subscriber (p2, c1, k30).
1783051603: No will message specified.
1783051603: Sending CONNACK to trackhub-laravel-subscriber (0, 0)
1783051603: Received SUBSCRIBE from trackhub-laravel-subscriber
1783051603: 	trackhub/gps (QoS 0)
1783051603: trackhub-laravel-subscriber 0 trackhub/gps
1783051603: Sending SUBACK to trackhub-laravel-subscriber
1783051604: Received PUBLISH from esp32-gps-01-32a50528 (d0, q0, r0, m0, 'trackhub/gps', ... (271 bytes))
1783051604: Sending PUBLISH to trackhub-laravel-subscriber (d0, q0, r0, m0, 'trackhub/gps', ... (271 bytes))
1783051604: Received DISCONNECT from trackhub-laravel-subscriber
1783051604: Client trackhub-laravel-subscriber disconnected.
1783051606: Received PINGREQ from esp32-gps-01-32a50528
1783051606: Sending PINGRESP to esp32-gps-01-32a50528
1783051607: Received PUBLISH from esp32-gps-01-32a50528 (d0, q0, r0, m0, 'trackhub/gps', ... (271 bytes))
1783051609: New connection from 192.168.141.167:60576 on port 1883.
1783051609: New client connected from 192.168.141.167:60576 as trackhub-laravel-subscriber (p2, c1, k30).
1783051609: No will message specified.
1783051609: Sending CONNACK to trackhub-laravel-subscriber (0, 0)
1783051609: Received SUBSCRIBE from trackhub-laravel-subscriber
1783051609: 	trackhub/gps (QoS 0)
1783051609: trackhub-laravel-subscriber 0 trackhub/gps
1783051609: Sending SUBACK to trackhub-laravel-subscriber
1783051610: Received PUBLISH from esp32-gps-01-32a50528 (d0, q0, r0, m0, 'trackhub/gps', ... (271 bytes))
1783051610: Sending PUBLISH to trackhub-laravel-subscriber (d0, q0, r0, m0, 'trackhub/gps', ... (271 bytes))
1783051610: Received DISCONNECT from trackhub-laravel-subscriber
1783051610: Client trackhub-laravel-subscriber disconnected.
1783051613: Received PUBLISH from esp32-gps-01-32a50528 (d0, q0, r0, m0, 'trackhub/gps', ... (271 bytes))
1783051615: New connection from 192.168.141.167:64036 on port 1883.
1783051615: New client connected from 192.168.141.167:64036 as trackhub-laravel-subscriber (p2, c1, k30).
1783051615: No will message specified.
1783051615: Sending CONNACK to trackhub-laravel-subscriber (0, 0)
1783051615: Received SUBSCRIBE from trackhub-laravel-subscriber
1783051615: 	trackhub/gps (QoS 0)
1783051615: trackhub-laravel-subscriber 0 trackhub/gps
1783051615: Sending SUBACK to trackhub-laravel-subscriber
1783051616: Received PUBLISH from esp32-gps-01-32a50528 (d0, q0, r0, m0, 'trackhub/gps', ... (250 bytes))
1783051616: Sending PUBLISH to trackhub-laravel-subscriber (d0, q0, r0, m0, 'trackhub/gps', ... (250 bytes))
1783051616: Received DISCONNECT from trackhub-laravel-subscriber
1783051616: Client trackhub-laravel-subscriber disconnected.
1783051619: Received PUBLISH from esp32-gps-01-32a50528 (d0, q0, r0, m0, 'trackhub/gps', ... (271 bytes))
1783051621: Received PINGREQ from esp32-gps-01-32a50528
1783051621: Sending PINGRESP to esp32-gps-01-32a50528
1783051621: New connection from 192.168.141.167:62716 on port 1883.
1783051621: New client connected from 192.168.141.167:62716 as trackhub-laravel-subscriber (p2, c1, k30).
1783051621: No will message specified.
1783051621: Sending CONNACK to trackhub-laravel-subscriber (0, 0)
1783051621: Received SUBSCRIBE from trackhub-laravel-subscriber
1783051621: 	trackhub/gps (QoS 0)
1783051621: trackhub-laravel-subscriber 0 trackhub/gps
1783051621: Sending SUBACK to trackhub-laravel-subscriber
1783051622: Received PUBLISH from esp32-gps-01-32a50528 (d0, q0, r0, m0, 'trackhub/gps', ... (271 bytes))
1783051622: Sending PUBLISH to trackhub-laravel-subscriber (d0, q0, r0, m0, 'trackhub/gps', ... (271 bytes))
1783051622: Received DISCONNECT from trackhub-laravel-subscriber
1783051622: Client trackhub-laravel-subscriber disconnected.
1783051625: Received PUBLISH from esp32-gps-01-32a50528 (d0, q0, r0, m0, 'trackhub/gps', ... (250 bytes))
1783051627: New connection from 192.168.141.167:62717 on port 1883.
1783051627: New client connected from 192.168.141.167:62717 as trackhub-laravel-subscriber (p2, c1, k30).
1783051627: No will message specified.
1783051627: Sending CONNACK to trackhub-laravel-subscriber (0, 0)
1783051627: Received SUBSCRIBE from trackhub-laravel-subscriber
1783051627: 	trackhub/gps (QoS 0)
1783051627: trackhub-laravel-subscriber 0 trackhub/gps
1783051627: Sending SUBACK to trackhub-laravel-subscriber
1783051628: Received PUBLISH from esp32-gps-01-32a50528 (d0, q0, r0, m0, 'trackhub/gps', ... (250 bytes))
1783051628: Sending PUBLISH to trackhub-laravel-subscriber (d0, q0, r0, m0, 'trackhub/gps', ... (250 bytes))
1783051628: Received DISCONNECT from trackhub-laravel-subscriber
1783051628: Client trackhub-laravel-subscriber disconnected.
1783051631: Received PUBLISH from esp32-gps-01-32a50528 (d0, q0, r0, m0, 'trackhub/gps', ... (250 bytes))
1783051633: New connection from 192.168.141.167:60537 on port 1883.
1783051633: New client connected from 192.168.141.167:60537 as trackhub-laravel-subscriber (p2, c1, k30).
1783051633: No will message specified.
1783051633: Sending CONNACK to trackhub-laravel-subscriber (0, 0)
1783051633: Received SUBSCRIBE from trackhub-laravel-subscriber
1783051633: 	trackhub/gps (QoS 0)
1783051633: trackhub-laravel-subscriber 0 trackhub/gps
1783051633: Sending SUBACK to trackhub-laravel-subscriber
1783051634: Received PUBLISH from esp32-gps-01-32a50528 (d0, q0, r0, m0, 'trackhub/gps', ... (250 bytes))
1783051634: Sending PUBLISH to trackhub-laravel-subscriber (d0, q0, r0, m0, 'trackhub/gps', ... (250 bytes))
1783051634: Received DISCONNECT from trackhub-laravel-subscriber
1783051634: Client trackhub-laravel-subscriber disconnected.
1783051636: Received PINGREQ from esp32-gps-01-32a50528
1783051636: Sending PINGRESP to esp32-gps-01-32a50528
1783051638: Received PUBLISH from esp32-gps-01-32a50528 (d0, q0, r0, m0, 'trackhub/gps', ... (250 bytes))
1783051640: New connection from 192.168.141.167:60542 on port 1883.
1783051640: New client connected from 192.168.141.167:60542 as trackhub-laravel-subscriber (p2, c1, k30).
1783051640: No will message specified.
1783051640: Sending CONNACK to trackhub-laravel-subscriber (0, 0)
1783051640: Received SUBSCRIBE from trackhub-laravel-subscriber
1783051640: 	trackhub/gps (QoS 0)
1783051640: trackhub-laravel-subscriber 0 trackhub/gps
1783051640: Sending SUBACK to trackhub-laravel-subscriber
1783051641: Received PUBLISH from esp32-gps-01-32a50528 (d0, q0, r0, m0, 'trackhub/gps', ... (280 bytes))
1783051641: Sending PUBLISH to trackhub-laravel-subscriber (d0, q0, r0, m0, 'trackhub/gps', ... (280 bytes))
1783051641: Received DISCONNECT from trackhub-laravel-subscriber
1783051641: Client trackhub-laravel-subscriber disconnected.
1783051644: Received PUBLISH from esp32-gps-01-32a50528 (d0, q0, r0, m0, 'trackhub/gps', ... (280 bytes))
1783051646: New connection from 192.168.141.167:60543 on port 1883.
1783051646: New client connected from 192.168.141.167:60543 as trackhub-laravel-subscriber (p2, c1, k30).
1783051646: No will message specified.
1783051646: Sending CONNACK to trackhub-laravel-subscriber (0, 0)
1783051646: Received SUBSCRIBE from trackhub-laravel-subscriber
1783051646: 	trackhub/gps (QoS 0)
1783051646: trackhub-laravel-subscriber 0 trackhub/gps
1783051646: Sending SUBACK to trackhub-laravel-subscriber
1783051647: Received PUBLISH from esp32-gps-01-32a50528 (d0, q0, r0, m0, 'trackhub/gps', ... (243 bytes))
1783051647: Sending PUBLISH to trackhub-laravel-subscriber (d0, q0, r0, m0, 'trackhub/gps', ... (243 bytes))
1783051647: Received DISCONNECT from trackhub-laravel-subscriber
1783051647: Client trackhub-laravel-subscriber disconnected.
1783051650: Received PUBLISH from esp32-gps-01-32a50528 (d0, q0, r0, m0, 'trackhub/gps', ... (243 bytes))
1783051651: Received PINGREQ from esp32-gps-01-32a50528
1783051651: Sending PINGRESP to esp32-gps-01-32a50528
1783051652: New connection from 192.168.141.167:60544 on port 1883.
1783051652: New client connected from 192.168.141.167:60544 as trackhub-laravel-subscriber (p2, c1, k30).
1783051652: No will message specified.
1783051652: Sending CONNACK to trackhub-laravel-subscriber (0, 0)
1783051652: Received SUBSCRIBE from trackhub-laravel-subscriber
1783051652: 	trackhub/gps (QoS 0)
1783051652: trackhub-laravel-subscriber 0 trackhub/gps
1783051652: Sending SUBACK to trackhub-laravel-subscriber
1783051653: Received PUBLISH from esp32-gps-01-32a50528 (d0, q0, r0, m0, 'trackhub/gps', ... (243 bytes))
1783051653: Sending PUBLISH to trackhub-laravel-subscriber (d0, q0, r0, m0, 'trackhub/gps', ... (243 bytes))
1783051653: Received DISCONNECT from trackhub-laravel-subscriber
1783051653: Client trackhub-laravel-subscriber disconnected.
1783051656: Received PUBLISH from esp32-gps-01-32a50528 (d0, q0, r0, m0, 'trackhub/gps', ... (243 bytes))
1783051658: New connection from 192.168.141.167:60545 on port 1883.
1783051658: New client connected from 192.168.141.167:60545 as trackhub-laravel-subscriber (p2, c1, k30).
1783051658: No will message specified.
1783051658: Sending CONNACK to trackhub-laravel-subscriber (0, 0)
1783051658: Received SUBSCRIBE from trackhub-laravel-subscriber
1783051658: 	trackhub/gps (QoS 0)
1783051658: trackhub-laravel-subscriber 0 trackhub/gps
1783051658: Sending SUBACK to trackhub-laravel-subscriber
1783051659: Received PUBLISH from esp32-gps-01-32a50528 (d0, q0, r0, m0, 'trackhub/gps', ... (243 bytes))
1783051659: Sending PUBLISH to trackhub-laravel-subscriber (d0, q0, r0, m0, 'trackhub/gps', ... (243 bytes))
1783051659: Received DISCONNECT from trackhub-laravel-subscriber
1783051659: Client trackhub-laravel-subscriber disconnected.
1783051662: Received PUBLISH from esp32-gps-01-32a50528 (d0, q0, r0, m0, 'trackhub/gps', ... (235 bytes))
1783051664: New connection from 192.168.141.167:50330 on port 1883.
1783051664: New client connected from 192.168.141.167:50330 as trackhub-laravel-subscriber (p2, c1, k30).
1783051664: No will message specified.
1783051664: Sending CONNACK to trackhub-laravel-subscriber (0, 0)
1783051664: Received SUBSCRIBE from trackhub-laravel-subscriber
1783051664: 	trackhub/gps (QoS 0)
1783051664: trackhub-laravel-subscriber 0 trackhub/gps
1783051664: Sending SUBACK to trackhub-laravel-subscriber
1783051665: Received PUBLISH from esp32-gps-01-32a50528 (d0, q0, r0, m0, 'trackhub/gps', ... (235 bytes))
1783051665: Sending PUBLISH to trackhub-laravel-subscriber (d0, q0, r0, m0, 'trackhub/gps', ... (235 bytes))
1783051665: Received DISCONNECT from trackhub-laravel-subscriber
1783051665: Client trackhub-laravel-subscriber disconnected.
1783051666: Received PINGREQ from esp32-gps-01-32a50528
1783051666: Sending PINGRESP to esp32-gps-01-32a50528
1783051668: Received PUBLISH from esp32-gps-01-32a50528 (d0, q0, r0, m0, 'trackhub/gps', ... (235 bytes))
1783051670: New connection from 192.168.141.167:54935 on port 1883.
1783051670: New client connected from 192.168.141.167:54935 as trackhub-laravel-subscriber (p2, c1, k30).
1783051670: No will message specified.
1783051670: Sending CONNACK to trackhub-laravel-subscriber (0, 0)
1783051670: Received SUBSCRIBE from trackhub-laravel-subscriber
1783051670: 	trackhub/gps (QoS 0)
1783051670: trackhub-laravel-subscriber 0 trackhub/gps
1783051670: Sending SUBACK to trackhub-laravel-subscriber
1783051671: Received PUBLISH from esp32-gps-01-32a50528 (d0, q0, r0, m0, 'trackhub/gps', ... (235 bytes))
1783051671: Sending PUBLISH to trackhub-laravel-subscriber (d0, q0, r0, m0, 'trackhub/gps', ... (235 bytes))
1783051671: Received DISCONNECT from trackhub-laravel-subscriber
1783051671: Client trackhub-laravel-subscriber disconnected.
1783051674: Received PUBLISH from esp32-gps-01-32a50528 (d0, q0, r0, m0, 'trackhub/gps', ... (235 bytes))
1783051676: New connection from 192.168.141.167:54948 on port 1883.
1783051676: New client connected from 192.168.141.167:54948 as trackhub-laravel-subscriber (p2, c1, k30).
1783051676: No will message specified.
1783051676: Sending CONNACK to trackhub-laravel-subscriber (0, 0)
1783051676: Received SUBSCRIBE from trackhub-laravel-subscriber
1783051676: 	trackhub/gps (QoS 0)
1783051676: trackhub-laravel-subscriber 0 trackhub/gps
1783051676: Sending SUBACK to trackhub-laravel-subscriber
1783051677: Received PUBLISH from esp32-gps-01-32a50528 (d0, q0, r0, m0, 'trackhub/gps', ... (235 bytes))
1783051677: Sending PUBLISH to trackhub-laravel-subscriber (d0, q0, r0, m0, 'trackhub/gps', ... (235 bytes))
1783051677: Received DISCONNECT from trackhub-laravel-subscriber
1783051677: Client trackhub-laravel-subscriber disconnected.
1783051680: Received PUBLISH from esp32-gps-01-32a50528 (d0, q0, r0, m0, 'trackhub/gps', ... (278 bytes))
1783051681: Received PINGREQ from esp32-gps-01-32a50528
1783051681: Sending PINGRESP to esp32-gps-01-32a50528
1783051682: New connection from 192.168.141.167:58789 on port 1883.
1783051682: New client connected from 192.168.141.167:58789 as trackhub-laravel-subscriber (p2, c1, k30).
1783051682: No will message specified.
1783051682: Sending CONNACK to trackhub-laravel-subscriber (0, 0)
1783051682: Received SUBSCRIBE from trackhub-laravel-subscriber
1783051682: 	trackhub/gps (QoS 0)
1783051682: trackhub-laravel-subscriber 0 trackhub/gps
1783051682: Sending SUBACK to trackhub-laravel-subscriber
1783051683: Received PUBLISH from esp32-gps-01-32a50528 (d0, q0, r0, m0, 'trackhub/gps', ... (235 bytes))
1783051683: Sending PUBLISH to trackhub-laravel-subscriber (d0, q0, r0, m0, 'trackhub/gps', ... (235 bytes))
1783051683: Received DISCONNECT from trackhub-laravel-subscriber
1783051683: Client trackhub-laravel-subscriber disconnected.
1783051686: Received PUBLISH from esp32-gps-01-32a50528 (d0, q0, r0, m0, 'trackhub/gps', ... (278 bytes))
1783051688: New connection from 192.168.141.167:58791 on port 1883.
1783051688: New client connected from 192.168.141.167:58791 as trackhub-laravel-subscriber (p2, c1, k30).
1783051688: No will message specified.
1783051688: Sending CONNACK to trackhub-laravel-subscriber (0, 0)
1783051688: Received SUBSCRIBE from trackhub-laravel-subscriber
1783051688: 	trackhub/gps (QoS 0)
1783051688: trackhub-laravel-subscriber 0 trackhub/gps
1783051688: Sending SUBACK to trackhub-laravel-subscriber
1783051689: Received PUBLISH from esp32-gps-01-32a50528 (d0, q0, r0, m0, 'trackhub/gps', ... (257 bytes))
1783051689: Sending PUBLISH to trackhub-laravel-subscriber (d0, q0, r0, m0, 'trackhub/gps', ... (257 bytes))
1783051689: Received DISCONNECT from trackhub-laravel-subscriber
1783051689: Client trackhub-laravel-subscriber disconnected.
1783051692: Received PUBLISH from esp32-gps-01-32a50528 (d0, q0, r0, m0, 'trackhub/gps', ... (257 bytes))
1783051694: New connection from 192.168.141.167:58792 on port 1883.
1783051694: New client connected from 192.168.141.167:58792 as trackhub-laravel-subscriber (p2, c1, k30).
1783051694: No will message specified.
1783051694: Sending CONNACK to trackhub-laravel-subscriber (0, 0)
1783051694: Received SUBSCRIBE from trackhub-laravel-subscriber
1783051694: 	trackhub/gps (QoS 0)
1783051694: trackhub-laravel-subscriber 0 trackhub/gps
1783051694: Sending SUBACK to trackhub-laravel-subscriber
1783051695: Received PUBLISH from esp32-gps-01-32a50528 (d0, q0, r0, m0, 'trackhub/gps', ... (257 bytes))
1783051695: Sending PUBLISH to trackhub-laravel-subscriber (d0, q0, r0, m0, 'trackhub/gps', ... (257 bytes))
1783051695: Received DISCONNECT from trackhub-laravel-subscriber
1783051695: Client trackhub-laravel-subscriber disconnected.
1783051696: Received PINGREQ from esp32-gps-01-32a50528
1783051696: Sending PINGRESP to esp32-gps-01-32a50528
1783051698: Received PUBLISH from esp32-gps-01-32a50528 (d0, q0, r0, m0, 'trackhub/gps', ... (257 bytes))
1783051700: New connection from 192.168.141.167:63815 on port 1883.
1783051700: New client connected from 192.168.141.167:63815 as trackhub-laravel-subscriber (p2, c1, k30).
1783051700: No will message specified.
1783051700: Sending CONNACK to trackhub-laravel-subscriber (0, 0)
1783051700: Received SUBSCRIBE from trackhub-laravel-subscriber
1783051700: 	trackhub/gps (QoS 0)
1783051700: trackhub-laravel-subscriber 0 trackhub/gps
1783051700: Sending SUBACK to trackhub-laravel-subscriber
1783051701: Received PUBLISH from esp32-gps-01-32a50528 (d0, q0, r0, m0, 'trackhub/gps', ... (270 bytes))
1783051701: Sending PUBLISH to trackhub-laravel-subscriber (d0, q0, r0, m0, 'trackhub/gps', ... (270 bytes))
1783051701: Received DISCONNECT from trackhub-laravel-subscriber
1783051701: Client trackhub-laravel-subscriber disconnected.
1783051704: Received PUBLISH from esp32-gps-01-32a50528 (d0, q0, r0, m0, 'trackhub/gps', ... (257 bytes))
1783051706: New connection from 192.168.141.167:63816 on port 1883.
1783051706: New client connected from 192.168.141.167:63816 as trackhub-laravel-subscriber (p2, c1, k30).
1783051706: No will message specified.
1783051706: Sending CONNACK to trackhub-laravel-subscriber (0, 0)
1783051706: Received SUBSCRIBE from trackhub-laravel-subscriber
1783051706: 	trackhub/gps (QoS 0)
1783051706: trackhub-laravel-subscriber 0 trackhub/gps
1783051706: Sending SUBACK to trackhub-laravel-subscriber
1783051707: Received PUBLISH from esp32-gps-01-32a50528 (d0, q0, r0, m0, 'trackhub/gps', ... (270 bytes))
1783051707: Sending PUBLISH to trackhub-laravel-subscriber (d0, q0, r0, m0, 'trackhub/gps', ... (270 bytes))
1783051707: Received DISCONNECT from trackhub-laravel-subscriber
1783051707: Client trackhub-laravel-subscriber disconnected.
1783051710: Received PUBLISH from esp32-gps-01-32a50528 (d0, q0, r0, m0, 'trackhub/gps', ... (270 bytes))
1783051711: Received PINGREQ from esp32-gps-01-32a50528
1783051711: Sending PINGRESP to esp32-gps-01-32a50528
1783051712: New connection from 192.168.141.167:59598 on port 1883.
1783051712: New client connected from 192.168.141.167:59598 as trackhub-laravel-subscriber (p2, c1, k30).
1783051712: No will message specified.
1783051712: Sending CONNACK to trackhub-laravel-subscriber (0, 0)
1783051712: Received SUBSCRIBE from trackhub-laravel-subscriber
1783051712: 	trackhub/gps (QoS 0)
1783051712: trackhub-laravel-subscriber 0 trackhub/gps
1783051712: Sending SUBACK to trackhub-laravel-subscriber
1783051713: Received PUBLISH from esp32-gps-01-32a50528 (d0, q0, r0, m0, 'trackhub/gps', ... (257 bytes))
1783051713: Sending PUBLISH to trackhub-laravel-subscriber (d0, q0, r0, m0, 'trackhub/gps', ... (257 bytes))
1783051713: Received DISCONNECT from trackhub-laravel-subscriber
1783051713: Client trackhub-laravel-subscriber disconnected.
1783051716: Received PUBLISH from esp32-gps-01-32a50528 (d0, q0, r0, m0, 'trackhub/gps', ... (261 bytes))
1783051718: New connection from 192.168.141.167:52220 on port 1883.
1783051718: New client connected from 192.168.141.167:52220 as trackhub-laravel-subscriber (p2, c1, k30).
1783051718: No will message specified.
1783051718: Sending CONNACK to trackhub-laravel-subscriber (0, 0)
1783051718: Received SUBSCRIBE from trackhub-laravel-subscriber
1783051718: 	trackhub/gps (QoS 0)
1783051718: trackhub-laravel-subscriber 0 trackhub/gps
1783051718: Sending SUBACK to trackhub-laravel-subscriber
1783051719: Received PUBLISH from esp32-gps-01-32a50528 (d0, q0, r0, m0, 'trackhub/gps', ... (261 bytes))
1783051719: Sending PUBLISH to trackhub-laravel-subscriber (d0, q0, r0, m0, 'trackhub/gps', ... (261 bytes))
1783051719: Received DISCONNECT from trackhub-laravel-subscriber
1783051719: Client trackhub-laravel-subscriber disconnected.
1783051722: Received PUBLISH from esp32-gps-01-32a50528 (d0, q0, r0, m0, 'trackhub/gps', ... (261 bytes))
1783051724: New connection from 192.168.141.167:58252 on port 1883.
1783051724: New client connected from 192.168.141.167:58252 as trackhub-laravel-subscriber (p2, c1, k30).
1783051724: No will message specified.
1783051724: Sending CONNACK to trackhub-laravel-subscriber (0, 0)
1783051724: Received SUBSCRIBE from trackhub-laravel-subscriber
1783051724: 	trackhub/gps (QoS 0)
1783051724: trackhub-laravel-subscriber 0 trackhub/gps
1783051724: Sending SUBACK to trackhub-laravel-subscriber
1783051725: Received PUBLISH from esp32-gps-01-32a50528 (d0, q0, r0, m0, 'trackhub/gps', ... (261 bytes))
1783051725: Sending PUBLISH to trackhub-laravel-subscriber (d0, q0, r0, m0, 'trackhub/gps', ... (261 bytes))
1783051725: Received DISCONNECT from trackhub-laravel-subscriber
1783051725: Client trackhub-laravel-subscriber disconnected.
1783051726: Received PINGREQ from esp32-gps-01-32a50528
1783051726: Sending PINGRESP to esp32-gps-01-32a50528
1783051728: Received PUBLISH from esp32-gps-01-32a50528 (d0, q0, r0, m0, 'trackhub/gps', ... (276 bytes))
1783051730: New connection from 192.168.141.167:58253 on port 1883.
1783051730: New client connected from 192.168.141.167:58253 as trackhub-laravel-subscriber (p2, c1, k30).
1783051730: No will message specified.
1783051730: Sending CONNACK to trackhub-laravel-subscriber (0, 0)
1783051730: Received SUBSCRIBE from trackhub-laravel-subscriber
1783051730: 	trackhub/gps (QoS 0)
1783051730: trackhub-laravel-subscriber 0 trackhub/gps
1783051730: Sending SUBACK to trackhub-laravel-subscriber
1783051731: Received PUBLISH from esp32-gps-01-32a50528 (d0, q0, r0, m0, 'trackhub/gps', ... (276 bytes))
1783051731: Sending PUBLISH to trackhub-laravel-subscriber (d0, q0, r0, m0, 'trackhub/gps', ... (276 bytes))
1783051731: Received DISCONNECT from trackhub-laravel-subscriber
1783051731: Client trackhub-laravel-subscriber disconnected.
1783051734: Received PUBLISH from esp32-gps-01-32a50528 (d0, q0, r0, m0, 'trackhub/gps', ... (276 bytes))
1783051736: New connection from 192.168.141.167:59960 on port 1883.
1783051736: New client connected from 192.168.141.167:59960 as trackhub-laravel-subscriber (p2, c1, k30).
1783051736: No will message specified.
1783051736: Sending CONNACK to trackhub-laravel-subscriber (0, 0)
1783051736: Received SUBSCRIBE from trackhub-laravel-subscriber
1783051736: 	trackhub/gps (QoS 0)
1783051736: trackhub-laravel-subscriber 0 trackhub/gps
1783051736: Sending SUBACK to trackhub-laravel-subscriber
1783051737: Received PUBLISH from esp32-gps-01-32a50528 (d0, q0, r0, m0, 'trackhub/gps', ... (276 bytes))
1783051737: Sending PUBLISH to trackhub-laravel-subscriber (d0, q0, r0, m0, 'trackhub/gps', ... (276 bytes))
1783051737: Received DISCONNECT from trackhub-laravel-subscriber
1783051737: Client trackhub-laravel-subscriber disconnected.
1783051740: Received PUBLISH from esp32-gps-01-32a50528 (d0, q0, r0, m0, 'trackhub/gps', ... (271 bytes))
1783051741: Received PINGREQ from esp32-gps-01-32a50528
1783051741: Sending PINGRESP to esp32-gps-01-32a50528
1783051742: New connection from 192.168.141.167:59961 on port 1883.
1783051742: New client connected from 192.168.141.167:59961 as trackhub-laravel-subscriber (p2, c1, k30).
1783051742: No will message specified.
1783051742: Sending CONNACK to trackhub-laravel-subscriber (0, 0)
1783051742: Received SUBSCRIBE from trackhub-laravel-subscriber
1783051742: 	trackhub/gps (QoS 0)
1783051742: trackhub-laravel-subscriber 0 trackhub/gps
1783051742: Sending SUBACK to trackhub-laravel-subscriber
1783051743: Received PUBLISH from esp32-gps-01-32a50528 (d0, q0, r0, m0, 'trackhub/gps', ... (274 bytes))
1783051743: Sending PUBLISH to trackhub-laravel-subscriber (d0, q0, r0, m0, 'trackhub/gps', ... (274 bytes))
1783051743: Received DISCONNECT from trackhub-laravel-subscriber
1783051743: Client trackhub-laravel-subscriber disconnected.
1783051746: Received PUBLISH from esp32-gps-01-32a50528 (d0, q0, r0, m0, 'trackhub/gps', ... (274 bytes))
1783051748: New connection from 192.168.141.167:59962 on port 1883.
1783051748: New client connected from 192.168.141.167:59962 as trackhub-laravel-subscriber (p2, c1, k30).
1783051748: No will message specified.
1783051748: Sending CONNACK to trackhub-laravel-subscriber (0, 0)
1783051748: Received SUBSCRIBE from trackhub-laravel-subscriber
1783051748: 	trackhub/gps (QoS 0)
1783051748: trackhub-laravel-subscriber 0 trackhub/gps
1783051748: Sending SUBACK to trackhub-laravel-subscriber
1783051749: Received PUBLISH from esp32-gps-01-32a50528 (d0, q0, r0, m0, 'trackhub/gps', ... (274 bytes))
1783051749: Sending PUBLISH to trackhub-laravel-subscriber (d0, q0, r0, m0, 'trackhub/gps', ... (274 bytes))
1783051749: Received DISCONNECT from trackhub-laravel-subscriber
1783051749: Client trackhub-laravel-subscriber disconnected.
1783051752: Received PUBLISH from esp32-gps-01-32a50528 (d0, q0, r0, m0, 'trackhub/gps', ... (274 bytes))
1783051754: New connection from 192.168.141.167:59963 on port 1883.
1783051754: New client connected from 192.168.141.167:59963 as trackhub-laravel-subscriber (p2, c1, k30).
1783051754: No will message specified.
1783051754: Sending CONNACK to trackhub-laravel-subscriber (0, 0)
1783051754: Received SUBSCRIBE from trackhub-laravel-subscriber
1783051754: 	trackhub/gps (QoS 0)
1783051754: trackhub-laravel-subscriber 0 trackhub/gps
1783051754: Sending SUBACK to trackhub-laravel-subscriber
1783051755: Received PUBLISH from esp32-gps-01-32a50528 (d0, q0, r0, m0, 'trackhub/gps', ... (274 bytes))
1783051755: Sending PUBLISH to trackhub-laravel-subscriber (d0, q0, r0, m0, 'trackhub/gps', ... (274 bytes))
1783051755: Received DISCONNECT from trackhub-laravel-subscriber
1783051755: Client trackhub-laravel-subscriber disconnected.
1783051756: Received PINGREQ from esp32-gps-01-32a50528
1783051756: Sending PINGRESP to esp32-gps-01-32a50528
1783051758: Received PUBLISH from esp32-gps-01-32a50528 (d0, q0, r0, m0, 'trackhub/gps', ... (274 bytes))
1783051760: New connection from 192.168.141.167:59964 on port 1883.
1783051760: New client connected from 192.168.141.167:59964 as trackhub-laravel-subscriber (p2, c1, k30).
1783051760: No will message specified.
1783051760: Sending CONNACK to trackhub-laravel-subscriber (0, 0)
1783051760: Received SUBSCRIBE from trackhub-laravel-subscriber
1783051760: 	trackhub/gps (QoS 0)
1783051760: trackhub-laravel-subscriber 0 trackhub/gps
1783051760: Sending SUBACK to trackhub-laravel-subscriber
1783051761: Received PUBLISH from esp32-gps-01-32a50528 (d0, q0, r0, m0, 'trackhub/gps', ... (279 bytes))
1783051761: Sending PUBLISH to trackhub-laravel-subscriber (d0, q0, r0, m0, 'trackhub/gps', ... (279 bytes))
1783051761: Received DISCONNECT from trackhub-laravel-subscriber
1783051761: Client trackhub-laravel-subscriber disconnected.
1783051764: Received PUBLISH from esp32-gps-01-32a50528 (d0, q0, r0, m0, 'trackhub/gps', ... (279 bytes))
1783051766: New connection from 192.168.141.167:59965 on port 1883.
1783051766: New client connected from 192.168.141.167:59965 as trackhub-laravel-subscriber (p2, c1, k30).
1783051766: No will message specified.
1783051766: Sending CONNACK to trackhub-laravel-subscriber (0, 0)
1783051766: Received SUBSCRIBE from trackhub-laravel-subscriber
1783051766: 	trackhub/gps (QoS 0)
1783051766: trackhub-laravel-subscriber 0 trackhub/gps
1783051766: Sending SUBACK to trackhub-laravel-subscriber
1783051767: Received PUBLISH from esp32-gps-01-32a50528 (d0, q0, r0, m0, 'trackhub/gps', ... (279 bytes))
1783051767: Sending PUBLISH to trackhub-laravel-subscriber (d0, q0, r0, m0, 'trackhub/gps', ... (279 bytes))
1783051767: Received DISCONNECT from trackhub-laravel-subscriber
1783051767: Client trackhub-laravel-subscriber disconnected.
1783051770: Received PUBLISH from esp32-gps-01-32a50528 (d0, q0, r0, m0, 'trackhub/gps', ... (279 bytes))
1783051771: Received PINGREQ from esp32-gps-01-32a50528
1783051771: Sending PINGRESP to esp32-gps-01-32a50528
1783051772: New connection from 192.168.141.167:51913 on port 1883.
1783051772: New client connected from 192.168.141.167:51913 as trackhub-laravel-subscriber (p2, c1, k30).
1783051772: No will message specified.
1783051772: Sending CONNACK to trackhub-laravel-subscriber (0, 0)
1783051772: Received SUBSCRIBE from trackhub-laravel-subscriber
1783051772: 	trackhub/gps (QoS 0)
1783051772: trackhub-laravel-subscriber 0 trackhub/gps
1783051772: Sending SUBACK to trackhub-laravel-subscriber
1783051773: Received PUBLISH from esp32-gps-01-32a50528 (d0, q0, r0, m0, 'trackhub/gps', ... (271 bytes))
1783051773: Sending PUBLISH to trackhub-laravel-subscriber (d0, q0, r0, m0, 'trackhub/gps', ... (271 bytes))
1783051773: Received DISCONNECT from trackhub-laravel-subscriber
1783051773: Client trackhub-laravel-subscriber disconnected.
1783051776: Received PUBLISH from esp32-gps-01-32a50528 (d0, q0, r0, m0, 'trackhub/gps', ... (271 bytes))
1783051778: New connection from 192.168.141.167:51914 on port 1883.
1783051778: New client connected from 192.168.141.167:51914 as trackhub-laravel-subscriber (p2, c1, k30).
1783051778: No will message specified.
1783051778: Sending CONNACK to trackhub-laravel-subscriber (0, 0)
1783051778: Received SUBSCRIBE from trackhub-laravel-subscriber
1783051778: 	trackhub/gps (QoS 0)
1783051778: trackhub-laravel-subscriber 0 trackhub/gps
1783051778: Sending SUBACK to trackhub-laravel-subscriber
1783051779: Received PUBLISH from esp32-gps-01-32a50528 (d0, q0, r0, m0, 'trackhub/gps', ... (271 bytes))
1783051779: Sending PUBLISH to trackhub-laravel-subscriber (d0, q0, r0, m0, 'trackhub/gps', ... (271 bytes))
1783051779: Received DISCONNECT from trackhub-laravel-subscriber
1783051779: Client trackhub-laravel-subscriber disconnected.
1783051782: Received PUBLISH from esp32-gps-01-32a50528 (d0, q0, r0, m0, 'trackhub/gps', ... (271 bytes))
1783051784: New connection from 192.168.141.167:50212 on port 1883.
1783051784: New client connected from 192.168.141.167:50212 as trackhub-laravel-subscriber (p2, c1, k30).
1783051784: No will message specified.
1783051784: Sending CONNACK to trackhub-laravel-subscriber (0, 0)
1783051784: Received SUBSCRIBE from trackhub-laravel-subscriber
1783051784: 	trackhub/gps (QoS 0)
1783051784: trackhub-laravel-subscriber 0 trackhub/gps
1783051784: Sending SUBACK to trackhub-laravel-subscriber
1783051785: Received PUBLISH from esp32-gps-01-32a50528 (d0, q0, r0, m0, 'trackhub/gps', ... (271 bytes))
1783051785: Sending PUBLISH to trackhub-laravel-subscriber (d0, q0, r0, m0, 'trackhub/gps', ... (271 bytes))
1783051785: Received DISCONNECT from trackhub-laravel-subscriber
1783051785: Client trackhub-laravel-subscriber disconnected.
1783051786: Received PINGREQ from esp32-gps-01-32a50528
1783051786: Sending PINGRESP to esp32-gps-01-32a50528
1783051788: Received PUBLISH from esp32-gps-01-32a50528 (d0, q0, r0, m0, 'trackhub/gps', ... (271 bytes))
1783051790: New connection from 192.168.141.167:50213 on port 1883.
1783051790: New client connected from 192.168.141.167:50213 as trackhub-laravel-subscriber (p2, c1, k30).
1783051790: No will message specified.
1783051790: Sending CONNACK to trackhub-laravel-subscriber (0, 0)
1783051790: Received SUBSCRIBE from trackhub-laravel-subscriber
1783051790: 	trackhub/gps (QoS 0)
1783051790: trackhub-laravel-subscriber 0 trackhub/gps
1783051790: Sending SUBACK to trackhub-laravel-subscriber
1783051791: Received PUBLISH from esp32-gps-01-32a50528 (d0, q0, r0, m0, 'trackhub/gps', ... (271 bytes))
1783051791: Sending PUBLISH to trackhub-laravel-subscriber (d0, q0, r0, m0, 'trackhub/gps', ... (271 bytes))
1783051791: Received DISCONNECT from trackhub-laravel-subscriber
1783051791: Client trackhub-laravel-subscriber disconnected.
1783051794: Received PUBLISH from esp32-gps-01-32a50528 (d0, q0, r0, m0, 'trackhub/gps', ... (271 bytes))
1783051796: New connection from 192.168.141.167:64708 on port 1883.
1783051796: New client connected from 192.168.141.167:64708 as trackhub-laravel-subscriber (p2, c1, k30).
1783051796: No will message specified.
1783051796: Sending CONNACK to trackhub-laravel-subscriber (0, 0)
1783051796: Received SUBSCRIBE from trackhub-laravel-subscriber
1783051796: 	trackhub/gps (QoS 0)
1783051796: trackhub-laravel-subscriber 0 trackhub/gps
1783051796: Sending SUBACK to trackhub-laravel-subscriber
1783051797: Received PUBLISH from esp32-gps-01-32a50528 (d0, q0, r0, m0, 'trackhub/gps', ... (271 bytes))
1783051797: Sending PUBLISH to trackhub-laravel-subscriber (d0, q0, r0, m0, 'trackhub/gps', ... (271 bytes))
1783051797: Received DISCONNECT from trackhub-laravel-subscriber
1783051797: Client trackhub-laravel-subscriber disconnected.
1783051800: Received PUBLISH from esp32-gps-01-32a50528 (d0, q0, r0, m0, 'trackhub/gps', ... (263 bytes))
1783051801: Received PINGREQ from esp32-gps-01-32a50528
1783051801: Sending PINGRESP to esp32-gps-01-32a50528
1783051802: New connection from 192.168.141.167:54799 on port 1883.
1783051802: New client connected from 192.168.141.167:54799 as trackhub-laravel-subscriber (p2, c1, k30).
1783051802: No will message specified.
1783051802: Sending CONNACK to trackhub-laravel-subscriber (0, 0)
1783051802: Received SUBSCRIBE from trackhub-laravel-subscriber
1783051802: 	trackhub/gps (QoS 0)
1783051802: trackhub-laravel-subscriber 0 trackhub/gps
1783051802: Sending SUBACK to trackhub-laravel-subscriber
1783051803: Received PUBLISH from esp32-gps-01-32a50528 (d0, q0, r0, m0, 'trackhub/gps', ... (263 bytes))
1783051803: Sending PUBLISH to trackhub-laravel-subscriber (d0, q0, r0, m0, 'trackhub/gps', ... (263 bytes))
1783051803: Received DISCONNECT from trackhub-laravel-subscriber
1783051803: Client trackhub-laravel-subscriber disconnected.
1783051806: Received PUBLISH from esp32-gps-01-32a50528 (d0, q0, r0, m0, 'trackhub/gps', ... (263 bytes))
1783051808: New connection from 192.168.141.167:49178 on port 1883.
1783051808: New client connected from 192.168.141.167:49178 as trackhub-laravel-subscriber (p2, c1, k30).
1783051808: No will message specified.
1783051808: Sending CONNACK to trackhub-laravel-subscriber (0, 0)
1783051808: Received SUBSCRIBE from trackhub-laravel-subscriber
1783051808: 	trackhub/gps (QoS 0)
1783051808: trackhub-laravel-subscriber 0 trackhub/gps
1783051808: Sending SUBACK to trackhub-laravel-subscriber
1783051809: Received PUBLISH from esp32-gps-01-32a50528 (d0, q0, r0, m0, 'trackhub/gps', ... (271 bytes))
1783051809: Sending PUBLISH to trackhub-laravel-subscriber (d0, q0, r0, m0, 'trackhub/gps', ... (271 bytes))
1783051809: Received DISCONNECT from trackhub-laravel-subscriber
1783051809: Client trackhub-laravel-subscriber disconnected.
1783051812: Received PUBLISH from esp32-gps-01-32a50528 (d0, q0, r0, m0, 'trackhub/gps', ... (263 bytes))
1783051814: New connection from 192.168.141.167:50945 on port 1883.
1783051814: New client connected from 192.168.141.167:50945 as trackhub-laravel-subscriber (p2, c1, k30).
1783051814: No will message specified.
1783051814: Sending CONNACK to trackhub-laravel-subscriber (0, 0)
1783051814: Received SUBSCRIBE from trackhub-laravel-subscriber
1783051814: 	trackhub/gps (QoS 0)
1783051814: trackhub-laravel-subscriber 0 trackhub/gps
1783051814: Sending SUBACK to trackhub-laravel-subscriber
1783051815: Received PUBLISH from esp32-gps-01-32a50528 (d0, q0, r0, m0, 'trackhub/gps', ... (263 bytes))
1783051815: Sending PUBLISH to trackhub-laravel-subscriber (d0, q0, r0, m0, 'trackhub/gps', ... (263 bytes))
1783051816: Received DISCONNECT from trackhub-laravel-subscriber
1783051816: Client trackhub-laravel-subscriber disconnected.
1783051816: Received PINGREQ from esp32-gps-01-32a50528
1783051816: Sending PINGRESP to esp32-gps-01-32a50528
1783051819: Received PUBLISH from esp32-gps-01-32a50528 (d0, q0, r0, m0, 'trackhub/gps', ... (271 bytes))
1783051821: New connection from 192.168.141.167:50946 on port 1883.
1783051821: New client connected from 192.168.141.167:50946 as trackhub-laravel-subscriber (p2, c1, k30).
1783051821: No will message specified.
1783051821: Sending CONNACK to trackhub-laravel-subscriber (0, 0)
1783051821: Received SUBSCRIBE from trackhub-laravel-subscriber
1783051821: 	trackhub/gps (QoS 0)
1783051821: trackhub-laravel-subscriber 0 trackhub/gps
1783051821: Sending SUBACK to trackhub-laravel-subscriber
1783051822: Received PUBLISH from esp32-gps-01-32a50528 (d0, q0, r0, m0, 'trackhub/gps', ... (271 bytes))
1783051822: Sending PUBLISH to trackhub-laravel-subscriber (d0, q0, r0, m0, 'trackhub/gps', ... (271 bytes))
1783051822: Received DISCONNECT from trackhub-laravel-subscriber
1783051822: Client trackhub-laravel-subscriber disconnected.
1783051825: Received PUBLISH from esp32-gps-01-32a50528 (d0, q0, r0, m0, 'trackhub/gps', ... (242 bytes))
1783051827: New connection from 192.168.141.167:54773 on port 1883.
1783051827: New client connected from 192.168.141.167:54773 as trackhub-laravel-subscriber (p2, c1, k30).
1783051827: No will message specified.
1783051827: Sending CONNACK to trackhub-laravel-subscriber (0, 0)
1783051827: Received SUBSCRIBE from trackhub-laravel-subscriber
1783051827: 	trackhub/gps (QoS 0)
1783051827: trackhub-laravel-subscriber 0 trackhub/gps
1783051827: Sending SUBACK to trackhub-laravel-subscriber
1783051828: Received PUBLISH from esp32-gps-01-32a50528 (d0, q0, r0, m0, 'trackhub/gps', ... (279 bytes))
1783051828: Sending PUBLISH to trackhub-laravel-subscriber (d0, q0, r0, m0, 'trackhub/gps', ... (279 bytes))
1783051828: Received DISCONNECT from trackhub-laravel-subscriber
1783051828: Client trackhub-laravel-subscriber disconnected.
1783051831: Received PUBLISH from esp32-gps-01-32a50528 (d0, q0, r0, m0, 'trackhub/gps', ... (243 bytes))
1783051831: Received PINGREQ from esp32-gps-01-32a50528
1783051831: Sending PINGRESP to esp32-gps-01-32a50528
1783051833: New connection from 192.168.141.167:54774 on port 1883.
1783051833: New client connected from 192.168.141.167:54774 as trackhub-laravel-subscriber (p2, c1, k30).
1783051833: No will message specified.
1783051833: Sending CONNACK to trackhub-laravel-subscriber (0, 0)
1783051833: Received SUBSCRIBE from trackhub-laravel-subscriber
1783051833: 	trackhub/gps (QoS 0)
1783051833: trackhub-laravel-subscriber 0 trackhub/gps
1783051833: Sending SUBACK to trackhub-laravel-subscriber
1783051834: Received PUBLISH from esp32-gps-01-32a50528 (d0, q0, r0, m0, 'trackhub/gps', ... (243 bytes))
1783051834: Sending PUBLISH to trackhub-laravel-subscriber (d0, q0, r0, m0, 'trackhub/gps', ... (243 bytes))
1783051834: Received DISCONNECT from trackhub-laravel-subscriber
1783051834: Client trackhub-laravel-subscriber disconnected.
1783051837: Received PUBLISH from esp32-gps-01-32a50528 (d0, q0, r0, m0, 'trackhub/gps', ... (235 bytes))
1783051839: New connection from 192.168.141.167:55106 on port 1883.
1783051839: New client connected from 192.168.141.167:55106 as trackhub-laravel-subscriber (p2, c1, k30).
1783051839: No will message specified.
1783051839: Sending CONNACK to trackhub-laravel-subscriber (0, 0)
1783051839: Received SUBSCRIBE from trackhub-laravel-subscriber
1783051839: 	trackhub/gps (QoS 0)
1783051839: trackhub-laravel-subscriber 0 trackhub/gps
1783051839: Sending SUBACK to trackhub-laravel-subscriber
1783051840: Received PUBLISH from esp32-gps-01-32a50528 (d0, q0, r0, m0, 'trackhub/gps', ... (235 bytes))
1783051840: Sending PUBLISH to trackhub-laravel-subscriber (d0, q0, r0, m0, 'trackhub/gps', ... (235 bytes))
1783051840: Received DISCONNECT from trackhub-laravel-subscriber
1783051840: Client trackhub-laravel-subscriber disconnected.
1783051843: Received PUBLISH from esp32-gps-01-32a50528 (d0, q0, r0, m0, 'trackhub/gps', ... (235 bytes))
1783051845: New connection from 192.168.141.167:59145 on port 1883.
1783051845: New client connected from 192.168.141.167:59145 as trackhub-laravel-subscriber (p2, c1, k30).
1783051845: No will message specified.
1783051845: Sending CONNACK to trackhub-laravel-subscriber (0, 0)
1783051845: Received SUBSCRIBE from trackhub-laravel-subscriber
1783051845: 	trackhub/gps (QoS 0)
1783051845: trackhub-laravel-subscriber 0 trackhub/gps
1783051845: Sending SUBACK to trackhub-laravel-subscriber
1783051846: Received PUBLISH from esp32-gps-01-32a50528 (d0, q0, r0, m0, 'trackhub/gps', ... (235 bytes))
1783051846: Sending PUBLISH to trackhub-laravel-subscriber (d0, q0, r0, m0, 'trackhub/gps', ... (235 bytes))
1783051846: Received DISCONNECT from trackhub-laravel-subscriber
1783051846: Client trackhub-laravel-subscriber disconnected.
1783051846: Received PINGREQ from esp32-gps-01-32a50528
1783051846: Sending PINGRESP to esp32-gps-01-32a50528
1783051849: Received PUBLISH from esp32-gps-01-32a50528 (d0, q0, r0, m0, 'trackhub/gps', ... (235 bytes))
1783051851: New connection from 192.168.141.167:65385 on port 1883.
1783051851: New client connected from 192.168.141.167:65385 as trackhub-laravel-subscriber (p2, c1, k30).
1783051851: No will message specified.
1783051851: Sending CONNACK to trackhub-laravel-subscriber (0, 0)
1783051851: Received SUBSCRIBE from trackhub-laravel-subscriber
1783051851: 	trackhub/gps (QoS 0)
1783051851: trackhub-laravel-subscriber 0 trackhub/gps
1783051851: Sending SUBACK to trackhub-laravel-subscriber
1783051852: Received PUBLISH from esp32-gps-01-32a50528 (d0, q0, r0, m0, 'trackhub/gps', ... (235 bytes))
1783051852: Sending PUBLISH to trackhub-laravel-subscriber (d0, q0, r0, m0, 'trackhub/gps', ... (235 bytes))
1783051852: Received DISCONNECT from trackhub-laravel-subscriber
1783051852: Client trackhub-laravel-subscriber disconnected.
1783051855: Received PUBLISH from esp32-gps-01-32a50528 (d0, q0, r0, m0, 'trackhub/gps', ... (235 bytes))
1783051857: New connection from 192.168.141.167:53161 on port 1883.
1783051857: New client connected from 192.168.141.167:53161 as trackhub-laravel-subscriber (p2, c1, k30).
1783051857: No will message specified.
1783051857: Sending CONNACK to trackhub-laravel-subscriber (0, 0)
1783051857: Received SUBSCRIBE from trackhub-laravel-subscriber
1783051857: 	trackhub/gps (QoS 0)
1783051857: trackhub-laravel-subscriber 0 trackhub/gps
1783051857: Sending SUBACK to trackhub-laravel-subscriber
1783051858: Received PUBLISH from esp32-gps-01-32a50528 (d0, q0, r0, m0, 'trackhub/gps', ... (235 bytes))
1783051858: Sending PUBLISH to trackhub-laravel-subscriber (d0, q0, r0, m0, 'trackhub/gps', ... (235 bytes))
1783051858: Received DISCONNECT from trackhub-laravel-subscriber
1783051858: Client trackhub-laravel-subscriber disconnected.
1783051861: Received PUBLISH from esp32-gps-01-32a50528 (d0, q0, r0, m0, 'trackhub/gps', ... (278 bytes))
1783051861: Received PINGREQ from esp32-gps-01-32a50528
1783051861: Sending PINGRESP to esp32-gps-01-32a50528
1783051863: New connection from 192.168.141.167:62640 on port 1883.
1783051863: New client connected from 192.168.141.167:62640 as trackhub-laravel-subscriber (p2, c1, k30).
1783051863: No will message specified.
1783051863: Sending CONNACK to trackhub-laravel-subscriber (0, 0)
1783051863: Received SUBSCRIBE from trackhub-laravel-subscriber
1783051863: 	trackhub/gps (QoS 0)
1783051863: trackhub-laravel-subscriber 0 trackhub/gps
1783051863: Sending SUBACK to trackhub-laravel-subscriber
1783051864: Received PUBLISH from esp32-gps-01-32a50528 (d0, q0, r0, m0, 'trackhub/gps', ... (278 bytes))
1783051864: Sending PUBLISH to trackhub-laravel-subscriber (d0, q0, r0, m0, 'trackhub/gps', ... (278 bytes))
1783051864: Received DISCONNECT from trackhub-laravel-subscriber
1783051864: Client trackhub-laravel-subscriber disconnected.
1783051867: Received PUBLISH from esp32-gps-01-32a50528 (d0, q0, r0, m0, 'trackhub/gps', ... (257 bytes))
1783051869: New connection from 192.168.141.167:53830 on port 1883.
1783051869: New client connected from 192.168.141.167:53830 as trackhub-laravel-subscriber (p2, c1, k30).
1783051869: No will message specified.
1783051869: Sending CONNACK to trackhub-laravel-subscriber (0, 0)
1783051869: Received SUBSCRIBE from trackhub-laravel-subscriber
1783051869: 	trackhub/gps (QoS 0)
1783051869: trackhub-laravel-subscriber 0 trackhub/gps
1783051869: Sending SUBACK to trackhub-laravel-subscriber
1783051870: Received PUBLISH from esp32-gps-01-32a50528 (d0, q0, r0, m0, 'trackhub/gps', ... (257 bytes))
1783051870: Sending PUBLISH to trackhub-laravel-subscriber (d0, q0, r0, m0, 'trackhub/gps', ... (257 bytes))
1783051870: Received DISCONNECT from trackhub-laravel-subscriber
1783051870: Client trackhub-laravel-subscriber disconnected.
1783051873: Received PUBLISH from esp32-gps-01-32a50528 (d0, q0, r0, m0, 'trackhub/gps', ... (257 bytes))
1783051875: New connection from 192.168.141.167:57040 on port 1883.
1783051875: New client connected from 192.168.141.167:57040 as trackhub-laravel-subscriber (p2, c1, k30).
1783051875: No will message specified.
1783051875: Sending CONNACK to trackhub-laravel-subscriber (0, 0)
1783051875: Received SUBSCRIBE from trackhub-laravel-subscriber
1783051875: 	trackhub/gps (QoS 0)
1783051875: trackhub-laravel-subscriber 0 trackhub/gps
1783051875: Sending SUBACK to trackhub-laravel-subscriber
1783051876: Received PUBLISH from esp32-gps-01-32a50528 (d0, q0, r0, m0, 'trackhub/gps', ... (257 bytes))
1783051876: Sending PUBLISH to trackhub-laravel-subscriber (d0, q0, r0, m0, 'trackhub/gps', ... (257 bytes))
1783051876: Received DISCONNECT from trackhub-laravel-subscriber
1783051876: Client trackhub-laravel-subscriber disconnected.
1783051876: Received PINGREQ from esp32-gps-01-32a50528
1783051876: Sending PINGRESP to esp32-gps-01-32a50528
1783051879: Received PUBLISH from esp32-gps-01-32a50528 (d0, q0, r0, m0, 'trackhub/gps', ... (257 bytes))
1783051881: New connection from 192.168.141.167:57041 on port 1883.
1783051881: New client connected from 192.168.141.167:57041 as trackhub-laravel-subscriber (p2, c1, k30).
1783051881: No will message specified.
1783051881: Sending CONNACK to trackhub-laravel-subscriber (0, 0)
1783051881: Received SUBSCRIBE from trackhub-laravel-subscriber
1783051881: 	trackhub/gps (QoS 0)
1783051881: trackhub-laravel-subscriber 0 trackhub/gps
1783051881: Sending SUBACK to trackhub-laravel-subscriber
1783051882: Received PUBLISH from esp32-gps-01-32a50528 (d0, q0, r0, m0, 'trackhub/gps', ... (271 bytes))
1783051882: Sending PUBLISH to trackhub-laravel-subscriber (d0, q0, r0, m0, 'trackhub/gps', ... (271 bytes))
1783051882: Received DISCONNECT from trackhub-laravel-subscriber
1783051882: Client trackhub-laravel-subscriber disconnected.
1783051885: Received PUBLISH from esp32-gps-01-32a50528 (d0, q0, r0, m0, 'trackhub/gps', ... (271 bytes))
1783051887: New connection from 192.168.141.167:60970 on port 1883.
1783051887: New client connected from 192.168.141.167:60970 as trackhub-laravel-subscriber (p2, c1, k30).
1783051887: No will message specified.
1783051887: Sending CONNACK to trackhub-laravel-subscriber (0, 0)
1783051887: Received SUBSCRIBE from trackhub-laravel-subscriber
1783051887: 	trackhub/gps (QoS 0)
1783051887: trackhub-laravel-subscriber 0 trackhub/gps
1783051887: Sending SUBACK to trackhub-laravel-subscriber
1783051888: Received PUBLISH from esp32-gps-01-32a50528 (d0, q0, r0, m0, 'trackhub/gps', ... (270 bytes))
1783051888: Sending PUBLISH to trackhub-laravel-subscriber (d0, q0, r0, m0, 'trackhub/gps', ... (270 bytes))
1783051888: Received DISCONNECT from trackhub-laravel-subscriber
1783051888: Client trackhub-laravel-subscriber disconnected.
1783051891: Received PUBLISH from esp32-gps-01-32a50528 (d0, q0, r0, m0, 'trackhub/gps', ... (270 bytes))
1783051891: Received PINGREQ from esp32-gps-01-32a50528
1783051891: Sending PINGRESP to esp32-gps-01-32a50528
1783051893: New connection from 192.168.141.167:60975 on port 1883.
1783051893: New client connected from 192.168.141.167:60975 as trackhub-laravel-subscriber (p2, c1, k30).
1783051893: No will message specified.
1783051893: Sending CONNACK to trackhub-laravel-subscriber (0, 0)
1783051893: Received SUBSCRIBE from trackhub-laravel-subscriber
1783051893: 	trackhub/gps (QoS 0)
1783051893: trackhub-laravel-subscriber 0 trackhub/gps
1783051893: Sending SUBACK to trackhub-laravel-subscriber
1783051894: Received PUBLISH from esp32-gps-01-32a50528 (d0, q0, r0, m0, 'trackhub/gps', ... (265 bytes))
1783051894: Sending PUBLISH to trackhub-laravel-subscriber (d0, q0, r0, m0, 'trackhub/gps', ... (265 bytes))
1783051897: Received PUBLISH from esp32-gps-01-32a50528 (d0, q0, r0, m0, 'trackhub/gps', ... (265 bytes))
1783051897: Sending PUBLISH to trackhub-laravel-subscriber (d0, q0, r0, m0, 'trackhub/gps', ... (265 bytes))
1783051900: Received PUBLISH from esp32-gps-01-32a50528 (d0, q0, r0, m0, 'trackhub/gps', ... (265 bytes))
1783051900: Sending PUBLISH to trackhub-laravel-subscriber (d0, q0, r0, m0, 'trackhub/gps', ... (265 bytes))
1783051902: Client trackhub-laravel-subscriber closed its connection.
1783051903: Received PUBLISH from esp32-gps-01-32a50528 (d0, q0, r0, m0, 'trackhub/gps', ... (276 bytes))
1783051906: Received PUBLISH from esp32-gps-01-32a50528 (d0, q0, r0, m0, 'trackhub/gps', ... (265 bytes))
1783051906: Received PINGREQ from esp32-gps-01-32a50528
1783051906: Sending PINGRESP to esp32-gps-01-32a50528
1783051907: New connection from 192.168.141.167:65429 on port 1883.
1783051907: New client connected from 192.168.141.167:65429 as trackhub-laravel-subscriber (p2, c1, k30).
1783051907: No will message specified.
1783051907: Sending CONNACK to trackhub-laravel-subscriber (0, 0)
1783051907: Received SUBSCRIBE from trackhub-laravel-subscriber
1783051907: 	trackhub/gps (QoS 0)
1783051907: trackhub-laravel-subscriber 0 trackhub/gps
1783051907: Sending SUBACK to trackhub-laravel-subscriber
1783051909: Received PUBLISH from esp32-gps-01-32a50528 (d0, q0, r0, m0, 'trackhub/gps', ... (265 bytes))
1783051909: Sending PUBLISH to trackhub-laravel-subscriber (d0, q0, r0, m0, 'trackhub/gps', ... (265 bytes))
1783051909: Received DISCONNECT from trackhub-laravel-subscriber
1783051909: Client trackhub-laravel-subscriber disconnected.
1783051912: Received PUBLISH from esp32-gps-01-32a50528 (d0, q0, r0, m0, 'trackhub/gps', ... (276 bytes))
1783051914: New connection from 192.168.141.167:56906 on port 1883.
1783051914: New client connected from 192.168.141.167:56906 as trackhub-laravel-subscriber (p2, c1, k30).
1783051914: No will message specified.
1783051914: Sending CONNACK to trackhub-laravel-subscriber (0, 0)
1783051914: Received SUBSCRIBE from trackhub-laravel-subscriber
1783051914: 	trackhub/gps (QoS 0)
1783051914: trackhub-laravel-subscriber 0 trackhub/gps
1783051914: Sending SUBACK to trackhub-laravel-subscriber
1783051915: Received PUBLISH from esp32-gps-01-32a50528 (d0, q0, r0, m0, 'trackhub/gps', ... (276 bytes))
1783051915: Sending PUBLISH to trackhub-laravel-subscriber (d0, q0, r0, m0, 'trackhub/gps', ... (276 bytes))
1783051915: Received DISCONNECT from trackhub-laravel-subscriber
1783051915: Client trackhub-laravel-subscriber disconnected.
1783051918: Received PUBLISH from esp32-gps-01-32a50528 (d0, q0, r0, m0, 'trackhub/gps', ... (271 bytes))
1783051920: New connection from 192.168.141.167:62313 on port 1883.
1783051920: New client connected from 192.168.141.167:62313 as trackhub-laravel-subscriber (p2, c1, k30).
1783051920: No will message specified.
1783051920: Sending CONNACK to trackhub-laravel-subscriber (0, 0)
1783051920: Received SUBSCRIBE from trackhub-laravel-subscriber
1783051920: 	trackhub/gps (QoS 0)
1783051920: trackhub-laravel-subscriber 0 trackhub/gps
1783051920: Sending SUBACK to trackhub-laravel-subscriber
1783051921: Received PUBLISH from esp32-gps-01-32a50528 (d0, q0, r0, m0, 'trackhub/gps', ... (276 bytes))
1783051921: Sending PUBLISH to trackhub-laravel-subscriber (d0, q0, r0, m0, 'trackhub/gps', ... (276 bytes))
1783051921: Received DISCONNECT from trackhub-laravel-subscriber
1783051921: Client trackhub-laravel-subscriber disconnected.
1783051921: Received PINGREQ from esp32-gps-01-32a50528
1783051921: Sending PINGRESP to esp32-gps-01-32a50528
1783051924: Received PUBLISH from esp32-gps-01-32a50528 (d0, q0, r0, m0, 'trackhub/gps', ... (271 bytes))
1783051926: New connection from 192.168.141.167:58773 on port 1883.
1783051926: New client connected from 192.168.141.167:58773 as trackhub-laravel-subscriber (p2, c1, k30).
1783051926: No will message specified.
1783051926: Sending CONNACK to trackhub-laravel-subscriber (0, 0)
1783051926: Received SUBSCRIBE from trackhub-laravel-subscriber
1783051926: 	trackhub/gps (QoS 0)
1783051926: trackhub-laravel-subscriber 0 trackhub/gps
1783051926: Sending SUBACK to trackhub-laravel-subscriber
1783051927: Received PUBLISH from esp32-gps-01-32a50528 (d0, q0, r0, m0, 'trackhub/gps', ... (271 bytes))
1783051927: Sending PUBLISH to trackhub-laravel-subscriber (d0, q0, r0, m0, 'trackhub/gps', ... (271 bytes))
1783051929: Received DISCONNECT from trackhub-laravel-subscriber
1783051929: Client trackhub-laravel-subscriber disconnected.
1783051930: Received PUBLISH from esp32-gps-01-32a50528 (d0, q0, r0, m0, 'trackhub/gps', ... (274 bytes))
1783051933: Received PUBLISH from esp32-gps-01-32a50528 (d0, q0, r0, m0, 'trackhub/gps', ... (274 bytes))
1783051934: New connection from 192.168.141.167:55304 on port 1883.
1783051934: New client connected from 192.168.141.167:55304 as trackhub-laravel-subscriber (p2, c1, k30).
1783051934: No will message specified.
1783051934: Sending CONNACK to trackhub-laravel-subscriber (0, 0)
1783051934: Received SUBSCRIBE from trackhub-laravel-subscriber
1783051934: 	trackhub/gps (QoS 0)
1783051934: trackhub-laravel-subscriber 0 trackhub/gps
1783051934: Sending SUBACK to trackhub-laravel-subscriber
1783051936: Received PUBLISH from esp32-gps-01-32a50528 (d0, q0, r0, m0, 'trackhub/gps', ... (274 bytes))
1783051936: Sending PUBLISH to trackhub-laravel-subscriber (d0, q0, r0, m0, 'trackhub/gps', ... (274 bytes))
1783051936: Received DISCONNECT from trackhub-laravel-subscriber
1783051936: Client trackhub-laravel-subscriber disconnected.
1783051936: Received PINGREQ from esp32-gps-01-32a50528
1783051936: Sending PINGRESP to esp32-gps-01-32a50528
1783051939: Received PUBLISH from esp32-gps-01-32a50528 (d0, q0, r0, m0, 'trackhub/gps', ... (274 bytes))
1783051941: New connection from 192.168.141.167:55306 on port 1883.
1783051941: New client connected from 192.168.141.167:55306 as trackhub-laravel-subscriber (p2, c1, k30).
1783051941: No will message specified.
1783051941: Sending CONNACK to trackhub-laravel-subscriber (0, 0)
1783051941: Received SUBSCRIBE from trackhub-laravel-subscriber
1783051941: 	trackhub/gps (QoS 0)
1783051941: trackhub-laravel-subscriber 0 trackhub/gps
1783051941: Sending SUBACK to trackhub-laravel-subscriber
1783051942: Received PUBLISH from esp32-gps-01-32a50528 (d0, q0, r0, m0, 'trackhub/gps', ... (274 bytes))
1783051942: Sending PUBLISH to trackhub-laravel-subscriber (d0, q0, r0, m0, 'trackhub/gps', ... (274 bytes))
1783051942: Received DISCONNECT from trackhub-laravel-subscriber
1783051942: Client trackhub-laravel-subscriber disconnected.
1783051945: Received PUBLISH from esp32-gps-01-32a50528 (d0, q0, r0, m0, 'trackhub/gps', ... (274 bytes))
1783051947: New connection from 192.168.141.167:51172 on port 1883.
1783051947: New client connected from 192.168.141.167:51172 as trackhub-laravel-subscriber (p2, c1, k30).
1783051947: No will message specified.
1783051947: Sending CONNACK to trackhub-laravel-subscriber (0, 0)
1783051947: Received SUBSCRIBE from trackhub-laravel-subscriber
1783051947: 	trackhub/gps (QoS 0)
1783051947: trackhub-laravel-subscriber 0 trackhub/gps
1783051947: Sending SUBACK to trackhub-laravel-subscriber
1783051948: Received PUBLISH from esp32-gps-01-32a50528 (d0, q0, r0, m0, 'trackhub/gps', ... (279 bytes))
1783051948: Sending PUBLISH to trackhub-laravel-subscriber (d0, q0, r0, m0, 'trackhub/gps', ... (279 bytes))
1783051948: Received DISCONNECT from trackhub-laravel-subscriber
1783051948: Client trackhub-laravel-subscriber disconnected.
1783051951: Received PUBLISH from esp32-gps-01-32a50528 (d0, q0, r0, m0, 'trackhub/gps', ... (279 bytes))
1783051951: Received PINGREQ from esp32-gps-01-32a50528
1783051951: Sending PINGRESP to esp32-gps-01-32a50528
1783051953: New connection from 192.168.141.167:54897 on port 1883.
1783051953: New client connected from 192.168.141.167:54897 as trackhub-laravel-subscriber (p2, c1, k30).
1783051953: No will message specified.
1783051953: Sending CONNACK to trackhub-laravel-subscriber (0, 0)
1783051953: Received SUBSCRIBE from trackhub-laravel-subscriber
1783051953: 	trackhub/gps (QoS 0)
1783051953: trackhub-laravel-subscriber 0 trackhub/gps
1783051953: Sending SUBACK to trackhub-laravel-subscriber
1783051954: Received PUBLISH from esp32-gps-01-32a50528 (d0, q0, r0, m0, 'trackhub/gps', ... (279 bytes))
1783051954: Sending PUBLISH to trackhub-laravel-subscriber (d0, q0, r0, m0, 'trackhub/gps', ... (279 bytes))
1783051954: Received DISCONNECT from trackhub-laravel-subscriber
1783051954: Client trackhub-laravel-subscriber disconnected.
1783051957: Received PUBLISH from esp32-gps-01-32a50528 (d0, q0, r0, m0, 'trackhub/gps', ... (279 bytes))
1783051959: New connection from 192.168.141.167:54898 on port 1883.
1783051959: New client connected from 192.168.141.167:54898 as trackhub-laravel-subscriber (p2, c1, k30).
1783051959: No will message specified.
1783051959: Sending CONNACK to trackhub-laravel-subscriber (0, 0)
1783051959: Received SUBSCRIBE from trackhub-laravel-subscriber
1783051959: 	trackhub/gps (QoS 0)
1783051959: trackhub-laravel-subscriber 0 trackhub/gps
1783051959: Sending SUBACK to trackhub-laravel-subscriber
1783051960: Received PUBLISH from esp32-gps-01-32a50528 (d0, q0, r0, m0, 'trackhub/gps', ... (271 bytes))
1783051960: Sending PUBLISH to trackhub-laravel-subscriber (d0, q0, r0, m0, 'trackhub/gps', ... (271 bytes))
1783051960: Received DISCONNECT from trackhub-laravel-subscriber
1783051960: Client trackhub-laravel-subscriber disconnected.
1783051963: Received PUBLISH from esp32-gps-01-32a50528 (d0, q0, r0, m0, 'trackhub/gps', ... (271 bytes))
1783051965: New connection from 192.168.141.167:51673 on port 1883.
1783051965: New client connected from 192.168.141.167:51673 as trackhub-laravel-subscriber (p2, c1, k30).
1783051965: No will message specified.
1783051965: Sending CONNACK to trackhub-laravel-subscriber (0, 0)
1783051965: Received SUBSCRIBE from trackhub-laravel-subscriber
1783051965: 	trackhub/gps (QoS 0)
1783051965: trackhub-laravel-subscriber 0 trackhub/gps
1783051965: Sending SUBACK to trackhub-laravel-subscriber
1783051966: Received PUBLISH from esp32-gps-01-32a50528 (d0, q0, r0, m0, 'trackhub/gps', ... (271 bytes))
1783051966: Sending PUBLISH to trackhub-laravel-subscriber (d0, q0, r0, m0, 'trackhub/gps', ... (271 bytes))
1783051966: Received DISCONNECT from trackhub-laravel-subscriber
1783051966: Client trackhub-laravel-subscriber disconnected.
1783051966: Received PINGREQ from esp32-gps-01-32a50528
1783051966: Sending PINGRESP to esp32-gps-01-32a50528
1783051969: Received PUBLISH from esp32-gps-01-32a50528 (d0, q0, r0, m0, 'trackhub/gps', ... (271 bytes))
1783051971: New connection from 192.168.141.167:54822 on port 1883.
1783051971: New client connected from 192.168.141.167:54822 as trackhub-laravel-subscriber (p2, c1, k30).
1783051971: No will message specified.
1783051971: Sending CONNACK to trackhub-laravel-subscriber (0, 0)
1783051971: Received SUBSCRIBE from trackhub-laravel-subscriber
1783051971: 	trackhub/gps (QoS 0)
1783051971: trackhub-laravel-subscriber 0 trackhub/gps
1783051971: Sending SUBACK to trackhub-laravel-subscriber
1783051972: Received PUBLISH from esp32-gps-01-32a50528 (d0, q0, r0, m0, 'trackhub/gps', ... (271 bytes))
1783051972: Sending PUBLISH to trackhub-laravel-subscriber (d0, q0, r0, m0, 'trackhub/gps', ... (271 bytes))
1783051972: Received DISCONNECT from trackhub-laravel-subscriber
1783051972: Client trackhub-laravel-subscriber disconnected.
1783051975: Received PUBLISH from esp32-gps-01-32a50528 (d0, q0, r0, m0, 'trackhub/gps', ... (271 bytes))
1783051977: New connection from 192.168.141.167:54827 on port 1883.
1783051977: New client connected from 192.168.141.167:54827 as trackhub-laravel-subscriber (p2, c1, k30).
1783051977: No will message specified.
1783051977: Sending CONNACK to trackhub-laravel-subscriber (0, 0)
1783051977: Received SUBSCRIBE from trackhub-laravel-subscriber
1783051977: 	trackhub/gps (QoS 0)
1783051977: trackhub-laravel-subscriber 0 trackhub/gps
1783051977: Sending SUBACK to trackhub-laravel-subscriber
1783051978: Received PUBLISH from esp32-gps-01-32a50528 (d0, q0, r0, m0, 'trackhub/gps', ... (271 bytes))
1783051978: Sending PUBLISH to trackhub-laravel-subscriber (d0, q0, r0, m0, 'trackhub/gps', ... (271 bytes))
1783051978: Received DISCONNECT from trackhub-laravel-subscriber
1783051978: Client trackhub-laravel-subscriber disconnected.
1783051981: Received PUBLISH from esp32-gps-01-32a50528 (d0, q0, r0, m0, 'trackhub/gps', ... (271 bytes))
1783051982: Received PINGREQ from esp32-gps-01-32a50528
1783051982: Sending PINGRESP to esp32-gps-01-32a50528
1783051983: New connection from 192.168.141.167:54828 on port 1883.
1783051983: New client connected from 192.168.141.167:54828 as trackhub-laravel-subscriber (p2, c1, k30).
1783051983: No will message specified.
1783051983: Sending CONNACK to trackhub-laravel-subscriber (0, 0)
1783051983: Received SUBSCRIBE from trackhub-laravel-subscriber
1783051983: 	trackhub/gps (QoS 0)
1783051983: trackhub-laravel-subscriber 0 trackhub/gps
1783051983: Sending SUBACK to trackhub-laravel-subscriber
1783051984: Received PUBLISH from esp32-gps-01-32a50528 (d0, q0, r0, m0, 'trackhub/gps', ... (271 bytes))
1783051984: Sending PUBLISH to trackhub-laravel-subscriber (d0, q0, r0, m0, 'trackhub/gps', ... (271 bytes))
1783051984: Received DISCONNECT from trackhub-laravel-subscriber
1783051984: Client trackhub-laravel-subscriber disconnected.
1783051987: Received PUBLISH from esp32-gps-01-32a50528 (d0, q0, r0, m0, 'trackhub/gps', ... (271 bytes))
1783051989: New connection from 192.168.141.167:60048 on port 1883.
1783051989: New client connected from 192.168.141.167:60048 as trackhub-laravel-subscriber (p2, c1, k30).
1783051989: No will message specified.
1783051989: Sending CONNACK to trackhub-laravel-subscriber (0, 0)
1783051989: Received SUBSCRIBE from trackhub-laravel-subscriber
1783051989: 	trackhub/gps (QoS 0)
1783051989: trackhub-laravel-subscriber 0 trackhub/gps
1783051989: Sending SUBACK to trackhub-laravel-subscriber
1783051990: Received PUBLISH from esp32-gps-01-32a50528 (d0, q0, r0, m0, 'trackhub/gps', ... (276 bytes))
1783051990: Sending PUBLISH to trackhub-laravel-subscriber (d0, q0, r0, m0, 'trackhub/gps', ... (276 bytes))
1783051990: Received DISCONNECT from trackhub-laravel-subscriber
1783051990: Client trackhub-laravel-subscriber disconnected.
1783051993: Received PUBLISH from esp32-gps-01-32a50528 (d0, q0, r0, m0, 'trackhub/gps', ... (276 bytes))
1783051995: New connection from 192.168.141.167:55213 on port 1883.
1783051995: New client connected from 192.168.141.167:55213 as trackhub-laravel-subscriber (p2, c1, k30).
1783051995: No will message specified.
1783051995: Sending CONNACK to trackhub-laravel-subscriber (0, 0)
1783051995: Received SUBSCRIBE from trackhub-laravel-subscriber
1783051995: 	trackhub/gps (QoS 0)
1783051995: trackhub-laravel-subscriber 0 trackhub/gps
1783051995: Sending SUBACK to trackhub-laravel-subscriber
1783051997: Received PUBLISH from esp32-gps-01-32a50528 (d0, q0, r0, m0, 'trackhub/gps', ... (276 bytes))
1783051997: Sending PUBLISH to trackhub-laravel-subscriber (d0, q0, r0, m0, 'trackhub/gps', ... (276 bytes))
1783051997: Received DISCONNECT from trackhub-laravel-subscriber
1783051997: Client trackhub-laravel-subscriber disconnected.
1783051997: Received PINGREQ from esp32-gps-01-32a50528
1783051997: Sending PINGRESP to esp32-gps-01-32a50528
1783052000: Received PUBLISH from esp32-gps-01-32a50528 (d0, q0, r0, m0, 'trackhub/gps', ... (276 bytes))
1783052002: New connection from 192.168.141.167:50143 on port 1883.
1783052002: New client connected from 192.168.141.167:50143 as trackhub-laravel-subscriber (p2, c1, k30).
1783052002: No will message specified.
1783052002: Sending CONNACK to trackhub-laravel-subscriber (0, 0)
1783052002: Received SUBSCRIBE from trackhub-laravel-subscriber
1783052002: 	trackhub/gps (QoS 0)
1783052002: trackhub-laravel-subscriber 0 trackhub/gps
1783052002: Sending SUBACK to trackhub-laravel-subscriber
1783052003: Received PUBLISH from esp32-gps-01-32a50528 (d0, q0, r0, m0, 'trackhub/gps', ... (276 bytes))
1783052003: Sending PUBLISH to trackhub-laravel-subscriber (d0, q0, r0, m0, 'trackhub/gps', ... (276 bytes))
1783052003: Received DISCONNECT from trackhub-laravel-subscriber
1783052003: Client trackhub-laravel-subscriber disconnected.
1783052006: Received PUBLISH from esp32-gps-01-32a50528 (d0, q0, r0, m0, 'trackhub/gps', ... (276 bytes))
1783052008: New connection from 192.168.141.167:59804 on port 1883.
1783052008: New client connected from 192.168.141.167:59804 as trackhub-laravel-subscriber (p2, c1, k30).
1783052008: No will message specified.
1783052008: Sending CONNACK to trackhub-laravel-subscriber (0, 0)
1783052008: Received SUBSCRIBE from trackhub-laravel-subscriber
1783052008: 	trackhub/gps (QoS 0)
1783052008: trackhub-laravel-subscriber 0 trackhub/gps
1783052008: Sending SUBACK to trackhub-laravel-subscriber
1783052009: Received PUBLISH from esp32-gps-01-32a50528 (d0, q0, r0, m0, 'trackhub/gps', ... (279 bytes))
1783052009: Sending PUBLISH to trackhub-laravel-subscriber (d0, q0, r0, m0, 'trackhub/gps', ... (279 bytes))
1783052009: Received DISCONNECT from trackhub-laravel-subscriber
1783052009: Client trackhub-laravel-subscriber disconnected.
1783052012: Received PUBLISH from esp32-gps-01-32a50528 (d0, q0, r0, m0, 'trackhub/gps', ... (279 bytes))
1783052012: Received PINGREQ from esp32-gps-01-32a50528
1783052012: Sending PINGRESP to esp32-gps-01-32a50528
1783052014: New connection from 192.168.141.167:61211 on port 1883.
1783052014: New client connected from 192.168.141.167:61211 as trackhub-laravel-subscriber (p2, c1, k30).
1783052014: No will message specified.
1783052014: Sending CONNACK to trackhub-laravel-subscriber (0, 0)
1783052014: Received SUBSCRIBE from trackhub-laravel-subscriber
1783052014: 	trackhub/gps (QoS 0)
1783052014: trackhub-laravel-subscriber 0 trackhub/gps
1783052014: Sending SUBACK to trackhub-laravel-subscriber
1783052015: Received PUBLISH from esp32-gps-01-32a50528 (d0, q0, r0, m0, 'trackhub/gps', ... (242 bytes))
1783052015: Sending PUBLISH to trackhub-laravel-subscriber (d0, q0, r0, m0, 'trackhub/gps', ... (242 bytes))
1783052015: Received DISCONNECT from trackhub-laravel-subscriber
1783052015: Client trackhub-laravel-subscriber disconnected.
1783052018: Received PUBLISH from esp32-gps-01-32a50528 (d0, q0, r0, m0, 'trackhub/gps', ... (242 bytes))
1783052020: New connection from 192.168.141.167:53984 on port 1883.
1783052020: New client connected from 192.168.141.167:53984 as trackhub-laravel-subscriber (p2, c1, k30).
1783052020: No will message specified.
1783052020: Sending CONNACK to trackhub-laravel-subscriber (0, 0)
1783052020: Received SUBSCRIBE from trackhub-laravel-subscriber
1783052020: 	trackhub/gps (QoS 0)
1783052020: trackhub-laravel-subscriber 0 trackhub/gps
1783052020: Sending SUBACK to trackhub-laravel-subscriber
1783052021: Received PUBLISH from esp32-gps-01-32a50528 (d0, q0, r0, m0, 'trackhub/gps', ... (243 bytes))
1783052021: Sending PUBLISH to trackhub-laravel-subscriber (d0, q0, r0, m0, 'trackhub/gps', ... (243 bytes))
1783052021: Received DISCONNECT from trackhub-laravel-subscriber
1783052021: Client trackhub-laravel-subscriber disconnected.
1783052024: Received PUBLISH from esp32-gps-01-32a50528 (d0, q0, r0, m0, 'trackhub/gps', ... (235 bytes))
1783052026: New connection from 192.168.141.167:55290 on port 1883.
1783052026: New client connected from 192.168.141.167:55290 as trackhub-laravel-subscriber (p2, c1, k30).
1783052026: No will message specified.
1783052026: Sending CONNACK to trackhub-laravel-subscriber (0, 0)
1783052026: Received SUBSCRIBE from trackhub-laravel-subscriber
1783052026: 	trackhub/gps (QoS 0)
1783052026: trackhub-laravel-subscriber 0 trackhub/gps
1783052026: Sending SUBACK to trackhub-laravel-subscriber
1783052027: Received PUBLISH from esp32-gps-01-32a50528 (d0, q0, r0, m0, 'trackhub/gps', ... (235 bytes))
1783052027: Sending PUBLISH to trackhub-laravel-subscriber (d0, q0, r0, m0, 'trackhub/gps', ... (235 bytes))
1783052027: Received DISCONNECT from trackhub-laravel-subscriber
1783052027: Client trackhub-laravel-subscriber disconnected.
1783052027: Received PINGREQ from esp32-gps-01-32a50528
1783052027: Sending PINGRESP to esp32-gps-01-32a50528
1783052030: Received PUBLISH from esp32-gps-01-32a50528 (d0, q0, r0, m0, 'trackhub/gps', ... (235 bytes))
1783052032: New connection from 192.168.141.167:63507 on port 1883.
1783052032: New client connected from 192.168.141.167:63507 as trackhub-laravel-subscriber (p2, c1, k30).
1783052032: No will message specified.
1783052032: Sending CONNACK to trackhub-laravel-subscriber (0, 0)
1783052032: Received SUBSCRIBE from trackhub-laravel-subscriber
1783052032: 	trackhub/gps (QoS 0)
1783052032: trackhub-laravel-subscriber 0 trackhub/gps
1783052032: Sending SUBACK to trackhub-laravel-subscriber
1783052033: Received PUBLISH from esp32-gps-01-32a50528 (d0, q0, r0, m0, 'trackhub/gps', ... (235 bytes))
1783052033: Sending PUBLISH to trackhub-laravel-subscriber (d0, q0, r0, m0, 'trackhub/gps', ... (235 bytes))
1783052033: Received DISCONNECT from trackhub-laravel-subscriber
1783052033: Client trackhub-laravel-subscriber disconnected.
1783052036: Received PUBLISH from esp32-gps-01-32a50528 (d0, q0, r0, m0, 'trackhub/gps', ... (235 bytes))
1783052038: New connection from 192.168.141.167:54673 on port 1883.
1783052038: New client connected from 192.168.141.167:54673 as trackhub-laravel-subscriber (p2, c1, k30).
1783052038: No will message specified.
1783052038: Sending CONNACK to trackhub-laravel-subscriber (0, 0)
1783052038: Received SUBSCRIBE from trackhub-laravel-subscriber
1783052038: 	trackhub/gps (QoS 0)
1783052038: trackhub-laravel-subscriber 0 trackhub/gps
1783052038: Sending SUBACK to trackhub-laravel-subscriber
1783052039: Received PUBLISH from esp32-gps-01-32a50528 (d0, q0, r0, m0, 'trackhub/gps', ... (235 bytes))
1783052039: Sending PUBLISH to trackhub-laravel-subscriber (d0, q0, r0, m0, 'trackhub/gps', ... (235 bytes))
1783052039: Received DISCONNECT from trackhub-laravel-subscriber
1783052039: Client trackhub-laravel-subscriber disconnected.
1783052042: Received PUBLISH from esp32-gps-01-32a50528 (d0, q0, r0, m0, 'trackhub/gps', ... (278 bytes))
1783052042: Received PINGREQ from esp32-gps-01-32a50528
1783052042: Sending PINGRESP to esp32-gps-01-32a50528
1783052044: New connection from 192.168.141.167:62922 on port 1883.
1783052044: New client connected from 192.168.141.167:62922 as trackhub-laravel-subscriber (p2, c1, k30).
1783052044: No will message specified.
1783052044: Sending CONNACK to trackhub-laravel-subscriber (0, 0)
1783052044: Received SUBSCRIBE from trackhub-laravel-subscriber
1783052044: 	trackhub/gps (QoS 0)
1783052044: trackhub-laravel-subscriber 0 trackhub/gps
1783052044: Sending SUBACK to trackhub-laravel-subscriber
1783052045: Received PUBLISH from esp32-gps-01-32a50528 (d0, q0, r0, m0, 'trackhub/gps', ... (278 bytes))
1783052045: Sending PUBLISH to trackhub-laravel-subscriber (d0, q0, r0, m0, 'trackhub/gps', ... (278 bytes))
1783052045: Received DISCONNECT from trackhub-laravel-subscriber
1783052045: Client trackhub-laravel-subscriber disconnected.
1783052048: Received PUBLISH from esp32-gps-01-32a50528 (d0, q0, r0, m0, 'trackhub/gps', ... (278 bytes))
1783052050: New connection from 192.168.141.167:62923 on port 1883.
1783052050: New client connected from 192.168.141.167:62923 as trackhub-laravel-subscriber (p2, c1, k30).
1783052050: No will message specified.
1783052050: Sending CONNACK to trackhub-laravel-subscriber (0, 0)
1783052050: Received SUBSCRIBE from trackhub-laravel-subscriber
1783052050: 	trackhub/gps (QoS 0)
1783052050: trackhub-laravel-subscriber 0 trackhub/gps
1783052050: Sending SUBACK to trackhub-laravel-subscriber
1783052051: Received PUBLISH from esp32-gps-01-32a50528 (d0, q0, r0, m0, 'trackhub/gps', ... (257 bytes))
1783052051: Sending PUBLISH to trackhub-laravel-subscriber (d0, q0, r0, m0, 'trackhub/gps', ... (257 bytes))
1783052051: Received DISCONNECT from trackhub-laravel-subscriber
1783052051: Client trackhub-laravel-subscriber disconnected.
1783052054: Received PUBLISH from esp32-gps-01-32a50528 (d0, q0, r0, m0, 'trackhub/gps', ... (257 bytes))
1783052056: New connection from 192.168.141.167:62925 on port 1883.
1783052056: New client connected from 192.168.141.167:62925 as trackhub-laravel-subscriber (p2, c1, k30).
1783052056: No will message specified.
1783052056: Sending CONNACK to trackhub-laravel-subscriber (0, 0)
1783052056: Received SUBSCRIBE from trackhub-laravel-subscriber
1783052056: 	trackhub/gps (QoS 0)
1783052056: trackhub-laravel-subscriber 0 trackhub/gps
1783052056: Sending SUBACK to trackhub-laravel-subscriber
1783052057: Received PUBLISH from esp32-gps-01-32a50528 (d0, q0, r0, m0, 'trackhub/gps', ... (257 bytes))
1783052057: Sending PUBLISH to trackhub-laravel-subscriber (d0, q0, r0, m0, 'trackhub/gps', ... (257 bytes))
1783052057: Received DISCONNECT from trackhub-laravel-subscriber
1783052057: Client trackhub-laravel-subscriber disconnected.
1783052057: Received PINGREQ from esp32-gps-01-32a50528
1783052057: Sending PINGRESP to esp32-gps-01-32a50528
1783052060: Received PUBLISH from esp32-gps-01-32a50528 (d0, q0, r0, m0, 'trackhub/gps', ... (272 bytes))
1783052062: New connection from 192.168.141.167:62926 on port 1883.
1783052062: New client connected from 192.168.141.167:62926 as trackhub-laravel-subscriber (p2, c1, k30).
1783052062: No will message specified.
1783052062: Sending CONNACK to trackhub-laravel-subscriber (0, 0)
1783052062: Received SUBSCRIBE from trackhub-laravel-subscriber
1783052062: 	trackhub/gps (QoS 0)
1783052062: trackhub-laravel-subscriber 0 trackhub/gps
1783052062: Sending SUBACK to trackhub-laravel-subscriber
1783052063: Received PUBLISH from esp32-gps-01-32a50528 (d0, q0, r0, m0, 'trackhub/gps', ... (272 bytes))
1783052063: Sending PUBLISH to trackhub-laravel-subscriber (d0, q0, r0, m0, 'trackhub/gps', ... (272 bytes))
1783052063: Received DISCONNECT from trackhub-laravel-subscriber
1783052063: Client trackhub-laravel-subscriber disconnected.
1783052066: Received PUBLISH from esp32-gps-01-32a50528 (d0, q0, r0, m0, 'trackhub/gps', ... (272 bytes))
1783052068: New connection from 192.168.141.167:62927 on port 1883.
1783052068: New client connected from 192.168.141.167:62927 as trackhub-laravel-subscriber (p2, c1, k30).
1783052068: No will message specified.
1783052068: Sending CONNACK to trackhub-laravel-subscriber (0, 0)
1783052068: Received SUBSCRIBE from trackhub-laravel-subscriber
1783052068: 	trackhub/gps (QoS 0)
1783052068: trackhub-laravel-subscriber 0 trackhub/gps
1783052068: Sending SUBACK to trackhub-laravel-subscriber
1783052069: Received PUBLISH from esp32-gps-01-32a50528 (d0, q0, r0, m0, 'trackhub/gps', ... (263 bytes))
1783052069: Sending PUBLISH to trackhub-laravel-subscriber (d0, q0, r0, m0, 'trackhub/gps', ... (263 bytes))
1783052069: Received DISCONNECT from trackhub-laravel-subscriber
1783052069: Client trackhub-laravel-subscriber disconnected.
1783052072: Received PUBLISH from esp32-gps-01-32a50528 (d0, q0, r0, m0, 'trackhub/gps', ... (263 bytes))
1783052072: Received PINGREQ from esp32-gps-01-32a50528
1783052072: Sending PINGRESP to esp32-gps-01-32a50528
1783052074: New connection from 192.168.141.167:62928 on port 1883.
1783052074: New client connected from 192.168.141.167:62928 as trackhub-laravel-subscriber (p2, c1, k30).
1783052074: No will message specified.
1783052074: Sending CONNACK to trackhub-laravel-subscriber (0, 0)
1783052074: Received SUBSCRIBE from trackhub-laravel-subscriber
1783052074: 	trackhub/gps (QoS 0)
1783052074: trackhub-laravel-subscriber 0 trackhub/gps
1783052074: Sending SUBACK to trackhub-laravel-subscriber
1783052075: Received PUBLISH from esp32-gps-01-32a50528 (d0, q0, r0, m0, 'trackhub/gps', ... (263 bytes))
1783052075: Sending PUBLISH to trackhub-laravel-subscriber (d0, q0, r0, m0, 'trackhub/gps', ... (263 bytes))
1783052075: Received DISCONNECT from trackhub-laravel-subscriber
1783052075: Client trackhub-laravel-subscriber disconnected.
1783052078: Received PUBLISH from esp32-gps-01-32a50528 (d0, q0, r0, m0, 'trackhub/gps', ... (263 bytes))
1783052080: New connection from 192.168.141.167:62929 on port 1883.
1783052080: New client connected from 192.168.141.167:62929 as trackhub-laravel-subscriber (p2, c1, k30).
1783052080: No will message specified.
1783052080: Sending CONNACK to trackhub-laravel-subscriber (0, 0)
1783052080: Received SUBSCRIBE from trackhub-laravel-subscriber
1783052080: 	trackhub/gps (QoS 0)
1783052080: trackhub-laravel-subscriber 0 trackhub/gps
1783052080: Sending SUBACK to trackhub-laravel-subscriber
1783052081: Received PUBLISH from esp32-gps-01-32a50528 (d0, q0, r0, m0, 'trackhub/gps', ... (274 bytes))
1783052081: Sending PUBLISH to trackhub-laravel-subscriber (d0, q0, r0, m0, 'trackhub/gps', ... (274 bytes))
1783052081: Received DISCONNECT from trackhub-laravel-subscriber
1783052081: Client trackhub-laravel-subscriber disconnected.
1783052084: Received PUBLISH from esp32-gps-01-32a50528 (d0, q0, r0, m0, 'trackhub/gps', ... (265 bytes))
1783052086: New connection from 192.168.141.167:65035 on port 1883.
1783052086: New client connected from 192.168.141.167:65035 as trackhub-laravel-subscriber (p2, c1, k30).
1783052086: No will message specified.
1783052086: Sending CONNACK to trackhub-laravel-subscriber (0, 0)
1783052086: Received SUBSCRIBE from trackhub-laravel-subscriber
1783052086: 	trackhub/gps (QoS 0)
1783052086: trackhub-laravel-subscriber 0 trackhub/gps
1783052086: Sending SUBACK to trackhub-laravel-subscriber
1783052087: Received PUBLISH from esp32-gps-01-32a50528 (d0, q0, r0, m0, 'trackhub/gps', ... (265 bytes))
1783052087: Sending PUBLISH to trackhub-laravel-subscriber (d0, q0, r0, m0, 'trackhub/gps', ... (265 bytes))
1783052087: Received DISCONNECT from trackhub-laravel-subscriber
1783052087: Client trackhub-laravel-subscriber disconnected.
1783052087: Received PINGREQ from esp32-gps-01-32a50528
1783052087: Sending PINGRESP to esp32-gps-01-32a50528
1783052090: Received PUBLISH from esp32-gps-01-32a50528 (d0, q0, r0, m0, 'trackhub/gps', ... (265 bytes))
1783052092: New connection from 192.168.141.167:65036 on port 1883.
1783052092: New client connected from 192.168.141.167:65036 as trackhub-laravel-subscriber (p2, c1, k30).
1783052092: No will message specified.
1783052092: Sending CONNACK to trackhub-laravel-subscriber (0, 0)
1783052092: Received SUBSCRIBE from trackhub-laravel-subscriber
1783052092: 	trackhub/gps (QoS 0)
1783052092: trackhub-laravel-subscriber 0 trackhub/gps
1783052092: Sending SUBACK to trackhub-laravel-subscriber
1783052093: Received PUBLISH from esp32-gps-01-32a50528 (d0, q0, r0, m0, 'trackhub/gps', ... (276 bytes))
1783052093: Sending PUBLISH to trackhub-laravel-subscriber (d0, q0, r0, m0, 'trackhub/gps', ... (276 bytes))
1783052093: Received DISCONNECT from trackhub-laravel-subscriber
1783052093: Client trackhub-laravel-subscriber disconnected.
1783052096: Received PUBLISH from esp32-gps-01-32a50528 (d0, q0, r0, m0, 'trackhub/gps', ... (276 bytes))
1783052098: New connection from 192.168.141.167:61539 on port 1883.
1783052098: New client connected from 192.168.141.167:61539 as trackhub-laravel-subscriber (p2, c1, k30).
1783052098: No will message specified.
1783052098: Sending CONNACK to trackhub-laravel-subscriber (0, 0)
1783052098: Received SUBSCRIBE from trackhub-laravel-subscriber
1783052098: 	trackhub/gps (QoS 0)
1783052098: trackhub-laravel-subscriber 0 trackhub/gps
1783052098: Sending SUBACK to trackhub-laravel-subscriber
1783052099: Received PUBLISH from esp32-gps-01-32a50528 (d0, q0, r0, m0, 'trackhub/gps', ... (276 bytes))
1783052099: Sending PUBLISH to trackhub-laravel-subscriber (d0, q0, r0, m0, 'trackhub/gps', ... (276 bytes))
1783052099: Received DISCONNECT from trackhub-laravel-subscriber
1783052099: Client trackhub-laravel-subscriber disconnected.
1783052102: Received PUBLISH from esp32-gps-01-32a50528 (d0, q0, r0, m0, 'trackhub/gps', ... (276 bytes))
1783052102: Received PINGREQ from esp32-gps-01-32a50528
1783052102: Sending PINGRESP to esp32-gps-01-32a50528
1783052104: New connection from 192.168.141.167:49717 on port 1883.
1783052104: New client connected from 192.168.141.167:49717 as trackhub-laravel-subscriber (p2, c1, k30).
1783052104: No will message specified.
1783052104: Sending CONNACK to trackhub-laravel-subscriber (0, 0)
1783052104: Received SUBSCRIBE from trackhub-laravel-subscriber
1783052104: 	trackhub/gps (QoS 0)
1783052104: trackhub-laravel-subscriber 0 trackhub/gps
1783052104: Sending SUBACK to trackhub-laravel-subscriber
1783052105: Received PUBLISH from esp32-gps-01-32a50528 (d0, q0, r0, m0, 'trackhub/gps', ... (276 bytes))
1783052105: Sending PUBLISH to trackhub-laravel-subscriber (d0, q0, r0, m0, 'trackhub/gps', ... (276 bytes))
1783052105: Received DISCONNECT from trackhub-laravel-subscriber
1783052105: Client trackhub-laravel-subscriber disconnected.
1783052108: Received PUBLISH from esp32-gps-01-32a50528 (d0, q0, r0, m0, 'trackhub/gps', ... (269 bytes))
1783052110: New connection from 192.168.141.167:50688 on port 1883.
1783052110: New client connected from 192.168.141.167:50688 as trackhub-laravel-subscriber (p2, c1, k30).
1783052110: No will message specified.
1783052110: Sending CONNACK to trackhub-laravel-subscriber (0, 0)
1783052110: Received SUBSCRIBE from trackhub-laravel-subscriber
1783052110: 	trackhub/gps (QoS 0)
1783052110: trackhub-laravel-subscriber 0 trackhub/gps
1783052110: Sending SUBACK to trackhub-laravel-subscriber
1783052111: Received PUBLISH from esp32-gps-01-32a50528 (d0, q0, r0, m0, 'trackhub/gps', ... (269 bytes))
1783052111: Sending PUBLISH to trackhub-laravel-subscriber (d0, q0, r0, m0, 'trackhub/gps', ... (269 bytes))
1783052114: Received PUBLISH from esp32-gps-01-32a50528 (d0, q0, r0, m0, 'trackhub/gps', ... (269 bytes))
1783052114: Sending PUBLISH to trackhub-laravel-subscriber (d0, q0, r0, m0, 'trackhub/gps', ... (269 bytes))
1783052117: Received PUBLISH from esp32-gps-01-32a50528 (d0, q0, r0, m0, 'trackhub/gps', ... (274 bytes))
1783052117: Sending PUBLISH to trackhub-laravel-subscriber (d0, q0, r0, m0, 'trackhub/gps', ... (274 bytes))
1783052117: Received PINGREQ from esp32-gps-01-32a50528
1783052117: Sending PINGRESP to esp32-gps-01-32a50528
1783052120: Received PUBLISH from esp32-gps-01-32a50528 (d0, q0, r0, m0, 'trackhub/gps', ... (274 bytes))
1783052120: Sending PUBLISH to trackhub-laravel-subscriber (d0, q0, r0, m0, 'trackhub/gps', ... (274 bytes))
1783052123: Received PUBLISH from esp32-gps-01-32a50528 (d0, q0, r0, m0, 'trackhub/gps', ... (274 bytes))
1783052123: Sending PUBLISH to trackhub-laravel-subscriber (d0, q0, r0, m0, 'trackhub/gps', ... (274 bytes))
1783052126: Received PUBLISH from esp32-gps-01-32a50528 (d0, q0, r0, m0, 'trackhub/gps', ... (279 bytes))
1783052126: Sending PUBLISH to trackhub-laravel-subscriber (d0, q0, r0, m0, 'trackhub/gps', ... (279 bytes))
1783052129: Received PUBLISH from esp32-gps-01-32a50528 (d0, q0, r0, m0, 'trackhub/gps', ... (279 bytes))
1783052129: Sending PUBLISH to trackhub-laravel-subscriber (d0, q0, r0, m0, 'trackhub/gps', ... (279 bytes))
1783052132: Received PUBLISH from esp32-gps-01-32a50528 (d0, q0, r0, m0, 'trackhub/gps', ... (233 bytes))
1783052132: Sending PUBLISH to trackhub-laravel-subscriber (d0, q0, r0, m0, 'trackhub/gps', ... (233 bytes))
1783052132: Received PINGREQ from esp32-gps-01-32a50528
1783052132: Sending PINGRESP to esp32-gps-01-32a50528
1783052135: Received PUBLISH from esp32-gps-01-32a50528 (d0, q0, r0, m0, 'trackhub/gps', ... (233 bytes))
1783052135: Sending PUBLISH to trackhub-laravel-subscriber (d0, q0, r0, m0, 'trackhub/gps', ... (233 bytes))
1783052138: Received PUBLISH from esp32-gps-01-32a50528 (d0, q0, r0, m0, 'trackhub/gps', ... (233 bytes))
1783052138: Sending PUBLISH to trackhub-laravel-subscriber (d0, q0, r0, m0, 'trackhub/gps', ... (233 bytes))
1783052141: Received PUBLISH from esp32-gps-01-32a50528 (d0, q0, r0, m0, 'trackhub/gps', ... (233 bytes))
1783052141: Sending PUBLISH to trackhub-laravel-subscriber (d0, q0, r0, m0, 'trackhub/gps', ... (233 bytes))
1783052144: Received PUBLISH from esp32-gps-01-32a50528 (d0, q0, r0, m0, 'trackhub/gps', ... (271 bytes))
1783052144: Sending PUBLISH to trackhub-laravel-subscriber (d0, q0, r0, m0, 'trackhub/gps', ... (271 bytes))
1783052147: Received PUBLISH from esp32-gps-01-32a50528 (d0, q0, r0, m0, 'trackhub/gps', ... (271 bytes))
1783052147: Sending PUBLISH to trackhub-laravel-subscriber (d0, q0, r0, m0, 'trackhub/gps', ... (271 bytes))
1783052148: Received PINGREQ from esp32-gps-01-32a50528
1783052148: Sending PINGRESP to esp32-gps-01-32a50528
1783052150: Received PUBLISH from esp32-gps-01-32a50528 (d0, q0, r0, m0, 'trackhub/gps', ... (271 bytes))
1783052150: Sending PUBLISH to trackhub-laravel-subscriber (d0, q0, r0, m0, 'trackhub/gps', ... (271 bytes))
1783052153: Received PUBLISH from esp32-gps-01-32a50528 (d0, q0, r0, m0, 'trackhub/gps', ... (271 bytes))
1783052153: Sending PUBLISH to trackhub-laravel-subscriber (d0, q0, r0, m0, 'trackhub/gps', ... (271 bytes))
1783052156: Client trackhub-laravel-subscriber has exceeded timeout, disconnecting.
1783052156: Received PUBLISH from esp32-gps-01-32a50528 (d0, q0, r0, m0, 'trackhub/gps', ... (271 bytes))
1783052159: Received PUBLISH from esp32-gps-01-32a50528 (d0, q0, r0, m0, 'trackhub/gps', ... (271 bytes))
1783052161: New connection from 192.168.141.167:58227 on port 1883.
1783052161: New client connected from 192.168.141.167:58227 as trackhub-laravel-subscriber (p2, c1, k30).
1783052161: No will message specified.
1783052161: Sending CONNACK to trackhub-laravel-subscriber (0, 0)
1783052161: Received SUBSCRIBE from trackhub-laravel-subscriber
1783052161: 	trackhub/gps (QoS 0)
1783052161: trackhub-laravel-subscriber 0 trackhub/gps
1783052161: Sending SUBACK to trackhub-laravel-subscriber
1783052162: Received PUBLISH from esp32-gps-01-32a50528 (d0, q0, r0, m0, 'trackhub/gps', ... (271 bytes))
1783052162: Sending PUBLISH to trackhub-laravel-subscriber (d0, q0, r0, m0, 'trackhub/gps', ... (271 bytes))
1783052163: Received PINGREQ from esp32-gps-01-32a50528
1783052163: Sending PINGRESP to esp32-gps-01-32a50528
1783052165: Received PUBLISH from esp32-gps-01-32a50528 (d0, q0, r0, m0, 'trackhub/gps', ... (271 bytes))
1783052165: Sending PUBLISH to trackhub-laravel-subscriber (d0, q0, r0, m0, 'trackhub/gps', ... (271 bytes))
1783052168: Received PUBLISH from esp32-gps-01-32a50528 (d0, q0, r0, m0, 'trackhub/gps', ... (276 bytes))
1783052168: Sending PUBLISH to trackhub-laravel-subscriber (d0, q0, r0, m0, 'trackhub/gps', ... (276 bytes))
1783052171: Received PUBLISH from esp32-gps-01-32a50528 (d0, q0, r0, m0, 'trackhub/gps', ... (276 bytes))
1783052171: Sending PUBLISH to trackhub-laravel-subscriber (d0, q0, r0, m0, 'trackhub/gps', ... (276 bytes))
1783052175: Received PUBLISH from esp32-gps-01-32a50528 (d0, q0, r0, m0, 'trackhub/gps', ... (276 bytes))
1783052175: Sending PUBLISH to trackhub-laravel-subscriber (d0, q0, r0, m0, 'trackhub/gps', ... (276 bytes))
1783052178: Received PUBLISH from esp32-gps-01-32a50528 (d0, q0, r0, m0, 'trackhub/gps', ... (276 bytes))
1783052178: Sending PUBLISH to trackhub-laravel-subscriber (d0, q0, r0, m0, 'trackhub/gps', ... (276 bytes))
1783052178: Received PINGREQ from esp32-gps-01-32a50528
1783052178: Sending PINGRESP to esp32-gps-01-32a50528
1783052181: Received PUBLISH from esp32-gps-01-32a50528 (d0, q0, r0, m0, 'trackhub/gps', ... (276 bytes))
1783052181: Sending PUBLISH to trackhub-laravel-subscriber (d0, q0, r0, m0, 'trackhub/gps', ... (276 bytes))
1783052184: Received PUBLISH from esp32-gps-01-32a50528 (d0, q0, r0, m0, 'trackhub/gps', ... (276 bytes))
1783052184: Sending PUBLISH to trackhub-laravel-subscriber (d0, q0, r0, m0, 'trackhub/gps', ... (276 bytes))
1783052187: Received PUBLISH from esp32-gps-01-32a50528 (d0, q0, r0, m0, 'trackhub/gps', ... (279 bytes))
1783052187: Sending PUBLISH to trackhub-laravel-subscriber (d0, q0, r0, m0, 'trackhub/gps', ... (279 bytes))
1783052190: Received PUBLISH from esp32-gps-01-32a50528 (d0, q0, r0, m0, 'trackhub/gps', ... (242 bytes))
1783052190: Sending PUBLISH to trackhub-laravel-subscriber (d0, q0, r0, m0, 'trackhub/gps', ... (242 bytes))
1783052193: Received PUBLISH from esp32-gps-01-32a50528 (d0, q0, r0, m0, 'trackhub/gps', ... (242 bytes))
1783052193: Sending PUBLISH to trackhub-laravel-subscriber (d0, q0, r0, m0, 'trackhub/gps', ... (242 bytes))
1783052193: Received PINGREQ from esp32-gps-01-32a50528
1783052193: Sending PINGRESP to esp32-gps-01-32a50528
1783052196: Received PUBLISH from esp32-gps-01-32a50528 (d0, q0, r0, m0, 'trackhub/gps', ... (242 bytes))
1783052196: Sending PUBLISH to trackhub-laravel-subscriber (d0, q0, r0, m0, 'trackhub/gps', ... (242 bytes))
1783052199: Received PUBLISH from esp32-gps-01-32a50528 (d0, q0, r0, m0, 'trackhub/gps', ... (243 bytes))
1783052199: Sending PUBLISH to trackhub-laravel-subscriber (d0, q0, r0, m0, 'trackhub/gps', ... (243 bytes))
1783052202: Received PUBLISH from esp32-gps-01-32a50528 (d0, q0, r0, m0, 'trackhub/gps', ... (242 bytes))
1783052202: Sending PUBLISH to trackhub-laravel-subscriber (d0, q0, r0, m0, 'trackhub/gps', ... (242 bytes))
1783052205: Received PUBLISH from esp32-gps-01-32a50528 (d0, q0, r0, m0, 'trackhub/gps', ... (243 bytes))
1783052205: Sending PUBLISH to trackhub-laravel-subscriber (d0, q0, r0, m0, 'trackhub/gps', ... (243 bytes))
1783052207: Client trackhub-laravel-subscriber has exceeded timeout, disconnecting.
1783052208: Received PINGREQ from esp32-gps-01-32a50528
1783052208: Sending PINGRESP to esp32-gps-01-32a50528
1783052208: Received PUBLISH from esp32-gps-01-32a50528 (d0, q0, r0, m0, 'trackhub/gps', ... (235 bytes))
1783052211: Received PUBLISH from esp32-gps-01-32a50528 (d0, q0, r0, m0, 'trackhub/gps', ... (235 bytes))
1783052212: New connection from 192.168.141.167:51518 on port 1883.
1783052212: New client connected from 192.168.141.167:51518 as trackhub-laravel-subscriber (p2, c1, k30).
1783052212: No will message specified.
1783052212: Sending CONNACK to trackhub-laravel-subscriber (0, 0)
1783052212: Received SUBSCRIBE from trackhub-laravel-subscriber
1783052212: 	trackhub/gps (QoS 0)
1783052212: trackhub-laravel-subscriber 0 trackhub/gps
1783052212: Sending SUBACK to trackhub-laravel-subscriber
1783052214: Received PUBLISH from esp32-gps-01-32a50528 (d0, q0, r0, m0, 'trackhub/gps', ... (235 bytes))
1783052214: Sending PUBLISH to trackhub-laravel-subscriber (d0, q0, r0, m0, 'trackhub/gps', ... (235 bytes))
1783052217: Received PUBLISH from esp32-gps-01-32a50528 (d0, q0, r0, m0, 'trackhub/gps', ... (235 bytes))
1783052217: Sending PUBLISH to trackhub-laravel-subscriber (d0, q0, r0, m0, 'trackhub/gps', ... (235 bytes))
1783052220: Received PUBLISH from esp32-gps-01-32a50528 (d0, q0, r0, m0, 'trackhub/gps', ... (235 bytes))
1783052220: Sending PUBLISH to trackhub-laravel-subscriber (d0, q0, r0, m0, 'trackhub/gps', ... (235 bytes))
1783052223: Received PINGREQ from esp32-gps-01-32a50528
1783052223: Sending PINGRESP to esp32-gps-01-32a50528
1783052223: Received PUBLISH from esp32-gps-01-32a50528 (d0, q0, r0, m0, 'trackhub/gps', ... (278 bytes))
1783052223: Sending PUBLISH to trackhub-laravel-subscriber (d0, q0, r0, m0, 'trackhub/gps', ... (278 bytes))
1783052226: Received PUBLISH from esp32-gps-01-32a50528 (d0, q0, r0, m0, 'trackhub/gps', ... (235 bytes))
1783052226: Sending PUBLISH to trackhub-laravel-subscriber (d0, q0, r0, m0, 'trackhub/gps', ... (235 bytes))
1783052229: Received PUBLISH from esp32-gps-01-32a50528 (d0, q0, r0, m0, 'trackhub/gps', ... (235 bytes))
1783052229: Sending PUBLISH to trackhub-laravel-subscriber (d0, q0, r0, m0, 'trackhub/gps', ... (235 bytes))
1783052232: Received PUBLISH from esp32-gps-01-32a50528 (d0, q0, r0, m0, 'trackhub/gps', ... (278 bytes))
1783052232: Sending PUBLISH to trackhub-laravel-subscriber (d0, q0, r0, m0, 'trackhub/gps', ... (278 bytes))
1783052235: Received PUBLISH from esp32-gps-01-32a50528 (d0, q0, r0, m0, 'trackhub/gps', ... (257 bytes))
1783052235: Sending PUBLISH to trackhub-laravel-subscriber (d0, q0, r0, m0, 'trackhub/gps', ... (257 bytes))
1783052238: Received PINGREQ from esp32-gps-01-32a50528
1783052238: Sending PINGRESP to esp32-gps-01-32a50528
1783052238: Received PUBLISH from esp32-gps-01-32a50528 (d0, q0, r0, m0, 'trackhub/gps', ... (257 bytes))
1783052238: Sending PUBLISH to trackhub-laravel-subscriber (d0, q0, r0, m0, 'trackhub/gps', ... (257 bytes))
1783052241: Received PUBLISH from esp32-gps-01-32a50528 (d0, q0, r0, m0, 'trackhub/gps', ... (257 bytes))
1783052241: Sending PUBLISH to trackhub-laravel-subscriber (d0, q0, r0, m0, 'trackhub/gps', ... (257 bytes))
1783052244: Received PUBLISH from esp32-gps-01-32a50528 (d0, q0, r0, m0, 'trackhub/gps', ... (257 bytes))
1783052244: Sending PUBLISH to trackhub-laravel-subscriber (d0, q0, r0, m0, 'trackhub/gps', ... (257 bytes))
1783052247: Received PUBLISH from esp32-gps-01-32a50528 (d0, q0, r0, m0, 'trackhub/gps', ... (270 bytes))
1783052247: Sending PUBLISH to trackhub-laravel-subscriber (d0, q0, r0, m0, 'trackhub/gps', ... (270 bytes))
1783052250: Received PUBLISH from esp32-gps-01-32a50528 (d0, q0, r0, m0, 'trackhub/gps', ... (270 bytes))
1783052250: Sending PUBLISH to trackhub-laravel-subscriber (d0, q0, r0, m0, 'trackhub/gps', ... (270 bytes))
1783052253: Received PINGREQ from esp32-gps-01-32a50528
1783052253: Sending PINGRESP to esp32-gps-01-32a50528
1783052253: Received PUBLISH from esp32-gps-01-32a50528 (d0, q0, r0, m0, 'trackhub/gps', ... (270 bytes))
1783052253: Sending PUBLISH to trackhub-laravel-subscriber (d0, q0, r0, m0, 'trackhub/gps', ... (270 bytes))
1783052256: Received PUBLISH from esp32-gps-01-32a50528 (d0, q0, r0, m0, 'trackhub/gps', ... (270 bytes))
1783052256: Sending PUBLISH to trackhub-laravel-subscriber (d0, q0, r0, m0, 'trackhub/gps', ... (270 bytes))
1783052258: Client trackhub-laravel-subscriber has exceeded timeout, disconnecting.
1783052259: Received PUBLISH from esp32-gps-01-32a50528 (d0, q0, r0, m0, 'trackhub/gps', ... (265 bytes))
1783052262: Received PUBLISH from esp32-gps-01-32a50528 (d0, q0, r0, m0, 'trackhub/gps', ... (265 bytes))
1783052263: New connection from 192.168.141.167:61599 on port 1883.
1783052263: New client connected from 192.168.141.167:61599 as trackhub-laravel-subscriber (p2, c1, k30).
1783052263: No will message specified.
1783052263: Sending CONNACK to trackhub-laravel-subscriber (0, 0)
1783052263: Received SUBSCRIBE from trackhub-laravel-subscriber
1783052263: 	trackhub/gps (QoS 0)
1783052263: trackhub-laravel-subscriber 0 trackhub/gps
1783052263: Sending SUBACK to trackhub-laravel-subscriber
1783052265: Received PUBLISH from esp32-gps-01-32a50528 (d0, q0, r0, m0, 'trackhub/gps', ... (265 bytes))
1783052265: Sending PUBLISH to trackhub-laravel-subscriber (d0, q0, r0, m0, 'trackhub/gps', ... (265 bytes))
1783052268: Received PINGREQ from esp32-gps-01-32a50528
1783052268: Sending PINGRESP to esp32-gps-01-32a50528
1783052268: Received PUBLISH from esp32-gps-01-32a50528 (d0, q0, r0, m0, 'trackhub/gps', ... (276 bytes))
1783052268: Sending PUBLISH to trackhub-laravel-subscriber (d0, q0, r0, m0, 'trackhub/gps', ... (276 bytes))
1783052271: Received PUBLISH from esp32-gps-01-32a50528 (d0, q0, r0, m0, 'trackhub/gps', ... (276 bytes))
1783052271: Sending PUBLISH to trackhub-laravel-subscriber (d0, q0, r0, m0, 'trackhub/gps', ... (276 bytes))
1783052274: Received PUBLISH from esp32-gps-01-32a50528 (d0, q0, r0, m0, 'trackhub/gps', ... (276 bytes))
1783052274: Sending PUBLISH to trackhub-laravel-subscriber (d0, q0, r0, m0, 'trackhub/gps', ... (276 bytes))
1783052277: Received PUBLISH from esp32-gps-01-32a50528 (d0, q0, r0, m0, 'trackhub/gps', ... (276 bytes))
1783052277: Sending PUBLISH to trackhub-laravel-subscriber (d0, q0, r0, m0, 'trackhub/gps', ... (276 bytes))
1783052280: Received PUBLISH from esp32-gps-01-32a50528 (d0, q0, r0, m0, 'trackhub/gps', ... (271 bytes))
1783052280: Sending PUBLISH to trackhub-laravel-subscriber (d0, q0, r0, m0, 'trackhub/gps', ... (271 bytes))
1783052283: Received PINGREQ from esp32-gps-01-32a50528
1783052283: Sending PINGRESP to esp32-gps-01-32a50528
1783052283: Received PUBLISH from esp32-gps-01-32a50528 (d0, q0, r0, m0, 'trackhub/gps', ... (271 bytes))
1783052283: Sending PUBLISH to trackhub-laravel-subscriber (d0, q0, r0, m0, 'trackhub/gps', ... (271 bytes))
1783052286: Received PUBLISH from esp32-gps-01-32a50528 (d0, q0, r0, m0, 'trackhub/gps', ... (271 bytes))
1783052286: Sending PUBLISH to trackhub-laravel-subscriber (d0, q0, r0, m0, 'trackhub/gps', ... (271 bytes))
1783052289: Received PUBLISH from esp32-gps-01-32a50528 (d0, q0, r0, m0, 'trackhub/gps', ... (271 bytes))
1783052289: Sending PUBLISH to trackhub-laravel-subscriber (d0, q0, r0, m0, 'trackhub/gps', ... (271 bytes))
1783052292: Received PUBLISH from esp32-gps-01-32a50528 (d0, q0, r0, m0, 'trackhub/gps', ... (271 bytes))
1783052292: Sending PUBLISH to trackhub-laravel-subscriber (d0, q0, r0, m0, 'trackhub/gps', ... (271 bytes))
1783052295: Received PUBLISH from esp32-gps-01-32a50528 (d0, q0, r0, m0, 'trackhub/gps', ... (276 bytes))
1783052295: Sending PUBLISH to trackhub-laravel-subscriber (d0, q0, r0, m0, 'trackhub/gps', ... (276 bytes))
1783052298: Received PINGREQ from esp32-gps-01-32a50528
1783052298: Sending PINGRESP to esp32-gps-01-32a50528
1783052298: Received PUBLISH from esp32-gps-01-32a50528 (d0, q0, r0, m0, 'trackhub/gps', ... (276 bytes))
1783052298: Sending PUBLISH to trackhub-laravel-subscriber (d0, q0, r0, m0, 'trackhub/gps', ... (276 bytes))
1783052301: Received PUBLISH from esp32-gps-01-32a50528 (d0, q0, r0, m0, 'trackhub/gps', ... (276 bytes))
1783052301: Sending PUBLISH to trackhub-laravel-subscriber (d0, q0, r0, m0, 'trackhub/gps', ... (276 bytes))
1783052304: Received PUBLISH from esp32-gps-01-32a50528 (d0, q0, r0, m0, 'trackhub/gps', ... (276 bytes))
1783052304: Sending PUBLISH to trackhub-laravel-subscriber (d0, q0, r0, m0, 'trackhub/gps', ... (276 bytes))
1783052307: Received PUBLISH from esp32-gps-01-32a50528 (d0, q0, r0, m0, 'trackhub/gps', ... (276 bytes))
1783052307: Sending PUBLISH to trackhub-laravel-subscriber (d0, q0, r0, m0, 'trackhub/gps', ... (276 bytes))
1783052309: Client trackhub-laravel-subscriber has exceeded timeout, disconnecting.
1783052310: Received PUBLISH from esp32-gps-01-32a50528 (d0, q0, r0, m0, 'trackhub/gps', ... (279 bytes))
1783052313: Received PINGREQ from esp32-gps-01-32a50528
1783052313: Sending PINGRESP to esp32-gps-01-32a50528
1783052313: Received PUBLISH from esp32-gps-01-32a50528 (d0, q0, r0, m0, 'trackhub/gps', ... (279 bytes))
1783052314: New connection from 192.168.141.167:57535 on port 1883.
1783052314: New client connected from 192.168.141.167:57535 as trackhub-laravel-subscriber (p2, c1, k30).
1783052314: No will message specified.
1783052314: Sending CONNACK to trackhub-laravel-subscriber (0, 0)
1783052314: Received SUBSCRIBE from trackhub-laravel-subscriber
1783052314: 	trackhub/gps (QoS 0)
1783052314: trackhub-laravel-subscriber 0 trackhub/gps
1783052314: Sending SUBACK to trackhub-laravel-subscriber
1783052316: Received PUBLISH from esp32-gps-01-32a50528 (d0, q0, r0, m0, 'trackhub/gps', ... (279 bytes))
1783052316: Sending PUBLISH to trackhub-laravel-subscriber (d0, q0, r0, m0, 'trackhub/gps', ... (279 bytes))
1783052319: Received PUBLISH from esp32-gps-01-32a50528 (d0, q0, r0, m0, 'trackhub/gps', ... (279 bytes))
1783052319: Sending PUBLISH to trackhub-laravel-subscriber (d0, q0, r0, m0, 'trackhub/gps', ... (279 bytes))
1783052322: Received PUBLISH from esp32-gps-01-32a50528 (d0, q0, r0, m0, 'trackhub/gps', ... (279 bytes))
1783052322: Sending PUBLISH to trackhub-laravel-subscriber (d0, q0, r0, m0, 'trackhub/gps', ... (279 bytes))
1783052325: Received PUBLISH from esp32-gps-01-32a50528 (d0, q0, r0, m0, 'trackhub/gps', ... (271 bytes))
1783052325: Sending PUBLISH to trackhub-laravel-subscriber (d0, q0, r0, m0, 'trackhub/gps', ... (271 bytes))
1783052328: Received PINGREQ from esp32-gps-01-32a50528
1783052328: Sending PINGRESP to esp32-gps-01-32a50528
1783052328: Received PUBLISH from esp32-gps-01-32a50528 (d0, q0, r0, m0, 'trackhub/gps', ... (271 bytes))
1783052328: Sending PUBLISH to trackhub-laravel-subscriber (d0, q0, r0, m0, 'trackhub/gps', ... (271 bytes))
1783052331: Received PUBLISH from esp32-gps-01-32a50528 (d0, q0, r0, m0, 'trackhub/gps', ... (271 bytes))
1783052331: Sending PUBLISH to trackhub-laravel-subscriber (d0, q0, r0, m0, 'trackhub/gps', ... (271 bytes))
1783052334: Received PUBLISH from esp32-gps-01-32a50528 (d0, q0, r0, m0, 'trackhub/gps', ... (271 bytes))
1783052334: Sending PUBLISH to trackhub-laravel-subscriber (d0, q0, r0, m0, 'trackhub/gps', ... (271 bytes))
1783052337: Received PUBLISH from esp32-gps-01-32a50528 (d0, q0, r0, m0, 'trackhub/gps', ... (271 bytes))
1783052337: Sending PUBLISH to trackhub-laravel-subscriber (d0, q0, r0, m0, 'trackhub/gps', ... (271 bytes))
1783052340: Received PUBLISH from esp32-gps-01-32a50528 (d0, q0, r0, m0, 'trackhub/gps', ... (271 bytes))
1783052340: Sending PUBLISH to trackhub-laravel-subscriber (d0, q0, r0, m0, 'trackhub/gps', ... (271 bytes))
1783052343: Received PINGREQ from esp32-gps-01-32a50528
1783052343: Sending PINGRESP to esp32-gps-01-32a50528
1783052343: Received PUBLISH from esp32-gps-01-32a50528 (d0, q0, r0, m0, 'trackhub/gps', ... (276 bytes))
1783052343: Sending PUBLISH to trackhub-laravel-subscriber (d0, q0, r0, m0, 'trackhub/gps', ... (276 bytes))
1783052346: Received PUBLISH from esp32-gps-01-32a50528 (d0, q0, r0, m0, 'trackhub/gps', ... (276 bytes))
1783052346: Sending PUBLISH to trackhub-laravel-subscriber (d0, q0, r0, m0, 'trackhub/gps', ... (276 bytes))
1783052349: Received PUBLISH from esp32-gps-01-32a50528 (d0, q0, r0, m0, 'trackhub/gps', ... (276 bytes))
1783052349: Sending PUBLISH to trackhub-laravel-subscriber (d0, q0, r0, m0, 'trackhub/gps', ... (276 bytes))
1783052353: Received PUBLISH from esp32-gps-01-32a50528 (d0, q0, r0, m0, 'trackhub/gps', ... (276 bytes))
1783052353: Sending PUBLISH to trackhub-laravel-subscriber (d0, q0, r0, m0, 'trackhub/gps', ... (276 bytes))
1783052356: Received PUBLISH from esp32-gps-01-32a50528 (d0, q0, r0, m0, 'trackhub/gps', ... (276 bytes))
1783052356: Sending PUBLISH to trackhub-laravel-subscriber (d0, q0, r0, m0, 'trackhub/gps', ... (276 bytes))
1783052358: Received PINGREQ from esp32-gps-01-32a50528
1783052358: Sending PINGRESP to esp32-gps-01-32a50528
1783052359: Received PUBLISH from esp32-gps-01-32a50528 (d0, q0, r0, m0, 'trackhub/gps', ... (279 bytes))
1783052359: Sending PUBLISH to trackhub-laravel-subscriber (d0, q0, r0, m0, 'trackhub/gps', ... (279 bytes))
1783052360: Client trackhub-laravel-subscriber has exceeded timeout, disconnecting.
1783052362: Received PUBLISH from esp32-gps-01-32a50528 (d0, q0, r0, m0, 'trackhub/gps', ... (279 bytes))
1783052365: Received PUBLISH from esp32-gps-01-32a50528 (d0, q0, r0, m0, 'trackhub/gps', ... (242 bytes))
1783052365: New connection from 192.168.141.167:56127 on port 1883.
1783052365: New client connected from 192.168.141.167:56127 as trackhub-laravel-subscriber (p2, c1, k30).
1783052365: No will message specified.
1783052365: Sending CONNACK to trackhub-laravel-subscriber (0, 0)
1783052365: Received SUBSCRIBE from trackhub-laravel-subscriber
1783052365: 	trackhub/gps (QoS 0)
1783052365: trackhub-laravel-subscriber 0 trackhub/gps
1783052365: Sending SUBACK to trackhub-laravel-subscriber
1783052368: Received PUBLISH from esp32-gps-01-32a50528 (d0, q0, r0, m0, 'trackhub/gps', ... (242 bytes))
1783052368: Sending PUBLISH to trackhub-laravel-subscriber (d0, q0, r0, m0, 'trackhub/gps', ... (242 bytes))
1783052371: Received PUBLISH from esp32-gps-01-32a50528 (d0, q0, r0, m0, 'trackhub/gps', ... (242 bytes))
1783052371: Sending PUBLISH to trackhub-laravel-subscriber (d0, q0, r0, m0, 'trackhub/gps', ... (242 bytes))
1783052373: Received PINGREQ from esp32-gps-01-32a50528
1783052373: Sending PINGRESP to esp32-gps-01-32a50528
1783052374: Received PUBLISH from esp32-gps-01-32a50528 (d0, q0, r0, m0, 'trackhub/gps', ... (243 bytes))
1783052374: Sending PUBLISH to trackhub-laravel-subscriber (d0, q0, r0, m0, 'trackhub/gps', ... (243 bytes))
1783052377: Received PUBLISH from esp32-gps-01-32a50528 (d0, q0, r0, m0, 'trackhub/gps', ... (243 bytes))
1783052377: Sending PUBLISH to trackhub-laravel-subscriber (d0, q0, r0, m0, 'trackhub/gps', ... (243 bytes))
1783052380: Received PUBLISH from esp32-gps-01-32a50528 (d0, q0, r0, m0, 'trackhub/gps', ... (235 bytes))
1783052380: Sending PUBLISH to trackhub-laravel-subscriber (d0, q0, r0, m0, 'trackhub/gps', ... (235 bytes))
1783052383: Received PUBLISH from esp32-gps-01-32a50528 (d0, q0, r0, m0, 'trackhub/gps', ... (235 bytes))
1783052383: Sending PUBLISH to trackhub-laravel-subscriber (d0, q0, r0, m0, 'trackhub/gps', ... (235 bytes))
1783052386: Received PUBLISH from esp32-gps-01-32a50528 (d0, q0, r0, m0, 'trackhub/gps', ... (242 bytes))
1783052386: Sending PUBLISH to trackhub-laravel-subscriber (d0, q0, r0, m0, 'trackhub/gps', ... (242 bytes))
1783052388: Received PINGREQ from esp32-gps-01-32a50528
1783052388: Sending PINGRESP to esp32-gps-01-32a50528
1783052389: Received PUBLISH from esp32-gps-01-32a50528 (d0, q0, r0, m0, 'trackhub/gps', ... (235 bytes))
1783052389: Sending PUBLISH to trackhub-laravel-subscriber (d0, q0, r0, m0, 'trackhub/gps', ... (235 bytes))
1783052392: Received PUBLISH from esp32-gps-01-32a50528 (d0, q0, r0, m0, 'trackhub/gps', ... (235 bytes))
1783052392: Sending PUBLISH to trackhub-laravel-subscriber (d0, q0, r0, m0, 'trackhub/gps', ... (235 bytes))
1783052395: Received PUBLISH from esp32-gps-01-32a50528 (d0, q0, r0, m0, 'trackhub/gps', ... (235 bytes))
1783052395: Sending PUBLISH to trackhub-laravel-subscriber (d0, q0, r0, m0, 'trackhub/gps', ... (235 bytes))
1783052398: Received PUBLISH from esp32-gps-01-32a50528 (d0, q0, r0, m0, 'trackhub/gps', ... (235 bytes))
1783052398: Sending PUBLISH to trackhub-laravel-subscriber (d0, q0, r0, m0, 'trackhub/gps', ... (235 bytes))
1783052401: Received PUBLISH from esp32-gps-01-32a50528 (d0, q0, r0, m0, 'trackhub/gps', ... (235 bytes))
1783052401: Sending PUBLISH to trackhub-laravel-subscriber (d0, q0, r0, m0, 'trackhub/gps', ... (235 bytes))
1783052403: Received PINGREQ from esp32-gps-01-32a50528
1783052403: Sending PINGRESP to esp32-gps-01-32a50528
1783052404: Received PUBLISH from esp32-gps-01-32a50528 (d0, q0, r0, m0, 'trackhub/gps', ... (235 bytes))
1783052404: Sending PUBLISH to trackhub-laravel-subscriber (d0, q0, r0, m0, 'trackhub/gps', ... (235 bytes))
1783052407: Received PUBLISH from esp32-gps-01-32a50528 (d0, q0, r0, m0, 'trackhub/gps', ... (278 bytes))
1783052407: Sending PUBLISH to trackhub-laravel-subscriber (d0, q0, r0, m0, 'trackhub/gps', ... (278 bytes))
1783052410: Received PUBLISH from esp32-gps-01-32a50528 (d0, q0, r0, m0, 'trackhub/gps', ... (257 bytes))
1783052410: Sending PUBLISH to trackhub-laravel-subscriber (d0, q0, r0, m0, 'trackhub/gps', ... (257 bytes))
1783052411: Client trackhub-laravel-subscriber has exceeded timeout, disconnecting.
1783052413: Received PUBLISH from esp32-gps-01-32a50528 (d0, q0, r0, m0, 'trackhub/gps', ... (257 bytes))
1783052416: Received PUBLISH from esp32-gps-01-32a50528 (d0, q0, r0, m0, 'trackhub/gps', ... (257 bytes))
1783052416: New connection from 192.168.141.167:64853 on port 1883.
1783052416: New client connected from 192.168.141.167:64853 as trackhub-laravel-subscriber (p2, c1, k30).
1783052416: No will message specified.
1783052416: Sending CONNACK to trackhub-laravel-subscriber (0, 0)
1783052416: Received SUBSCRIBE from trackhub-laravel-subscriber
1783052416: 	trackhub/gps (QoS 0)
1783052416: trackhub-laravel-subscriber 0 trackhub/gps
1783052416: Sending SUBACK to trackhub-laravel-subscriber
1783052418: Received PINGREQ from esp32-gps-01-32a50528
1783052418: Sending PINGRESP to esp32-gps-01-32a50528
1783052419: Received PUBLISH from esp32-gps-01-32a50528 (d0, q0, r0, m0, 'trackhub/gps', ... (257 bytes))
1783052419: Sending PUBLISH to trackhub-laravel-subscriber (d0, q0, r0, m0, 'trackhub/gps', ... (257 bytes))
1783052422: Received PUBLISH from esp32-gps-01-32a50528 (d0, q0, r0, m0, 'trackhub/gps', ... (271 bytes))
1783052422: Sending PUBLISH to trackhub-laravel-subscriber (d0, q0, r0, m0, 'trackhub/gps', ... (271 bytes))
1783052425: Received PUBLISH from esp32-gps-01-32a50528 (d0, q0, r0, m0, 'trackhub/gps', ... (271 bytes))
1783052425: Sending PUBLISH to trackhub-laravel-subscriber (d0, q0, r0, m0, 'trackhub/gps', ... (271 bytes))
1783052428: Received PUBLISH from esp32-gps-01-32a50528 (d0, q0, r0, m0, 'trackhub/gps', ... (271 bytes))
1783052428: Sending PUBLISH to trackhub-laravel-subscriber (d0, q0, r0, m0, 'trackhub/gps', ... (271 bytes))
1783052431: Received PUBLISH from esp32-gps-01-32a50528 (d0, q0, r0, m0, 'trackhub/gps', ... (263 bytes))
1783052431: Sending PUBLISH to trackhub-laravel-subscriber (d0, q0, r0, m0, 'trackhub/gps', ... (263 bytes))
1783052433: Received PINGREQ from esp32-gps-01-32a50528
1783052433: Sending PINGRESP to esp32-gps-01-32a50528
1783052434: Received PUBLISH from esp32-gps-01-32a50528 (d0, q0, r0, m0, 'trackhub/gps', ... (263 bytes))
1783052434: Sending PUBLISH to trackhub-laravel-subscriber (d0, q0, r0, m0, 'trackhub/gps', ... (263 bytes))
1783052437: Received PUBLISH from esp32-gps-01-32a50528 (d0, q0, r0, m0, 'trackhub/gps', ... (263 bytes))
1783052437: Sending PUBLISH to trackhub-laravel-subscriber (d0, q0, r0, m0, 'trackhub/gps', ... (263 bytes))
1783052440: Received PUBLISH from esp32-gps-01-32a50528 (d0, q0, r0, m0, 'trackhub/gps', ... (263 bytes))
1783052440: Sending PUBLISH to trackhub-laravel-subscriber (d0, q0, r0, m0, 'trackhub/gps', ... (263 bytes))
1783052443: Received PUBLISH from esp32-gps-01-32a50528 (d0, q0, r0, m0, 'trackhub/gps', ... (263 bytes))
1783052443: Sending PUBLISH to trackhub-laravel-subscriber (d0, q0, r0, m0, 'trackhub/gps', ... (263 bytes))
1783052446: Received PUBLISH from esp32-gps-01-32a50528 (d0, q0, r0, m0, 'trackhub/gps', ... (274 bytes))
1783052446: Sending PUBLISH to trackhub-laravel-subscriber (d0, q0, r0, m0, 'trackhub/gps', ... (274 bytes))
1783052448: Received PINGREQ from esp32-gps-01-32a50528
1783052448: Sending PINGRESP to esp32-gps-01-32a50528
1783052449: Received PUBLISH from esp32-gps-01-32a50528 (d0, q0, r0, m0, 'trackhub/gps', ... (274 bytes))
1783052449: Sending PUBLISH to trackhub-laravel-subscriber (d0, q0, r0, m0, 'trackhub/gps', ... (274 bytes))
1783052452: Received PUBLISH from esp32-gps-01-32a50528 (d0, q0, r0, m0, 'trackhub/gps', ... (274 bytes))
1783052452: Sending PUBLISH to trackhub-laravel-subscriber (d0, q0, r0, m0, 'trackhub/gps', ... (274 bytes))
1783052455: Received PUBLISH from esp32-gps-01-32a50528 (d0, q0, r0, m0, 'trackhub/gps', ... (274 bytes))
1783052455: Sending PUBLISH to trackhub-laravel-subscriber (d0, q0, r0, m0, 'trackhub/gps', ... (274 bytes))
1783052458: Received PUBLISH from esp32-gps-01-32a50528 (d0, q0, r0, m0, 'trackhub/gps', ... (274 bytes))
1783052458: Sending PUBLISH to trackhub-laravel-subscriber (d0, q0, r0, m0, 'trackhub/gps', ... (274 bytes))
1783052461: Received PUBLISH from esp32-gps-01-32a50528 (d0, q0, r0, m0, 'trackhub/gps', ... (274 bytes))
1783052461: Sending PUBLISH to trackhub-laravel-subscriber (d0, q0, r0, m0, 'trackhub/gps', ... (274 bytes))
1783052462: Client trackhub-laravel-subscriber has exceeded timeout, disconnecting.
1783052463: Received PINGREQ from esp32-gps-01-32a50528
1783052463: Sending PINGRESP to esp32-gps-01-32a50528
1783052464: Received PUBLISH from esp32-gps-01-32a50528 (d0, q0, r0, m0, 'trackhub/gps', ... (274 bytes))
1783052467: New connection from 192.168.141.167:61042 on port 1883.
1783052467: New client connected from 192.168.141.167:61042 as trackhub-laravel-subscriber (p2, c1, k30).
1783052467: No will message specified.
1783052467: Sending CONNACK to trackhub-laravel-subscriber (0, 0)
1783052467: Received SUBSCRIBE from trackhub-laravel-subscriber
1783052467: 	trackhub/gps (QoS 0)
1783052467: trackhub-laravel-subscriber 0 trackhub/gps
1783052467: Sending SUBACK to trackhub-laravel-subscriber
1783052467: Received PUBLISH from esp32-gps-01-32a50528 (d0, q0, r0, m0, 'trackhub/gps', ... (274 bytes))
1783052467: Sending PUBLISH to trackhub-laravel-subscriber (d0, q0, r0, m0, 'trackhub/gps', ... (274 bytes))
1783052470: Received PUBLISH from esp32-gps-01-32a50528 (d0, q0, r0, m0, 'trackhub/gps', ... (274 bytes))
1783052470: Sending PUBLISH to trackhub-laravel-subscriber (d0, q0, r0, m0, 'trackhub/gps', ... (274 bytes))
1783052473: Received PUBLISH from esp32-gps-01-32a50528 (d0, q0, r0, m0, 'trackhub/gps', ... (271 bytes))
1783052473: Sending PUBLISH to trackhub-laravel-subscriber (d0, q0, r0, m0, 'trackhub/gps', ... (271 bytes))
1783052476: Received PUBLISH from esp32-gps-01-32a50528 (d0, q0, r0, m0, 'trackhub/gps', ... (271 bytes))
1783052476: Sending PUBLISH to trackhub-laravel-subscriber (d0, q0, r0, m0, 'trackhub/gps', ... (271 bytes))
1783052478: Received PINGREQ from esp32-gps-01-32a50528
1783052478: Sending PINGRESP to esp32-gps-01-32a50528
1783052479: Received PUBLISH from esp32-gps-01-32a50528 (d0, q0, r0, m0, 'trackhub/gps', ... (271 bytes))
1783052479: Sending PUBLISH to trackhub-laravel-subscriber (d0, q0, r0, m0, 'trackhub/gps', ... (271 bytes))
1783052482: Received PUBLISH from esp32-gps-01-32a50528 (d0, q0, r0, m0, 'trackhub/gps', ... (271 bytes))
1783052482: Sending PUBLISH to trackhub-laravel-subscriber (d0, q0, r0, m0, 'trackhub/gps', ... (271 bytes))
1783052485: Received PUBLISH from esp32-gps-01-32a50528 (d0, q0, r0, m0, 'trackhub/gps', ... (271 bytes))
1783052485: Sending PUBLISH to trackhub-laravel-subscriber (d0, q0, r0, m0, 'trackhub/gps', ... (271 bytes))
1783052488: Received PUBLISH from esp32-gps-01-32a50528 (d0, q0, r0, m0, 'trackhub/gps', ... (271 bytes))
1783052488: Sending PUBLISH to trackhub-laravel-subscriber (d0, q0, r0, m0, 'trackhub/gps', ... (271 bytes))
1783052491: Received PUBLISH from esp32-gps-01-32a50528 (d0, q0, r0, m0, 'trackhub/gps', ... (271 bytes))
1783052491: Sending PUBLISH to trackhub-laravel-subscriber (d0, q0, r0, m0, 'trackhub/gps', ... (271 bytes))
1783052493: Received PINGREQ from esp32-gps-01-32a50528
1783052493: Sending PINGRESP to esp32-gps-01-32a50528
1783052494: Received PUBLISH from esp32-gps-01-32a50528 (d0, q0, r0, m0, 'trackhub/gps', ... (271 bytes))
1783052494: Sending PUBLISH to trackhub-laravel-subscriber (d0, q0, r0, m0, 'trackhub/gps', ... (271 bytes))
1783052497: Received PUBLISH from esp32-gps-01-32a50528 (d0, q0, r0, m0, 'trackhub/gps', ... (271 bytes))
1783052497: Sending PUBLISH to trackhub-laravel-subscriber (d0, q0, r0, m0, 'trackhub/gps', ... (271 bytes))
1783052500: Received PUBLISH from esp32-gps-01-32a50528 (d0, q0, r0, m0, 'trackhub/gps', ... (276 bytes))
1783052500: Sending PUBLISH to trackhub-laravel-subscriber (d0, q0, r0, m0, 'trackhub/gps', ... (276 bytes))
1783052503: Received PUBLISH from esp32-gps-01-32a50528 (d0, q0, r0, m0, 'trackhub/gps', ... (276 bytes))
1783052503: Sending PUBLISH to trackhub-laravel-subscriber (d0, q0, r0, m0, 'trackhub/gps', ... (276 bytes))
1783052506: Received PUBLISH from esp32-gps-01-32a50528 (d0, q0, r0, m0, 'trackhub/gps', ... (276 bytes))
1783052506: Sending PUBLISH to trackhub-laravel-subscriber (d0, q0, r0, m0, 'trackhub/gps', ... (276 bytes))
1783052508: Received PINGREQ from esp32-gps-01-32a50528
1783052508: Sending PINGRESP to esp32-gps-01-32a50528
1783052509: Received PUBLISH from esp32-gps-01-32a50528 (d0, q0, r0, m0, 'trackhub/gps', ... (276 bytes))
1783052509: Sending PUBLISH to trackhub-laravel-subscriber (d0, q0, r0, m0, 'trackhub/gps', ... (276 bytes))
1783052512: Received PUBLISH from esp32-gps-01-32a50528 (d0, q0, r0, m0, 'trackhub/gps', ... (276 bytes))
1783052512: Sending PUBLISH to trackhub-laravel-subscriber (d0, q0, r0, m0, 'trackhub/gps', ... (276 bytes))
1783052513: Client trackhub-laravel-subscriber has exceeded timeout, disconnecting.
1783052515: Received PUBLISH from esp32-gps-01-32a50528 (d0, q0, r0, m0, 'trackhub/gps', ... (276 bytes))
1783052518: New connection from 192.168.141.167:59584 on port 1883.
1783052518: New client connected from 192.168.141.167:59584 as trackhub-laravel-subscriber (p2, c1, k30).
1783052518: No will message specified.
1783052518: Sending CONNACK to trackhub-laravel-subscriber (0, 0)
1783052518: Received SUBSCRIBE from trackhub-laravel-subscriber
1783052518: 	trackhub/gps (QoS 0)
1783052518: trackhub-laravel-subscriber 0 trackhub/gps
1783052518: Sending SUBACK to trackhub-laravel-subscriber
1783052518: Received PUBLISH from esp32-gps-01-32a50528 (d0, q0, r0, m0, 'trackhub/gps', ... (276 bytes))
1783052518: Sending PUBLISH to trackhub-laravel-subscriber (d0, q0, r0, m0, 'trackhub/gps', ... (276 bytes))
1783052522: Received PUBLISH from esp32-gps-01-32a50528 (d0, q0, r0, m0, 'trackhub/gps', ... (276 bytes))
1783052522: Sending PUBLISH to trackhub-laravel-subscriber (d0, q0, r0, m0, 'trackhub/gps', ... (276 bytes))
1783052523: Received PINGREQ from esp32-gps-01-32a50528
1783052523: Sending PINGRESP to esp32-gps-01-32a50528
1783052524: Received PUBLISH from esp32-gps-01-32a50528 (d0, q0, r0, m0, 'trackhub/gps', ... (276 bytes))
1783052524: Sending PUBLISH to trackhub-laravel-subscriber (d0, q0, r0, m0, 'trackhub/gps', ... (276 bytes))
1783052527: Received PUBLISH from esp32-gps-01-32a50528 (d0, q0, r0, m0, 'trackhub/gps', ... (276 bytes))
1783052527: Sending PUBLISH to trackhub-laravel-subscriber (d0, q0, r0, m0, 'trackhub/gps', ... (276 bytes))
1783052530: Received PUBLISH from esp32-gps-01-32a50528 (d0, q0, r0, m0, 'trackhub/gps', ... (276 bytes))
1783052530: Sending PUBLISH to trackhub-laravel-subscriber (d0, q0, r0, m0, 'trackhub/gps', ... (276 bytes))
1783052534: Received PUBLISH from esp32-gps-01-32a50528 (d0, q0, r0, m0, 'trackhub/gps', ... (276 bytes))
1783052534: Sending PUBLISH to trackhub-laravel-subscriber (d0, q0, r0, m0, 'trackhub/gps', ... (276 bytes))
1783052537: Received PUBLISH from esp32-gps-01-32a50528 (d0, q0, r0, m0, 'trackhub/gps', ... (276 bytes))
1783052537: Sending PUBLISH to trackhub-laravel-subscriber (d0, q0, r0, m0, 'trackhub/gps', ... (276 bytes))
1783052538: Received PINGREQ from esp32-gps-01-32a50528
1783052538: Sending PINGRESP to esp32-gps-01-32a50528
1783052540: Received PUBLISH from esp32-gps-01-32a50528 (d0, q0, r0, m0, 'trackhub/gps', ... (276 bytes))
1783052540: Sending PUBLISH to trackhub-laravel-subscriber (d0, q0, r0, m0, 'trackhub/gps', ... (276 bytes))
1783052543: Received PUBLISH from esp32-gps-01-32a50528 (d0, q0, r0, m0, 'trackhub/gps', ... (276 bytes))
1783052543: Sending PUBLISH to trackhub-laravel-subscriber (d0, q0, r0, m0, 'trackhub/gps', ... (276 bytes))
1783052553: Received PINGREQ from trackhub-laravel-subscriber
1783052553: Sending PINGRESP to trackhub-laravel-subscriber
1783052563: Received PINGREQ from trackhub-laravel-subscriber
1783052563: Sending PINGRESP to trackhub-laravel-subscriber
1783052565: Client esp32-gps-01-32a50528 has exceeded timeout, disconnecting.
1783052573: Received PINGREQ from trackhub-laravel-subscriber
1783052573: Sending PINGRESP to trackhub-laravel-subscriber
1783052583: Received PINGREQ from trackhub-laravel-subscriber
1783052583: Sending PINGRESP to trackhub-laravel-subscriber
1783052593: Received PINGREQ from trackhub-laravel-subscriber
1783052593: Sending PINGRESP to trackhub-laravel-subscriber
1783052603: Received PINGREQ from trackhub-laravel-subscriber
1783052603: Sending PINGRESP to trackhub-laravel-subscriber
1783052613: Received PINGREQ from trackhub-laravel-subscriber
1783052613: Sending PINGRESP to trackhub-laravel-subscriber
1783052623: Received PINGREQ from trackhub-laravel-subscriber
1783052623: Sending PINGRESP to trackhub-laravel-subscriber
1783052633: Received PINGREQ from trackhub-laravel-subscriber
1783052633: Sending PINGRESP to trackhub-laravel-subscriber
1783052638: New connection from 192.168.141.57:59431 on port 1883.
1783052638: New client connected from 192.168.141.57:59431 as esp32-gps-01-32a50528 (p2, c1, k15).
1783052638: No will message specified.
1783052638: Sending CONNACK to esp32-gps-01-32a50528 (0, 0)
1783052638: Received PUBLISH from esp32-gps-01-32a50528 (d0, q0, r0, m0, 'trackhub/gps', ... (240 bytes))
1783052638: Sending PUBLISH to trackhub-laravel-subscriber (d0, q0, r0, m0, 'trackhub/gps', ... (240 bytes))
1783052641: Received PUBLISH from esp32-gps-01-32a50528 (d0, q0, r0, m0, 'trackhub/gps', ... (270 bytes))
1783052641: Sending PUBLISH to trackhub-laravel-subscriber (d0, q0, r0, m0, 'trackhub/gps', ... (270 bytes))
1783052644: Received PUBLISH from esp32-gps-01-32a50528 (d0, q0, r0, m0, 'trackhub/gps', ... (274 bytes))
1783052644: Sending PUBLISH to trackhub-laravel-subscriber (d0, q0, r0, m0, 'trackhub/gps', ... (274 bytes))
1783052647: Received PUBLISH from esp32-gps-01-32a50528 (d0, q0, r0, m0, 'trackhub/gps', ... (276 bytes))
1783052647: Sending PUBLISH to trackhub-laravel-subscriber (d0, q0, r0, m0, 'trackhub/gps', ... (276 bytes))
1783052650: Received PUBLISH from esp32-gps-01-32a50528 (d0, q0, r0, m0, 'trackhub/gps', ... (274 bytes))
1783052650: Sending PUBLISH to trackhub-laravel-subscriber (d0, q0, r0, m0, 'trackhub/gps', ... (274 bytes))
1783052653: Received PINGREQ from esp32-gps-01-32a50528
1783052653: Sending PINGRESP to esp32-gps-01-32a50528
1783052653: Received PUBLISH from esp32-gps-01-32a50528 (d0, q0, r0, m0, 'trackhub/gps', ... (274 bytes))
1783052653: Sending PUBLISH to trackhub-laravel-subscriber (d0, q0, r0, m0, 'trackhub/gps', ... (274 bytes))
1783052656: Received PUBLISH from esp32-gps-01-32a50528 (d0, q0, r0, m0, 'trackhub/gps', ... (274 bytes))
1783052656: Sending PUBLISH to trackhub-laravel-subscriber (d0, q0, r0, m0, 'trackhub/gps', ... (274 bytes))
1783052659: Received PUBLISH from esp32-gps-01-32a50528 (d0, q0, r0, m0, 'trackhub/gps', ... (274 bytes))
1783052659: Sending PUBLISH to trackhub-laravel-subscriber (d0, q0, r0, m0, 'trackhub/gps', ... (274 bytes))
1783052662: Received PUBLISH from esp32-gps-01-32a50528 (d0, q0, r0, m0, 'trackhub/gps', ... (274 bytes))
1783052662: Sending PUBLISH to trackhub-laravel-subscriber (d0, q0, r0, m0, 'trackhub/gps', ... (274 bytes))
1783052665: Received PUBLISH from esp32-gps-01-32a50528 (d0, q0, r0, m0, 'trackhub/gps', ... (263 bytes))
1783052665: Sending PUBLISH to trackhub-laravel-subscriber (d0, q0, r0, m0, 'trackhub/gps', ... (263 bytes))
1783052668: Received PINGREQ from esp32-gps-01-32a50528
1783052668: Sending PINGRESP to esp32-gps-01-32a50528
1783052668: Received PUBLISH from esp32-gps-01-32a50528 (d0, q0, r0, m0, 'trackhub/gps', ... (263 bytes))
1783052668: Sending PUBLISH to trackhub-laravel-subscriber (d0, q0, r0, m0, 'trackhub/gps', ... (263 bytes))
1783052671: Received PUBLISH from esp32-gps-01-32a50528 (d0, q0, r0, m0, 'trackhub/gps', ... (263 bytes))
1783052671: Sending PUBLISH to trackhub-laravel-subscriber (d0, q0, r0, m0, 'trackhub/gps', ... (263 bytes))
1783052674: Received PUBLISH from esp32-gps-01-32a50528 (d0, q0, r0, m0, 'trackhub/gps', ... (263 bytes))
1783052674: Sending PUBLISH to trackhub-laravel-subscriber (d0, q0, r0, m0, 'trackhub/gps', ... (263 bytes))
1783052677: Received PUBLISH from esp32-gps-01-32a50528 (d0, q0, r0, m0, 'trackhub/gps', ... (263 bytes))
1783052677: Sending PUBLISH to trackhub-laravel-subscriber (d0, q0, r0, m0, 'trackhub/gps', ... (263 bytes))
1783052678: Client trackhub-laravel-subscriber has exceeded timeout, disconnecting.
1783052680: Received PUBLISH from esp32-gps-01-32a50528 (d0, q0, r0, m0, 'trackhub/gps', ... (263 bytes))
1783052683: New connection from 192.168.141.167:49882 on port 1883.
1783052683: New client connected from 192.168.141.167:49882 as trackhub-laravel-subscriber (p2, c1, k30).
1783052683: No will message specified.
1783052683: Sending CONNACK to trackhub-laravel-subscriber (0, 0)
1783052683: Received SUBSCRIBE from trackhub-laravel-subscriber
1783052683: 	trackhub/gps (QoS 0)
1783052683: trackhub-laravel-subscriber 0 trackhub/gps
1783052683: Sending SUBACK to trackhub-laravel-subscriber
1783052683: Received PINGREQ from esp32-gps-01-32a50528
1783052683: Sending PINGRESP to esp32-gps-01-32a50528
1783052683: Received PUBLISH from esp32-gps-01-32a50528 (d0, q0, r0, m0, 'trackhub/gps', ... (278 bytes))
1783052683: Sending PUBLISH to trackhub-laravel-subscriber (d0, q0, r0, m0, 'trackhub/gps', ... (278 bytes))
1783052686: Received PUBLISH from esp32-gps-01-32a50528 (d0, q0, r0, m0, 'trackhub/gps', ... (241 bytes))
1783052686: Sending PUBLISH to trackhub-laravel-subscriber (d0, q0, r0, m0, 'trackhub/gps', ... (241 bytes))
1783052688: Client trackhub-laravel-subscriber closed its connection.
1783052689: Received PUBLISH from esp32-gps-01-32a50528 (d0, q0, r0, m0, 'trackhub/gps', ... (241 bytes))
1783052693: Received PUBLISH from esp32-gps-01-32a50528 (d0, q0, r0, m0, 'trackhub/gps', ... (241 bytes))
1783052693: mosquitto version 2.0.22 terminating
1783052693: Saving in-memory database to D:\gpstracker\MQTT\mosquitto\data\\mosquitto.db.
1783061528: mosquitto version 2.0.22 starting
1783061528: Config loaded from D:\gpstracker\MQTT\mosquitto-local.conf.
1783061528: Opening ipv4 listen socket on port 1883.
1783061528: mosquitto version 2.0.22 running
1783061738: New connection from 192.168.141.167:63451 on port 1883.
1783061738: New client connected from 192.168.141.167:63451 as trackhub-laravel-subscriber (p2, c1, k30).
1783061738: No will message specified.
1783061738: Sending CONNACK to trackhub-laravel-subscriber (0, 0)
1783061738: Received SUBSCRIBE from trackhub-laravel-subscriber
1783061738: 	trackhub/gps (QoS 0)
1783061738: trackhub-laravel-subscriber 0 trackhub/gps
1783061738: Sending SUBACK to trackhub-laravel-subscriber
1783061748: Received PINGREQ from trackhub-laravel-subscriber
1783061748: Sending PINGRESP to trackhub-laravel-subscriber
1783061758: Received PINGREQ from trackhub-laravel-subscriber
1783061758: Sending PINGRESP to trackhub-laravel-subscriber
1783061768: Received PINGREQ from trackhub-laravel-subscriber
1783061768: Sending PINGRESP to trackhub-laravel-subscriber
1783061778: Received PINGREQ from trackhub-laravel-subscriber
1783061778: Sending PINGRESP to trackhub-laravel-subscriber
1783061788: Received PINGREQ from trackhub-laravel-subscriber
1783061788: Sending PINGRESP to trackhub-laravel-subscriber
1783061798: Received PINGREQ from trackhub-laravel-subscriber
1783061798: Sending PINGRESP to trackhub-laravel-subscriber
1783061808: Received PINGREQ from trackhub-laravel-subscriber
1783061808: Sending PINGRESP to trackhub-laravel-subscriber
1783061818: Received PINGREQ from trackhub-laravel-subscriber
1783061818: Sending PINGRESP to trackhub-laravel-subscriber
1783061828: Received PINGREQ from trackhub-laravel-subscriber
1783061828: Sending PINGRESP to trackhub-laravel-subscriber
1783061838: Received PINGREQ from trackhub-laravel-subscriber
1783061838: Sending PINGRESP to trackhub-laravel-subscriber
1783061848: Received PINGREQ from trackhub-laravel-subscriber
1783061848: Sending PINGRESP to trackhub-laravel-subscriber
1783061858: Received PINGREQ from trackhub-laravel-subscriber
1783061858: Sending PINGRESP to trackhub-laravel-subscriber
1783061868: Received PINGREQ from trackhub-laravel-subscriber
1783061868: Sending PINGRESP to trackhub-laravel-subscriber
1783061878: Received PINGREQ from trackhub-laravel-subscriber
1783061878: Sending PINGRESP to trackhub-laravel-subscriber
1783061888: Received PINGREQ from trackhub-laravel-subscriber
1783061888: Sending PINGRESP to trackhub-laravel-subscriber
1783061898: Received PINGREQ from trackhub-laravel-subscriber
1783061898: Sending PINGRESP to trackhub-laravel-subscriber
1783061908: Received PINGREQ from trackhub-laravel-subscriber
1783061908: Sending PINGRESP to trackhub-laravel-subscriber
1783061918: Received PINGREQ from trackhub-laravel-subscriber
1783061918: Sending PINGRESP to trackhub-laravel-subscriber
1783061928: Received PINGREQ from trackhub-laravel-subscriber
1783061928: Sending PINGRESP to trackhub-laravel-subscriber
1783061938: Received PINGREQ from trackhub-laravel-subscriber
1783061938: Sending PINGRESP to trackhub-laravel-subscriber
1783061948: Received PINGREQ from trackhub-laravel-subscriber
1783061948: Sending PINGRESP to trackhub-laravel-subscriber
1783061958: Received PINGREQ from trackhub-laravel-subscriber
1783061958: Sending PINGRESP to trackhub-laravel-subscriber
1783061968: Received PINGREQ from trackhub-laravel-subscriber
1783061968: Sending PINGRESP to trackhub-laravel-subscriber
1783061978: Received PINGREQ from trackhub-laravel-subscriber
1783061978: Sending PINGRESP to trackhub-laravel-subscriber
1783061988: Received PINGREQ from trackhub-laravel-subscriber
1783061988: Sending PINGRESP to trackhub-laravel-subscriber
1783061998: Received PINGREQ from trackhub-laravel-subscriber
1783061998: Sending PINGRESP to trackhub-laravel-subscriber
1783062008: Received PINGREQ from trackhub-laravel-subscriber
1783062008: Sending PINGRESP to trackhub-laravel-subscriber
1783062018: Received PINGREQ from trackhub-laravel-subscriber
1783062018: Sending PINGRESP to trackhub-laravel-subscriber
1783062028: Received PINGREQ from trackhub-laravel-subscriber
1783062028: Sending PINGRESP to trackhub-laravel-subscriber
1783062038: Received PINGREQ from trackhub-laravel-subscriber
1783062038: Sending PINGRESP to trackhub-laravel-subscriber
1783062048: Received PINGREQ from trackhub-laravel-subscriber
1783062048: Sending PINGRESP to trackhub-laravel-subscriber
1783062058: Received PINGREQ from trackhub-laravel-subscriber
1783062058: Sending PINGRESP to trackhub-laravel-subscriber
1783062068: Received PINGREQ from trackhub-laravel-subscriber
1783062068: Sending PINGRESP to trackhub-laravel-subscriber
1783062078: Received PINGREQ from trackhub-laravel-subscriber
1783062078: Sending PINGRESP to trackhub-laravel-subscriber
1783062088: Received PINGREQ from trackhub-laravel-subscriber
1783062088: Sending PINGRESP to trackhub-laravel-subscriber
1783062098: Received PINGREQ from trackhub-laravel-subscriber
1783062098: Sending PINGRESP to trackhub-laravel-subscriber
1783062108: Received PINGREQ from trackhub-laravel-subscriber
1783062108: Sending PINGRESP to trackhub-laravel-subscriber
1783062118: Received PINGREQ from trackhub-laravel-subscriber
1783062118: Sending PINGRESP to trackhub-laravel-subscriber
1783062128: Received PINGREQ from trackhub-laravel-subscriber
1783062128: Sending PINGRESP to trackhub-laravel-subscriber
1783062138: Received PINGREQ from trackhub-laravel-subscriber
1783062138: Sending PINGRESP to trackhub-laravel-subscriber
1783062148: Received PINGREQ from trackhub-laravel-subscriber
1783062148: Sending PINGRESP to trackhub-laravel-subscriber
1783062158: Received PINGREQ from trackhub-laravel-subscriber
1783062158: Sending PINGRESP to trackhub-laravel-subscriber
1783062161: New connection from 192.168.141.57:59552 on port 1883.
1783062161: New client connected from 192.168.141.57:59552 as esp32-gps-01-32a50528 (p2, c1, k15).
1783062161: No will message specified.
1783062161: Sending CONNACK to esp32-gps-01-32a50528 (0, 0)
1783062161: Received PUBLISH from esp32-gps-01-32a50528 (d0, q0, r0, m0, 'trackhub/gps', ... (238 bytes))
1783062161: Sending PUBLISH to trackhub-laravel-subscriber (d0, q0, r0, m0, 'trackhub/gps', ... (238 bytes))
1783062164: Received PUBLISH from esp32-gps-01-32a50528 (d0, q0, r0, m0, 'trackhub/gps', ... (236 bytes))
1783062164: Sending PUBLISH to trackhub-laravel-subscriber (d0, q0, r0, m0, 'trackhub/gps', ... (236 bytes))
1783062167: Received PUBLISH from esp32-gps-01-32a50528 (d0, q0, r0, m0, 'trackhub/gps', ... (236 bytes))
1783062167: Sending PUBLISH to trackhub-laravel-subscriber (d0, q0, r0, m0, 'trackhub/gps', ... (236 bytes))
1783062170: Received PUBLISH from esp32-gps-01-32a50528 (d0, q0, r0, m0, 'trackhub/gps', ... (236 bytes))
1783062170: Sending PUBLISH to trackhub-laravel-subscriber (d0, q0, r0, m0, 'trackhub/gps', ... (236 bytes))
1783062173: Received PUBLISH from esp32-gps-01-32a50528 (d0, q0, r0, m0, 'trackhub/gps', ... (238 bytes))
1783062173: Sending PUBLISH to trackhub-laravel-subscriber (d0, q0, r0, m0, 'trackhub/gps', ... (238 bytes))
1783062176: Received PINGREQ from esp32-gps-01-32a50528
1783062176: Sending PINGRESP to esp32-gps-01-32a50528
1783062176: Received PUBLISH from esp32-gps-01-32a50528 (d0, q0, r0, m0, 'trackhub/gps', ... (272 bytes))
1783062176: Sending PUBLISH to trackhub-laravel-subscriber (d0, q0, r0, m0, 'trackhub/gps', ... (272 bytes))
1783062179: Received PUBLISH from esp32-gps-01-32a50528 (d0, q0, r0, m0, 'trackhub/gps', ... (278 bytes))
1783062179: Sending PUBLISH to trackhub-laravel-subscriber (d0, q0, r0, m0, 'trackhub/gps', ... (278 bytes))
1783062182: Received PUBLISH from esp32-gps-01-32a50528 (d0, q0, r0, m0, 'trackhub/gps', ... (278 bytes))
1783062182: Sending PUBLISH to trackhub-laravel-subscriber (d0, q0, r0, m0, 'trackhub/gps', ... (278 bytes))
1783062185: Received PUBLISH from esp32-gps-01-32a50528 (d0, q0, r0, m0, 'trackhub/gps', ... (238 bytes))
1783062185: Sending PUBLISH to trackhub-laravel-subscriber (d0, q0, r0, m0, 'trackhub/gps', ... (238 bytes))
1783062188: Received PUBLISH from esp32-gps-01-32a50528 (d0, q0, r0, m0, 'trackhub/gps', ... (238 bytes))
1783062188: Sending PUBLISH to trackhub-laravel-subscriber (d0, q0, r0, m0, 'trackhub/gps', ... (238 bytes))
1783062191: Received PUBLISH from esp32-gps-01-32a50528 (d0, q0, r0, m0, 'trackhub/gps', ... (271 bytes))
1783062191: Sending PUBLISH to trackhub-laravel-subscriber (d0, q0, r0, m0, 'trackhub/gps', ... (271 bytes))
1783062191: Received PINGREQ from esp32-gps-01-32a50528
1783062191: Sending PINGRESP to esp32-gps-01-32a50528
1783062194: Received PUBLISH from esp32-gps-01-32a50528 (d0, q0, r0, m0, 'trackhub/gps', ... (271 bytes))
1783062194: Sending PUBLISH to trackhub-laravel-subscriber (d0, q0, r0, m0, 'trackhub/gps', ... (271 bytes))
1783062197: Received PUBLISH from esp32-gps-01-32a50528 (d0, q0, r0, m0, 'trackhub/gps', ... (271 bytes))
1783062197: Sending PUBLISH to trackhub-laravel-subscriber (d0, q0, r0, m0, 'trackhub/gps', ... (271 bytes))
1783062200: Received PUBLISH from esp32-gps-01-32a50528 (d0, q0, r0, m0, 'trackhub/gps', ... (271 bytes))
1783062200: Sending PUBLISH to trackhub-laravel-subscriber (d0, q0, r0, m0, 'trackhub/gps', ... (271 bytes))
1783062203: Received PUBLISH from esp32-gps-01-32a50528 (d0, q0, r0, m0, 'trackhub/gps', ... (276 bytes))
1783062203: Sending PUBLISH to trackhub-laravel-subscriber (d0, q0, r0, m0, 'trackhub/gps', ... (276 bytes))
1783062204: Client trackhub-laravel-subscriber has exceeded timeout, disconnecting.
1783062206: Received PUBLISH from esp32-gps-01-32a50528 (d0, q0, r0, m0, 'trackhub/gps', ... (276 bytes))
1783062206: Received PINGREQ from esp32-gps-01-32a50528
1783062206: Sending PINGRESP to esp32-gps-01-32a50528
1783062209: New connection from 192.168.141.167:54168 on port 1883.
1783062209: New client connected from 192.168.141.167:54168 as trackhub-laravel-subscriber (p2, c1, k30).
1783062209: No will message specified.
1783062209: Sending CONNACK to trackhub-laravel-subscriber (0, 0)
1783062209: Received SUBSCRIBE from trackhub-laravel-subscriber
1783062209: 	trackhub/gps (QoS 0)
1783062209: trackhub-laravel-subscriber 0 trackhub/gps
1783062209: Sending SUBACK to trackhub-laravel-subscriber
1783062209: Received PUBLISH from esp32-gps-01-32a50528 (d0, q0, r0, m0, 'trackhub/gps', ... (276 bytes))
1783062209: Sending PUBLISH to trackhub-laravel-subscriber (d0, q0, r0, m0, 'trackhub/gps', ... (276 bytes))
1783062212: Received PUBLISH from esp32-gps-01-32a50528 (d0, q0, r0, m0, 'trackhub/gps', ... (276 bytes))
1783062212: Sending PUBLISH to trackhub-laravel-subscriber (d0, q0, r0, m0, 'trackhub/gps', ... (276 bytes))
1783062215: Received PUBLISH from esp32-gps-01-32a50528 (d0, q0, r0, m0, 'trackhub/gps', ... (276 bytes))
1783062215: Sending PUBLISH to trackhub-laravel-subscriber (d0, q0, r0, m0, 'trackhub/gps', ... (276 bytes))
1783062218: Received PUBLISH from esp32-gps-01-32a50528 (d0, q0, r0, m0, 'trackhub/gps', ... (276 bytes))
1783062218: Sending PUBLISH to trackhub-laravel-subscriber (d0, q0, r0, m0, 'trackhub/gps', ... (276 bytes))
1783062221: Received PUBLISH from esp32-gps-01-32a50528 (d0, q0, r0, m0, 'trackhub/gps', ... (250 bytes))
1783062221: Sending PUBLISH to trackhub-laravel-subscriber (d0, q0, r0, m0, 'trackhub/gps', ... (250 bytes))
1783062221: Received PINGREQ from esp32-gps-01-32a50528
1783062221: Sending PINGRESP to esp32-gps-01-32a50528
1783062224: Received PUBLISH from esp32-gps-01-32a50528 (d0, q0, r0, m0, 'trackhub/gps', ... (250 bytes))
1783062224: Sending PUBLISH to trackhub-laravel-subscriber (d0, q0, r0, m0, 'trackhub/gps', ... (250 bytes))
1783062227: Received PUBLISH from esp32-gps-01-32a50528 (d0, q0, r0, m0, 'trackhub/gps', ... (250 bytes))
1783062227: Sending PUBLISH to trackhub-laravel-subscriber (d0, q0, r0, m0, 'trackhub/gps', ... (250 bytes))
1783062230: Received PUBLISH from esp32-gps-01-32a50528 (d0, q0, r0, m0, 'trackhub/gps', ... (250 bytes))
1783062230: Sending PUBLISH to trackhub-laravel-subscriber (d0, q0, r0, m0, 'trackhub/gps', ... (250 bytes))
1783062233: Received PUBLISH from esp32-gps-01-32a50528 (d0, q0, r0, m0, 'trackhub/gps', ... (278 bytes))
1783062233: Sending PUBLISH to trackhub-laravel-subscriber (d0, q0, r0, m0, 'trackhub/gps', ... (278 bytes))
1783062236: Received PUBLISH from esp32-gps-01-32a50528 (d0, q0, r0, m0, 'trackhub/gps', ... (278 bytes))
1783062236: Sending PUBLISH to trackhub-laravel-subscriber (d0, q0, r0, m0, 'trackhub/gps', ... (278 bytes))
1783062236: Received PINGREQ from esp32-gps-01-32a50528
1783062236: Sending PINGRESP to esp32-gps-01-32a50528
1783062239: Received PUBLISH from esp32-gps-01-32a50528 (d0, q0, r0, m0, 'trackhub/gps', ... (278 bytes))
1783062239: Sending PUBLISH to trackhub-laravel-subscriber (d0, q0, r0, m0, 'trackhub/gps', ... (278 bytes))
1783062242: Received PUBLISH from esp32-gps-01-32a50528 (d0, q0, r0, m0, 'trackhub/gps', ... (241 bytes))
1783062242: Sending PUBLISH to trackhub-laravel-subscriber (d0, q0, r0, m0, 'trackhub/gps', ... (241 bytes))
1783062245: Received PUBLISH from esp32-gps-01-32a50528 (d0, q0, r0, m0, 'trackhub/gps', ... (243 bytes))
1783062245: Sending PUBLISH to trackhub-laravel-subscriber (d0, q0, r0, m0, 'trackhub/gps', ... (243 bytes))
1783062248: Received PUBLISH from esp32-gps-01-32a50528 (d0, q0, r0, m0, 'trackhub/gps', ... (243 bytes))
1783062248: Sending PUBLISH to trackhub-laravel-subscriber (d0, q0, r0, m0, 'trackhub/gps', ... (243 bytes))
1783062251: Received PUBLISH from esp32-gps-01-32a50528 (d0, q0, r0, m0, 'trackhub/gps', ... (243 bytes))
1783062251: Sending PUBLISH to trackhub-laravel-subscriber (d0, q0, r0, m0, 'trackhub/gps', ... (243 bytes))
1783062252: Received PINGREQ from esp32-gps-01-32a50528
1783062252: Sending PINGRESP to esp32-gps-01-32a50528
1783062254: Received PUBLISH from esp32-gps-01-32a50528 (d0, q0, r0, m0, 'trackhub/gps', ... (235 bytes))
1783062254: Sending PUBLISH to trackhub-laravel-subscriber (d0, q0, r0, m0, 'trackhub/gps', ... (235 bytes))
1783062255: Client trackhub-laravel-subscriber has exceeded timeout, disconnecting.
1783062257: Received PUBLISH from esp32-gps-01-32a50528 (d0, q0, r0, m0, 'trackhub/gps', ... (235 bytes))
1783062260: New connection from 192.168.141.167:62409 on port 1883.
1783062260: New client connected from 192.168.141.167:62409 as trackhub-laravel-subscriber (p2, c1, k30).
1783062260: No will message specified.
1783062260: Sending CONNACK to trackhub-laravel-subscriber (0, 0)
1783062260: Received SUBSCRIBE from trackhub-laravel-subscriber
1783062260: 	trackhub/gps (QoS 0)
1783062260: trackhub-laravel-subscriber 0 trackhub/gps
1783062260: Sending SUBACK to trackhub-laravel-subscriber
1783062260: Received PUBLISH from esp32-gps-01-32a50528 (d0, q0, r0, m0, 'trackhub/gps', ... (235 bytes))
1783062260: Sending PUBLISH to trackhub-laravel-subscriber (d0, q0, r0, m0, 'trackhub/gps', ... (235 bytes))
1783062263: Received PUBLISH from esp32-gps-01-32a50528 (d0, q0, r0, m0, 'trackhub/gps', ... (235 bytes))
1783062263: Sending PUBLISH to trackhub-laravel-subscriber (d0, q0, r0, m0, 'trackhub/gps', ... (235 bytes))
1783062266: Received PUBLISH from esp32-gps-01-32a50528 (d0, q0, r0, m0, 'trackhub/gps', ... (235 bytes))
1783062266: Sending PUBLISH to trackhub-laravel-subscriber (d0, q0, r0, m0, 'trackhub/gps', ... (235 bytes))
1783062267: Received PINGREQ from esp32-gps-01-32a50528
1783062267: Sending PINGRESP to esp32-gps-01-32a50528
1783062269: Received PUBLISH from esp32-gps-01-32a50528 (d0, q0, r0, m0, 'trackhub/gps', ... (235 bytes))
1783062269: Sending PUBLISH to trackhub-laravel-subscriber (d0, q0, r0, m0, 'trackhub/gps', ... (235 bytes))
1783062272: Received PUBLISH from esp32-gps-01-32a50528 (d0, q0, r0, m0, 'trackhub/gps', ... (235 bytes))
1783062272: Sending PUBLISH to trackhub-laravel-subscriber (d0, q0, r0, m0, 'trackhub/gps', ... (235 bytes))
1783062275: Received PUBLISH from esp32-gps-01-32a50528 (d0, q0, r0, m0, 'trackhub/gps', ... (235 bytes))
1783062275: Sending PUBLISH to trackhub-laravel-subscriber (d0, q0, r0, m0, 'trackhub/gps', ... (235 bytes))
1783062279: Received PUBLISH from esp32-gps-01-32a50528 (d0, q0, r0, m0, 'trackhub/gps', ... (235 bytes))
1783062279: Sending PUBLISH to trackhub-laravel-subscriber (d0, q0, r0, m0, 'trackhub/gps', ... (235 bytes))
1783062281: Received PUBLISH from esp32-gps-01-32a50528 (d0, q0, r0, m0, 'trackhub/gps', ... (235 bytes))
1783062281: Sending PUBLISH to trackhub-laravel-subscriber (d0, q0, r0, m0, 'trackhub/gps', ... (235 bytes))
1783062282: Received PINGREQ from esp32-gps-01-32a50528
1783062282: Sending PINGRESP to esp32-gps-01-32a50528
1783062285: Received PUBLISH from esp32-gps-01-32a50528 (d0, q0, r0, m0, 'trackhub/gps', ... (235 bytes))
1783062285: Sending PUBLISH to trackhub-laravel-subscriber (d0, q0, r0, m0, 'trackhub/gps', ... (235 bytes))
1783062288: Received PUBLISH from esp32-gps-01-32a50528 (d0, q0, r0, m0, 'trackhub/gps', ... (278 bytes))
1783062288: Sending PUBLISH to trackhub-laravel-subscriber (d0, q0, r0, m0, 'trackhub/gps', ... (278 bytes))
1783062291: Received PUBLISH from esp32-gps-01-32a50528 (d0, q0, r0, m0, 'trackhub/gps', ... (278 bytes))
1783062291: Sending PUBLISH to trackhub-laravel-subscriber (d0, q0, r0, m0, 'trackhub/gps', ... (278 bytes))
1783062294: Received PUBLISH from esp32-gps-01-32a50528 (d0, q0, r0, m0, 'trackhub/gps', ... (278 bytes))
1783062294: Sending PUBLISH to trackhub-laravel-subscriber (d0, q0, r0, m0, 'trackhub/gps', ... (278 bytes))
1783062297: Received PUBLISH from esp32-gps-01-32a50528 (d0, q0, r0, m0, 'trackhub/gps', ... (278 bytes))
1783062297: Sending PUBLISH to trackhub-laravel-subscriber (d0, q0, r0, m0, 'trackhub/gps', ... (278 bytes))
1783062297: Received PINGREQ from esp32-gps-01-32a50528
1783062297: Sending PINGRESP to esp32-gps-01-32a50528
1783062300: Received PUBLISH from esp32-gps-01-32a50528 (d0, q0, r0, m0, 'trackhub/gps', ... (257 bytes))
1783062300: Sending PUBLISH to trackhub-laravel-subscriber (d0, q0, r0, m0, 'trackhub/gps', ... (257 bytes))
1783062303: Received PUBLISH from esp32-gps-01-32a50528 (d0, q0, r0, m0, 'trackhub/gps', ... (257 bytes))
1783062303: Sending PUBLISH to trackhub-laravel-subscriber (d0, q0, r0, m0, 'trackhub/gps', ... (257 bytes))
1783062306: Received PUBLISH from esp32-gps-01-32a50528 (d0, q0, r0, m0, 'trackhub/gps', ... (257 bytes))
1783062306: Sending PUBLISH to trackhub-laravel-subscriber (d0, q0, r0, m0, 'trackhub/gps', ... (257 bytes))
1783062306: Client trackhub-laravel-subscriber has exceeded timeout, disconnecting.
1783062309: Received PUBLISH from esp32-gps-01-32a50528 (d0, q0, r0, m0, 'trackhub/gps', ... (257 bytes))
1783062311: New connection from 192.168.141.167:56605 on port 1883.
1783062311: New client connected from 192.168.141.167:56605 as trackhub-laravel-subscriber (p2, c1, k30).
1783062311: No will message specified.
1783062311: Sending CONNACK to trackhub-laravel-subscriber (0, 0)
1783062311: Received SUBSCRIBE from trackhub-laravel-subscriber
1783062311: 	trackhub/gps (QoS 0)
1783062311: trackhub-laravel-subscriber 0 trackhub/gps
1783062311: Sending SUBACK to trackhub-laravel-subscriber
1783062312: Received PUBLISH from esp32-gps-01-32a50528 (d0, q0, r0, m0, 'trackhub/gps', ... (270 bytes))
1783062312: Sending PUBLISH to trackhub-laravel-subscriber (d0, q0, r0, m0, 'trackhub/gps', ... (270 bytes))
1783062312: Received PINGREQ from esp32-gps-01-32a50528
1783062312: Sending PINGRESP to esp32-gps-01-32a50528
1783062315: Received PUBLISH from esp32-gps-01-32a50528 (d0, q0, r0, m0, 'trackhub/gps', ... (270 bytes))
1783062315: Sending PUBLISH to trackhub-laravel-subscriber (d0, q0, r0, m0, 'trackhub/gps', ... (270 bytes))
1783062318: Received PUBLISH from esp32-gps-01-32a50528 (d0, q0, r0, m0, 'trackhub/gps', ... (270 bytes))
1783062318: Sending PUBLISH to trackhub-laravel-subscriber (d0, q0, r0, m0, 'trackhub/gps', ... (270 bytes))
1783062321: Received PUBLISH from esp32-gps-01-32a50528 (d0, q0, r0, m0, 'trackhub/gps', ... (270 bytes))
1783062321: Sending PUBLISH to trackhub-laravel-subscriber (d0, q0, r0, m0, 'trackhub/gps', ... (270 bytes))
1783062324: Received PUBLISH from esp32-gps-01-32a50528 (d0, q0, r0, m0, 'trackhub/gps', ... (267 bytes))
1783062324: Sending PUBLISH to trackhub-laravel-subscriber (d0, q0, r0, m0, 'trackhub/gps', ... (267 bytes))
1783062327: Received PUBLISH from esp32-gps-01-32a50528 (d0, q0, r0, m0, 'trackhub/gps', ... (267 bytes))
1783062327: Sending PUBLISH to trackhub-laravel-subscriber (d0, q0, r0, m0, 'trackhub/gps', ... (267 bytes))
1783062327: Received PINGREQ from esp32-gps-01-32a50528
1783062327: Sending PINGRESP to esp32-gps-01-32a50528
1783062330: Received PUBLISH from esp32-gps-01-32a50528 (d0, q0, r0, m0, 'trackhub/gps', ... (267 bytes))
1783062330: Sending PUBLISH to trackhub-laravel-subscriber (d0, q0, r0, m0, 'trackhub/gps', ... (267 bytes))
1783062333: Received PUBLISH from esp32-gps-01-32a50528 (d0, q0, r0, m0, 'trackhub/gps', ... (267 bytes))
1783062333: Sending PUBLISH to trackhub-laravel-subscriber (d0, q0, r0, m0, 'trackhub/gps', ... (267 bytes))
1783062336: Received PUBLISH from esp32-gps-01-32a50528 (d0, q0, r0, m0, 'trackhub/gps', ... (276 bytes))
1783062336: Sending PUBLISH to trackhub-laravel-subscriber (d0, q0, r0, m0, 'trackhub/gps', ... (276 bytes))
1783062339: Received PUBLISH from esp32-gps-01-32a50528 (d0, q0, r0, m0, 'trackhub/gps', ... (276 bytes))
1783062339: Sending PUBLISH to trackhub-laravel-subscriber (d0, q0, r0, m0, 'trackhub/gps', ... (276 bytes))
1783062342: Received PUBLISH from esp32-gps-01-32a50528 (d0, q0, r0, m0, 'trackhub/gps', ... (276 bytes))
1783062342: Sending PUBLISH to trackhub-laravel-subscriber (d0, q0, r0, m0, 'trackhub/gps', ... (276 bytes))
1783062343: Received PINGREQ from esp32-gps-01-32a50528
1783062343: Sending PINGRESP to esp32-gps-01-32a50528
1783062345: Received PUBLISH from esp32-gps-01-32a50528 (d0, q0, r0, m0, 'trackhub/gps', ... (276 bytes))
1783062345: Sending PUBLISH to trackhub-laravel-subscriber (d0, q0, r0, m0, 'trackhub/gps', ... (276 bytes))
1783062348: Received PUBLISH from esp32-gps-01-32a50528 (d0, q0, r0, m0, 'trackhub/gps', ... (272 bytes))
1783062348: Sending PUBLISH to trackhub-laravel-subscriber (d0, q0, r0, m0, 'trackhub/gps', ... (272 bytes))
1783062351: Received PUBLISH from esp32-gps-01-32a50528 (d0, q0, r0, m0, 'trackhub/gps', ... (272 bytes))
1783062351: Sending PUBLISH to trackhub-laravel-subscriber (d0, q0, r0, m0, 'trackhub/gps', ... (272 bytes))
1783062354: Received PUBLISH from esp32-gps-01-32a50528 (d0, q0, r0, m0, 'trackhub/gps', ... (274 bytes))
1783062354: Sending PUBLISH to trackhub-laravel-subscriber (d0, q0, r0, m0, 'trackhub/gps', ... (274 bytes))
1783062357: Client trackhub-laravel-subscriber has exceeded timeout, disconnecting.
1783062357: Received PUBLISH from esp32-gps-01-32a50528 (d0, q0, r0, m0, 'trackhub/gps', ... (274 bytes))
1783062358: Received PINGREQ from esp32-gps-01-32a50528
1783062358: Sending PINGRESP to esp32-gps-01-32a50528
1783062360: Received PUBLISH from esp32-gps-01-32a50528 (d0, q0, r0, m0, 'trackhub/gps', ... (274 bytes))
1783062362: New connection from 192.168.141.167:58918 on port 1883.
1783062362: New client connected from 192.168.141.167:58918 as trackhub-laravel-subscriber (p2, c1, k30).
1783062362: No will message specified.
1783062362: Sending CONNACK to trackhub-laravel-subscriber (0, 0)
1783062362: Received SUBSCRIBE from trackhub-laravel-subscriber
1783062362: 	trackhub/gps (QoS 0)
1783062362: trackhub-laravel-subscriber 0 trackhub/gps
1783062362: Sending SUBACK to trackhub-laravel-subscriber
1783062363: Received PUBLISH from esp32-gps-01-32a50528 (d0, q0, r0, m0, 'trackhub/gps', ... (274 bytes))
1783062363: Sending PUBLISH to trackhub-laravel-subscriber (d0, q0, r0, m0, 'trackhub/gps', ... (274 bytes))
1783062366: Received PUBLISH from esp32-gps-01-32a50528 (d0, q0, r0, m0, 'trackhub/gps', ... (236 bytes))
1783062366: Sending PUBLISH to trackhub-laravel-subscriber (d0, q0, r0, m0, 'trackhub/gps', ... (236 bytes))
1783062369: Received PUBLISH from esp32-gps-01-32a50528 (d0, q0, r0, m0, 'trackhub/gps', ... (238 bytes))
1783062369: Sending PUBLISH to trackhub-laravel-subscriber (d0, q0, r0, m0, 'trackhub/gps', ... (238 bytes))
1783062372: Received PUBLISH from esp32-gps-01-32a50528 (d0, q0, r0, m0, 'trackhub/gps', ... (236 bytes))
1783062372: Sending PUBLISH to trackhub-laravel-subscriber (d0, q0, r0, m0, 'trackhub/gps', ... (236 bytes))
1783062373: Received PINGREQ from esp32-gps-01-32a50528
1783062373: Sending PINGRESP to esp32-gps-01-32a50528
1783062375: Received PUBLISH from esp32-gps-01-32a50528 (d0, q0, r0, m0, 'trackhub/gps', ... (238 bytes))
1783062375: Sending PUBLISH to trackhub-laravel-subscriber (d0, q0, r0, m0, 'trackhub/gps', ... (238 bytes))
1783062378: Received PUBLISH from esp32-gps-01-32a50528 (d0, q0, r0, m0, 'trackhub/gps', ... (238 bytes))
1783062378: Sending PUBLISH to trackhub-laravel-subscriber (d0, q0, r0, m0, 'trackhub/gps', ... (238 bytes))
1783062381: Received PUBLISH from esp32-gps-01-32a50528 (d0, q0, r0, m0, 'trackhub/gps', ... (276 bytes))
1783062381: Sending PUBLISH to trackhub-laravel-subscriber (d0, q0, r0, m0, 'trackhub/gps', ... (276 bytes))
1783062384: Received PUBLISH from esp32-gps-01-32a50528 (d0, q0, r0, m0, 'trackhub/gps', ... (276 bytes))
1783062384: Sending PUBLISH to trackhub-laravel-subscriber (d0, q0, r0, m0, 'trackhub/gps', ... (276 bytes))
1783062387: Received PUBLISH from esp32-gps-01-32a50528 (d0, q0, r0, m0, 'trackhub/gps', ... (276 bytes))
1783062387: Sending PUBLISH to trackhub-laravel-subscriber (d0, q0, r0, m0, 'trackhub/gps', ... (276 bytes))
1783062388: Received PINGREQ from esp32-gps-01-32a50528
1783062388: Sending PINGRESP to esp32-gps-01-32a50528
1783062390: Received PUBLISH from esp32-gps-01-32a50528 (d0, q0, r0, m0, 'trackhub/gps', ... (276 bytes))
1783062390: Sending PUBLISH to trackhub-laravel-subscriber (d0, q0, r0, m0, 'trackhub/gps', ... (276 bytes))
1783062393: Received PUBLISH from esp32-gps-01-32a50528 (d0, q0, r0, m0, 'trackhub/gps', ... (276 bytes))
1783062393: Sending PUBLISH to trackhub-laravel-subscriber (d0, q0, r0, m0, 'trackhub/gps', ... (276 bytes))
1783062396: Received PUBLISH from esp32-gps-01-32a50528 (d0, q0, r0, m0, 'trackhub/gps', ... (276 bytes))
1783062396: Sending PUBLISH to trackhub-laravel-subscriber (d0, q0, r0, m0, 'trackhub/gps', ... (276 bytes))
1783062399: Received PUBLISH from esp32-gps-01-32a50528 (d0, q0, r0, m0, 'trackhub/gps', ... (276 bytes))
1783062399: Sending PUBLISH to trackhub-laravel-subscriber (d0, q0, r0, m0, 'trackhub/gps', ... (276 bytes))
1783062402: Received PUBLISH from esp32-gps-01-32a50528 (d0, q0, r0, m0, 'trackhub/gps', ... (276 bytes))
1783062402: Sending PUBLISH to trackhub-laravel-subscriber (d0, q0, r0, m0, 'trackhub/gps', ... (276 bytes))
1783062403: Received PINGREQ from esp32-gps-01-32a50528
1783062403: Sending PINGRESP to esp32-gps-01-32a50528
1783062405: Received PUBLISH from esp32-gps-01-32a50528 (d0, q0, r0, m0, 'trackhub/gps', ... (276 bytes))
1783062405: Sending PUBLISH to trackhub-laravel-subscriber (d0, q0, r0, m0, 'trackhub/gps', ... (276 bytes))
1783062408: Client trackhub-laravel-subscriber has exceeded timeout, disconnecting.
1783062408: Received PUBLISH from esp32-gps-01-32a50528 (d0, q0, r0, m0, 'trackhub/gps', ... (276 bytes))
1783062411: Received PUBLISH from esp32-gps-01-32a50528 (d0, q0, r0, m0, 'trackhub/gps', ... (276 bytes))
1783062413: New connection from 192.168.141.167:61648 on port 1883.
1783062413: New client connected from 192.168.141.167:61648 as trackhub-laravel-subscriber (p2, c1, k30).
1783062413: No will message specified.
1783062413: Sending CONNACK to trackhub-laravel-subscriber (0, 0)
1783062413: Received SUBSCRIBE from trackhub-laravel-subscriber
1783062413: 	trackhub/gps (QoS 0)
1783062413: trackhub-laravel-subscriber 0 trackhub/gps
1783062413: Sending SUBACK to trackhub-laravel-subscriber
1783062414: Received PUBLISH from esp32-gps-01-32a50528 (d0, q0, r0, m0, 'trackhub/gps', ... (276 bytes))
1783062414: Sending PUBLISH to trackhub-laravel-subscriber (d0, q0, r0, m0, 'trackhub/gps', ... (276 bytes))
1783062417: Received PUBLISH from esp32-gps-01-32a50528 (d0, q0, r0, m0, 'trackhub/gps', ... (276 bytes))
1783062417: Sending PUBLISH to trackhub-laravel-subscriber (d0, q0, r0, m0, 'trackhub/gps', ... (276 bytes))
1783062419: Received PINGREQ from esp32-gps-01-32a50528
1783062419: Sending PINGRESP to esp32-gps-01-32a50528
1783062420: Received PUBLISH from esp32-gps-01-32a50528 (d0, q0, r0, m0, 'trackhub/gps', ... (276 bytes))
1783062420: Sending PUBLISH to trackhub-laravel-subscriber (d0, q0, r0, m0, 'trackhub/gps', ... (276 bytes))
1783062430: Received PINGREQ from trackhub-laravel-subscriber
1783062430: Sending PINGRESP to trackhub-laravel-subscriber
1783062438: New connection from 192.168.141.57:55925 on port 1883.
1783062438: Client esp32-gps-01-32a50528 already connected, closing old connection.
1783062438: New client connected from 192.168.141.57:55925 as esp32-gps-01-32a50528 (p2, c1, k15).
1783062438: No will message specified.
1783062438: Sending CONNACK to esp32-gps-01-32a50528 (0, 0)
1783062438: Received PUBLISH from esp32-gps-01-32a50528 (d0, q0, r0, m0, 'trackhub/gps', ... (240 bytes))
1783062438: Sending PUBLISH to trackhub-laravel-subscriber (d0, q0, r0, m0, 'trackhub/gps', ... (240 bytes))
1783062441: Received PUBLISH from esp32-gps-01-32a50528 (d0, q0, r0, m0, 'trackhub/gps', ... (242 bytes))
1783062441: Sending PUBLISH to trackhub-laravel-subscriber (d0, q0, r0, m0, 'trackhub/gps', ... (242 bytes))
1783062444: Received PUBLISH from esp32-gps-01-32a50528 (d0, q0, r0, m0, 'trackhub/gps', ... (277 bytes))
1783062444: Sending PUBLISH to trackhub-laravel-subscriber (d0, q0, r0, m0, 'trackhub/gps', ... (277 bytes))
1783062447: Received PUBLISH from esp32-gps-01-32a50528 (d0, q0, r0, m0, 'trackhub/gps', ... (279 bytes))
1783062447: Sending PUBLISH to trackhub-laravel-subscriber (d0, q0, r0, m0, 'trackhub/gps', ... (279 bytes))
1783062450: Received PUBLISH from esp32-gps-01-32a50528 (d0, q0, r0, m0, 'trackhub/gps', ... (242 bytes))
1783062450: Sending PUBLISH to trackhub-laravel-subscriber (d0, q0, r0, m0, 'trackhub/gps', ... (242 bytes))
1783062453: Received PINGREQ from esp32-gps-01-32a50528
1783062453: Sending PINGRESP to esp32-gps-01-32a50528
1783062453: Received PUBLISH from esp32-gps-01-32a50528 (d0, q0, r0, m0, 'trackhub/gps', ... (244 bytes))
1783062453: Sending PUBLISH to trackhub-laravel-subscriber (d0, q0, r0, m0, 'trackhub/gps', ... (244 bytes))
1783062456: Received PUBLISH from esp32-gps-01-32a50528 (d0, q0, r0, m0, 'trackhub/gps', ... (244 bytes))
1783062456: Sending PUBLISH to trackhub-laravel-subscriber (d0, q0, r0, m0, 'trackhub/gps', ... (244 bytes))
1783062459: Received PUBLISH from esp32-gps-01-32a50528 (d0, q0, r0, m0, 'trackhub/gps', ... (244 bytes))
1783062459: Sending PUBLISH to trackhub-laravel-subscriber (d0, q0, r0, m0, 'trackhub/gps', ... (244 bytes))
1783062462: Received PUBLISH from esp32-gps-01-32a50528 (d0, q0, r0, m0, 'trackhub/gps', ... (236 bytes))
1783062462: Sending PUBLISH to trackhub-laravel-subscriber (d0, q0, r0, m0, 'trackhub/gps', ... (236 bytes))
1783062466: Received PUBLISH from esp32-gps-01-32a50528 (d0, q0, r0, m0, 'trackhub/gps', ... (236 bytes))
1783062466: Sending PUBLISH to trackhub-laravel-subscriber (d0, q0, r0, m0, 'trackhub/gps', ... (236 bytes))
1783062468: Received PINGREQ from esp32-gps-01-32a50528
1783062468: Sending PINGRESP to esp32-gps-01-32a50528
1783062468: Received PUBLISH from esp32-gps-01-32a50528 (d0, q0, r0, m0, 'trackhub/gps', ... (236 bytes))
1783062468: Sending PUBLISH to trackhub-laravel-subscriber (d0, q0, r0, m0, 'trackhub/gps', ... (236 bytes))
1783062471: Received PUBLISH from esp32-gps-01-32a50528 (d0, q0, r0, m0, 'trackhub/gps', ... (236 bytes))
1783062471: Sending PUBLISH to trackhub-laravel-subscriber (d0, q0, r0, m0, 'trackhub/gps', ... (236 bytes))
1783062474: Received PUBLISH from esp32-gps-01-32a50528 (d0, q0, r0, m0, 'trackhub/gps', ... (236 bytes))
1783062474: Sending PUBLISH to trackhub-laravel-subscriber (d0, q0, r0, m0, 'trackhub/gps', ... (236 bytes))
1783062476: Client trackhub-laravel-subscriber has exceeded timeout, disconnecting.
1783062477: Received PUBLISH from esp32-gps-01-32a50528 (d0, q0, r0, m0, 'trackhub/gps', ... (236 bytes))
1783062481: Received PUBLISH from esp32-gps-01-32a50528 (d0, q0, r0, m0, 'trackhub/gps', ... (236 bytes))
1783062481: New connection from 192.168.141.167:51985 on port 1883.
1783062481: New client connected from 192.168.141.167:51985 as trackhub-laravel-subscriber (p2, c1, k30).
1783062481: No will message specified.
1783062481: Sending CONNACK to trackhub-laravel-subscriber (0, 0)
1783062481: Received SUBSCRIBE from trackhub-laravel-subscriber
1783062481: 	trackhub/gps (QoS 0)
1783062481: trackhub-laravel-subscriber 0 trackhub/gps
1783062481: Sending SUBACK to trackhub-laravel-subscriber
1783062483: Received PINGREQ from esp32-gps-01-32a50528
1783062483: Sending PINGRESP to esp32-gps-01-32a50528
1783062484: Received PUBLISH from esp32-gps-01-32a50528 (d0, q0, r0, m0, 'trackhub/gps', ... (236 bytes))
1783062484: Sending PUBLISH to trackhub-laravel-subscriber (d0, q0, r0, m0, 'trackhub/gps', ... (236 bytes))
1783062487: Received PUBLISH from esp32-gps-01-32a50528 (d0, q0, r0, m0, 'trackhub/gps', ... (280 bytes))
1783062487: Sending PUBLISH to trackhub-laravel-subscriber (d0, q0, r0, m0, 'trackhub/gps', ... (280 bytes))
1783062490: Received PUBLISH from esp32-gps-01-32a50528 (d0, q0, r0, m0, 'trackhub/gps', ... (236 bytes))
1783062490: Sending PUBLISH to trackhub-laravel-subscriber (d0, q0, r0, m0, 'trackhub/gps', ... (236 bytes))
1783062493: Received PUBLISH from esp32-gps-01-32a50528 (d0, q0, r0, m0, 'trackhub/gps', ... (280 bytes))
1783062493: Sending PUBLISH to trackhub-laravel-subscriber (d0, q0, r0, m0, 'trackhub/gps', ... (280 bytes))
1783062496: Received PUBLISH from esp32-gps-01-32a50528 (d0, q0, r0, m0, 'trackhub/gps', ... (280 bytes))
1783062496: Sending PUBLISH to trackhub-laravel-subscriber (d0, q0, r0, m0, 'trackhub/gps', ... (280 bytes))
1783062499: Received PUBLISH from esp32-gps-01-32a50528 (d0, q0, r0, m0, 'trackhub/gps', ... (280 bytes))
1783062499: Sending PUBLISH to trackhub-laravel-subscriber (d0, q0, r0, m0, 'trackhub/gps', ... (280 bytes))
1783062499: Received PINGREQ from esp32-gps-01-32a50528
1783062499: Sending PINGRESP to esp32-gps-01-32a50528
1783062502: Received PUBLISH from esp32-gps-01-32a50528 (d0, q0, r0, m0, 'trackhub/gps', ... (258 bytes))
1783062502: Sending PUBLISH to trackhub-laravel-subscriber (d0, q0, r0, m0, 'trackhub/gps', ... (258 bytes))
1783062505: Received PUBLISH from esp32-gps-01-32a50528 (d0, q0, r0, m0, 'trackhub/gps', ... (258 bytes))
1783062505: Sending PUBLISH to trackhub-laravel-subscriber (d0, q0, r0, m0, 'trackhub/gps', ... (258 bytes))
1783062508: Received PUBLISH from esp32-gps-01-32a50528 (d0, q0, r0, m0, 'trackhub/gps', ... (258 bytes))
1783062508: Sending PUBLISH to trackhub-laravel-subscriber (d0, q0, r0, m0, 'trackhub/gps', ... (258 bytes))
1783062511: Received PUBLISH from esp32-gps-01-32a50528 (d0, q0, r0, m0, 'trackhub/gps', ... (258 bytes))
1783062511: Sending PUBLISH to trackhub-laravel-subscriber (d0, q0, r0, m0, 'trackhub/gps', ... (258 bytes))
1783062514: Received PUBLISH from esp32-gps-01-32a50528 (d0, q0, r0, m0, 'trackhub/gps', ... (271 bytes))
1783062514: Sending PUBLISH to trackhub-laravel-subscriber (d0, q0, r0, m0, 'trackhub/gps', ... (271 bytes))
1783062514: Received PINGREQ from esp32-gps-01-32a50528
1783062514: Sending PINGRESP to esp32-gps-01-32a50528
1783062517: Received PUBLISH from esp32-gps-01-32a50528 (d0, q0, r0, m0, 'trackhub/gps', ... (271 bytes))
1783062517: Sending PUBLISH to trackhub-laravel-subscriber (d0, q0, r0, m0, 'trackhub/gps', ... (271 bytes))
1783062520: Received PUBLISH from esp32-gps-01-32a50528 (d0, q0, r0, m0, 'trackhub/gps', ... (271 bytes))
1783062520: Sending PUBLISH to trackhub-laravel-subscriber (d0, q0, r0, m0, 'trackhub/gps', ... (271 bytes))
1783062523: Received PUBLISH from esp32-gps-01-32a50528 (d0, q0, r0, m0, 'trackhub/gps', ... (270 bytes))
1783062523: Sending PUBLISH to trackhub-laravel-subscriber (d0, q0, r0, m0, 'trackhub/gps', ... (270 bytes))
1783062526: Received PUBLISH from esp32-gps-01-32a50528 (d0, q0, r0, m0, 'trackhub/gps', ... (270 bytes))
1783062526: Sending PUBLISH to trackhub-laravel-subscriber (d0, q0, r0, m0, 'trackhub/gps', ... (270 bytes))
1783062527: Client trackhub-laravel-subscriber has exceeded timeout, disconnecting.
1783062529: Received PUBLISH from esp32-gps-01-32a50528 (d0, q0, r0, m0, 'trackhub/gps', ... (270 bytes))
1783062529: Received PINGREQ from esp32-gps-01-32a50528
1783062529: Sending PINGRESP to esp32-gps-01-32a50528
1783062532: Received PUBLISH from esp32-gps-01-32a50528 (d0, q0, r0, m0, 'trackhub/gps', ... (270 bytes))
1783062532: New connection from 192.168.141.167:56889 on port 1883.
1783062532: New client connected from 192.168.141.167:56889 as trackhub-laravel-subscriber (p2, c1, k30).
1783062532: No will message specified.
1783062532: Sending CONNACK to trackhub-laravel-subscriber (0, 0)
1783062532: Received SUBSCRIBE from trackhub-laravel-subscriber
1783062532: 	trackhub/gps (QoS 0)
1783062532: trackhub-laravel-subscriber 0 trackhub/gps
1783062532: Sending SUBACK to trackhub-laravel-subscriber
1783062535: Received PUBLISH from esp32-gps-01-32a50528 (d0, q0, r0, m0, 'trackhub/gps', ... (270 bytes))
1783062535: Sending PUBLISH to trackhub-laravel-subscriber (d0, q0, r0, m0, 'trackhub/gps', ... (270 bytes))
1783062538: Received PUBLISH from esp32-gps-01-32a50528 (d0, q0, r0, m0, 'trackhub/gps', ... (275 bytes))
1783062538: Sending PUBLISH to trackhub-laravel-subscriber (d0, q0, r0, m0, 'trackhub/gps', ... (275 bytes))
1783062541: Received PUBLISH from esp32-gps-01-32a50528 (d0, q0, r0, m0, 'trackhub/gps', ... (275 bytes))
1783062541: Sending PUBLISH to trackhub-laravel-subscriber (d0, q0, r0, m0, 'trackhub/gps', ... (275 bytes))
1783062544: Received PUBLISH from esp32-gps-01-32a50528 (d0, q0, r0, m0, 'trackhub/gps', ... (275 bytes))
1783062544: Sending PUBLISH to trackhub-laravel-subscriber (d0, q0, r0, m0, 'trackhub/gps', ... (275 bytes))
1783062544: Received PINGREQ from esp32-gps-01-32a50528
1783062544: Sending PINGRESP to esp32-gps-01-32a50528
1783062547: Received PUBLISH from esp32-gps-01-32a50528 (d0, q0, r0, m0, 'trackhub/gps', ... (275 bytes))
1783062547: Sending PUBLISH to trackhub-laravel-subscriber (d0, q0, r0, m0, 'trackhub/gps', ... (275 bytes))
1783062550: Received PUBLISH from esp32-gps-01-32a50528 (d0, q0, r0, m0, 'trackhub/gps', ... (275 bytes))
1783062550: Sending PUBLISH to trackhub-laravel-subscriber (d0, q0, r0, m0, 'trackhub/gps', ... (275 bytes))
1783062553: Received PUBLISH from esp32-gps-01-32a50528 (d0, q0, r0, m0, 'trackhub/gps', ... (277 bytes))
1783062553: Sending PUBLISH to trackhub-laravel-subscriber (d0, q0, r0, m0, 'trackhub/gps', ... (277 bytes))
1783062556: Received PUBLISH from esp32-gps-01-32a50528 (d0, q0, r0, m0, 'trackhub/gps', ... (277 bytes))
1783062556: Sending PUBLISH to trackhub-laravel-subscriber (d0, q0, r0, m0, 'trackhub/gps', ... (277 bytes))
1783062559: Received PUBLISH from esp32-gps-01-32a50528 (d0, q0, r0, m0, 'trackhub/gps', ... (277 bytes))
1783062559: Sending PUBLISH to trackhub-laravel-subscriber (d0, q0, r0, m0, 'trackhub/gps', ... (277 bytes))
1783062559: Received PINGREQ from esp32-gps-01-32a50528
1783062559: Sending PINGRESP to esp32-gps-01-32a50528
1783062562: Received PUBLISH from esp32-gps-01-32a50528 (d0, q0, r0, m0, 'trackhub/gps', ... (277 bytes))
1783062562: Sending PUBLISH to trackhub-laravel-subscriber (d0, q0, r0, m0, 'trackhub/gps', ... (277 bytes))
1783062565: Received PUBLISH from esp32-gps-01-32a50528 (d0, q0, r0, m0, 'trackhub/gps', ... (277 bytes))
1783062565: Sending PUBLISH to trackhub-laravel-subscriber (d0, q0, r0, m0, 'trackhub/gps', ... (277 bytes))
1783062568: Received PUBLISH from esp32-gps-01-32a50528 (d0, q0, r0, m0, 'trackhub/gps', ... (277 bytes))
1783062568: Sending PUBLISH to trackhub-laravel-subscriber (d0, q0, r0, m0, 'trackhub/gps', ... (277 bytes))
1783062571: Received PUBLISH from esp32-gps-01-32a50528 (d0, q0, r0, m0, 'trackhub/gps', ... (277 bytes))
1783062571: Sending PUBLISH to trackhub-laravel-subscriber (d0, q0, r0, m0, 'trackhub/gps', ... (277 bytes))
1783062574: Received PUBLISH from esp32-gps-01-32a50528 (d0, q0, r0, m0, 'trackhub/gps', ... (279 bytes))
1783062574: Sending PUBLISH to trackhub-laravel-subscriber (d0, q0, r0, m0, 'trackhub/gps', ... (279 bytes))
1783062574: Received PINGREQ from esp32-gps-01-32a50528
1783062574: Sending PINGRESP to esp32-gps-01-32a50528
1783062577: Received PUBLISH from esp32-gps-01-32a50528 (d0, q0, r0, m0, 'trackhub/gps', ... (239 bytes))
1783062577: Sending PUBLISH to trackhub-laravel-subscriber (d0, q0, r0, m0, 'trackhub/gps', ... (239 bytes))
1783062578: Client trackhub-laravel-subscriber has exceeded timeout, disconnecting.
1783062580: Received PUBLISH from esp32-gps-01-32a50528 (d0, q0, r0, m0, 'trackhub/gps', ... (239 bytes))
1783062583: New connection from 192.168.141.167:58216 on port 1883.
1783062583: New client connected from 192.168.141.167:58216 as trackhub-laravel-subscriber (p2, c1, k30).
1783062583: No will message specified.
1783062583: Sending CONNACK to trackhub-laravel-subscriber (0, 0)
1783062583: Received SUBSCRIBE from trackhub-laravel-subscriber
1783062583: 	trackhub/gps (QoS 0)
1783062583: trackhub-laravel-subscriber 0 trackhub/gps
1783062583: Sending SUBACK to trackhub-laravel-subscriber
1783062583: Received PUBLISH from esp32-gps-01-32a50528 (d0, q0, r0, m0, 'trackhub/gps', ... (239 bytes))
1783062583: Sending PUBLISH to trackhub-laravel-subscriber (d0, q0, r0, m0, 'trackhub/gps', ... (239 bytes))
1783062586: Received PUBLISH from esp32-gps-01-32a50528 (d0, q0, r0, m0, 'trackhub/gps', ... (239 bytes))
1783062586: Sending PUBLISH to trackhub-laravel-subscriber (d0, q0, r0, m0, 'trackhub/gps', ... (239 bytes))
1783062589: Received PUBLISH from esp32-gps-01-32a50528 (d0, q0, r0, m0, 'trackhub/gps', ... (239 bytes))
1783062589: Sending PUBLISH to trackhub-laravel-subscriber (d0, q0, r0, m0, 'trackhub/gps', ... (239 bytes))
1783062589: Received PINGREQ from esp32-gps-01-32a50528
1783062589: Sending PINGRESP to esp32-gps-01-32a50528
1783062592: Received PUBLISH from esp32-gps-01-32a50528 (d0, q0, r0, m0, 'trackhub/gps', ... (239 bytes))
1783062592: Sending PUBLISH to trackhub-laravel-subscriber (d0, q0, r0, m0, 'trackhub/gps', ... (239 bytes))
1783062595: Received PUBLISH from esp32-gps-01-32a50528 (d0, q0, r0, m0, 'trackhub/gps', ... (253 bytes))
1783062595: Sending PUBLISH to trackhub-laravel-subscriber (d0, q0, r0, m0, 'trackhub/gps', ... (253 bytes))
1783062598: Received PUBLISH from esp32-gps-01-32a50528 (d0, q0, r0, m0, 'trackhub/gps', ... (277 bytes))
1783062598: Sending PUBLISH to trackhub-laravel-subscriber (d0, q0, r0, m0, 'trackhub/gps', ... (277 bytes))
1783062601: Received PUBLISH from esp32-gps-01-32a50528 (d0, q0, r0, m0, 'trackhub/gps', ... (277 bytes))
1783062601: Sending PUBLISH to trackhub-laravel-subscriber (d0, q0, r0, m0, 'trackhub/gps', ... (277 bytes))
1783062604: Received PUBLISH from esp32-gps-01-32a50528 (d0, q0, r0, m0, 'trackhub/gps', ... (277 bytes))
1783062604: Sending PUBLISH to trackhub-laravel-subscriber (d0, q0, r0, m0, 'trackhub/gps', ... (277 bytes))
1783062604: Received PINGREQ from esp32-gps-01-32a50528
1783062604: Sending PINGRESP to esp32-gps-01-32a50528
1783062607: Received PUBLISH from esp32-gps-01-32a50528 (d0, q0, r0, m0, 'trackhub/gps', ... (277 bytes))
1783062607: Sending PUBLISH to trackhub-laravel-subscriber (d0, q0, r0, m0, 'trackhub/gps', ... (277 bytes))
1783062610: Received PUBLISH from esp32-gps-01-32a50528 (d0, q0, r0, m0, 'trackhub/gps', ... (277 bytes))
1783062610: Sending PUBLISH to trackhub-laravel-subscriber (d0, q0, r0, m0, 'trackhub/gps', ... (277 bytes))
1783062613: Received PUBLISH from esp32-gps-01-32a50528 (d0, q0, r0, m0, 'trackhub/gps', ... (277 bytes))
1783062613: Sending PUBLISH to trackhub-laravel-subscriber (d0, q0, r0, m0, 'trackhub/gps', ... (277 bytes))
1783062616: Received PUBLISH from esp32-gps-01-32a50528 (d0, q0, r0, m0, 'trackhub/gps', ... (277 bytes))
1783062616: Sending PUBLISH to trackhub-laravel-subscriber (d0, q0, r0, m0, 'trackhub/gps', ... (277 bytes))
1783062619: Received PUBLISH from esp32-gps-01-32a50528 (d0, q0, r0, m0, 'trackhub/gps', ... (277 bytes))
1783062619: Sending PUBLISH to trackhub-laravel-subscriber (d0, q0, r0, m0, 'trackhub/gps', ... (277 bytes))
1783062620: Received PINGREQ from esp32-gps-01-32a50528
1783062620: Sending PINGRESP to esp32-gps-01-32a50528
1783062622: Received PUBLISH from esp32-gps-01-32a50528 (d0, q0, r0, m0, 'trackhub/gps', ... (277 bytes))
1783062622: Sending PUBLISH to trackhub-laravel-subscriber (d0, q0, r0, m0, 'trackhub/gps', ... (277 bytes))
1783062625: Received PUBLISH from esp32-gps-01-32a50528 (d0, q0, r0, m0, 'trackhub/gps', ... (277 bytes))
1783062625: Sending PUBLISH to trackhub-laravel-subscriber (d0, q0, r0, m0, 'trackhub/gps', ... (277 bytes))
1783062628: Received PUBLISH from esp32-gps-01-32a50528 (d0, q0, r0, m0, 'trackhub/gps', ... (238 bytes))
1783062628: Sending PUBLISH to trackhub-laravel-subscriber (d0, q0, r0, m0, 'trackhub/gps', ... (238 bytes))
1783062629: Client trackhub-laravel-subscriber has exceeded timeout, disconnecting.
1783062631: Received PUBLISH from esp32-gps-01-32a50528 (d0, q0, r0, m0, 'trackhub/gps', ... (238 bytes))
1783062634: New connection from 192.168.141.167:55779 on port 1883.
1783062634: New client connected from 192.168.141.167:55779 as trackhub-laravel-subscriber (p2, c1, k30).
1783062634: No will message specified.
1783062634: Sending CONNACK to trackhub-laravel-subscriber (0, 0)
1783062634: Received SUBSCRIBE from trackhub-laravel-subscriber
1783062634: 	trackhub/gps (QoS 0)
1783062634: trackhub-laravel-subscriber 0 trackhub/gps
1783062634: Sending SUBACK to trackhub-laravel-subscriber
1783062634: Received PUBLISH from esp32-gps-01-32a50528 (d0, q0, r0, m0, 'trackhub/gps', ... (238 bytes))
1783062634: Sending PUBLISH to trackhub-laravel-subscriber (d0, q0, r0, m0, 'trackhub/gps', ... (238 bytes))
1783062635: Received PINGREQ from esp32-gps-01-32a50528
1783062635: Sending PINGRESP to esp32-gps-01-32a50528
1783062637: Received PUBLISH from esp32-gps-01-32a50528 (d0, q0, r0, m0, 'trackhub/gps', ... (238 bytes))
1783062637: Sending PUBLISH to trackhub-laravel-subscriber (d0, q0, r0, m0, 'trackhub/gps', ... (238 bytes))
1783062640: Received PUBLISH from esp32-gps-01-32a50528 (d0, q0, r0, m0, 'trackhub/gps', ... (238 bytes))
1783062640: Sending PUBLISH to trackhub-laravel-subscriber (d0, q0, r0, m0, 'trackhub/gps', ... (238 bytes))
1783062643: Received PUBLISH from esp32-gps-01-32a50528 (d0, q0, r0, m0, 'trackhub/gps', ... (279 bytes))
1783062643: Sending PUBLISH to trackhub-laravel-subscriber (d0, q0, r0, m0, 'trackhub/gps', ... (279 bytes))
1783062646: Received PUBLISH from esp32-gps-01-32a50528 (d0, q0, r0, m0, 'trackhub/gps', ... (242 bytes))
1783062646: Sending PUBLISH to trackhub-laravel-subscriber (d0, q0, r0, m0, 'trackhub/gps', ... (242 bytes))
1783062650: Received PUBLISH from esp32-gps-01-32a50528 (d0, q0, r0, m0, 'trackhub/gps', ... (242 bytes))
1783062650: Sending PUBLISH to trackhub-laravel-subscriber (d0, q0, r0, m0, 'trackhub/gps', ... (242 bytes))
1783062650: Received PINGREQ from esp32-gps-01-32a50528
1783062650: Sending PINGRESP to esp32-gps-01-32a50528
1783062653: Received PUBLISH from esp32-gps-01-32a50528 (d0, q0, r0, m0, 'trackhub/gps', ... (242 bytes))
1783062653: Sending PUBLISH to trackhub-laravel-subscriber (d0, q0, r0, m0, 'trackhub/gps', ... (242 bytes))
1783062655: Received PUBLISH from esp32-gps-01-32a50528 (d0, q0, r0, m0, 'trackhub/gps', ... (242 bytes))
1783062655: Sending PUBLISH to trackhub-laravel-subscriber (d0, q0, r0, m0, 'trackhub/gps', ... (242 bytes))
1783062658: Received PUBLISH from esp32-gps-01-32a50528 (d0, q0, r0, m0, 'trackhub/gps', ... (244 bytes))
1783062658: Sending PUBLISH to trackhub-laravel-subscriber (d0, q0, r0, m0, 'trackhub/gps', ... (244 bytes))
1783062661: Received PUBLISH from esp32-gps-01-32a50528 (d0, q0, r0, m0, 'trackhub/gps', ... (236 bytes))
1783062661: Sending PUBLISH to trackhub-laravel-subscriber (d0, q0, r0, m0, 'trackhub/gps', ... (236 bytes))
1783062665: Received PUBLISH from esp32-gps-01-32a50528 (d0, q0, r0, m0, 'trackhub/gps', ... (236 bytes))
1783062665: Sending PUBLISH to trackhub-laravel-subscriber (d0, q0, r0, m0, 'trackhub/gps', ... (236 bytes))
1783062665: Received PINGREQ from esp32-gps-01-32a50528
1783062665: Sending PINGRESP to esp32-gps-01-32a50528
1783062668: Received PUBLISH from esp32-gps-01-32a50528 (d0, q0, r0, m0, 'trackhub/gps', ... (236 bytes))
1783062668: Sending PUBLISH to trackhub-laravel-subscriber (d0, q0, r0, m0, 'trackhub/gps', ... (236 bytes))
1783062678: Received PINGREQ from trackhub-laravel-subscriber
1783062678: Sending PINGRESP to trackhub-laravel-subscriber
1783062688: Received PINGREQ from trackhub-laravel-subscriber
1783062688: Sending PINGRESP to trackhub-laravel-subscriber
1783062690: Client esp32-gps-01-32a50528 has exceeded timeout, disconnecting.
1783062698: Received PINGREQ from trackhub-laravel-subscriber
1783062698: Sending PINGRESP to trackhub-laravel-subscriber
1783062706: New connection from 192.168.141.57:65033 on port 1883.
1783062706: New client connected from 192.168.141.57:65033 as esp32-gps-01-32a50528 (p2, c1, k15).
1783062706: No will message specified.
1783062706: Sending CONNACK to esp32-gps-01-32a50528 (0, 0)
1783062706: Received PUBLISH from esp32-gps-01-32a50528 (d0, q0, r0, m0, 'trackhub/gps', ... (280 bytes))
1783062706: Sending PUBLISH to trackhub-laravel-subscriber (d0, q0, r0, m0, 'trackhub/gps', ... (280 bytes))
1783062709: Received PUBLISH from esp32-gps-01-32a50528 (d0, q0, r0, m0, 'trackhub/gps', ... (258 bytes))
1783062709: Sending PUBLISH to trackhub-laravel-subscriber (d0, q0, r0, m0, 'trackhub/gps', ... (258 bytes))
1783062712: Received PUBLISH from esp32-gps-01-32a50528 (d0, q0, r0, m0, 'trackhub/gps', ... (236 bytes))
1783062712: Sending PUBLISH to trackhub-laravel-subscriber (d0, q0, r0, m0, 'trackhub/gps', ... (236 bytes))
1783062715: Received PUBLISH from esp32-gps-01-32a50528 (d0, q0, r0, m0, 'trackhub/gps', ... (280 bytes))
1783062715: Sending PUBLISH to trackhub-laravel-subscriber (d0, q0, r0, m0, 'trackhub/gps', ... (280 bytes))
1783062718: Received PUBLISH from esp32-gps-01-32a50528 (d0, q0, r0, m0, 'trackhub/gps', ... (280 bytes))
1783062718: Sending PUBLISH to trackhub-laravel-subscriber (d0, q0, r0, m0, 'trackhub/gps', ... (280 bytes))
1783062721: Received PINGREQ from esp32-gps-01-32a50528
1783062721: Sending PINGRESP to esp32-gps-01-32a50528
1783062721: Received PUBLISH from esp32-gps-01-32a50528 (d0, q0, r0, m0, 'trackhub/gps', ... (258 bytes))
1783062721: Sending PUBLISH to trackhub-laravel-subscriber (d0, q0, r0, m0, 'trackhub/gps', ... (258 bytes))
1783062724: Received PUBLISH from esp32-gps-01-32a50528 (d0, q0, r0, m0, 'trackhub/gps', ... (273 bytes))
1783062724: Sending PUBLISH to trackhub-laravel-subscriber (d0, q0, r0, m0, 'trackhub/gps', ... (273 bytes))
1783062727: Received PUBLISH from esp32-gps-01-32a50528 (d0, q0, r0, m0, 'trackhub/gps', ... (273 bytes))
1783062727: Sending PUBLISH to trackhub-laravel-subscriber (d0, q0, r0, m0, 'trackhub/gps', ... (273 bytes))
1783062730: Received PUBLISH from esp32-gps-01-32a50528 (d0, q0, r0, m0, 'trackhub/gps', ... (273 bytes))
1783062730: Sending PUBLISH to trackhub-laravel-subscriber (d0, q0, r0, m0, 'trackhub/gps', ... (273 bytes))
1783062733: Received PUBLISH from esp32-gps-01-32a50528 (d0, q0, r0, m0, 'trackhub/gps', ... (273 bytes))
1783062733: Sending PUBLISH to trackhub-laravel-subscriber (d0, q0, r0, m0, 'trackhub/gps', ... (273 bytes))
1783062736: Received PUBLISH from esp32-gps-01-32a50528 (d0, q0, r0, m0, 'trackhub/gps', ... (273 bytes))
1783062736: Sending PUBLISH to trackhub-laravel-subscriber (d0, q0, r0, m0, 'trackhub/gps', ... (273 bytes))
1783062736: Received PINGREQ from esp32-gps-01-32a50528
1783062736: Sending PINGRESP to esp32-gps-01-32a50528
1783062739: Received PUBLISH from esp32-gps-01-32a50528 (d0, q0, r0, m0, 'trackhub/gps', ... (270 bytes))
1783062739: Sending PUBLISH to trackhub-laravel-subscriber (d0, q0, r0, m0, 'trackhub/gps', ... (270 bytes))
1783062742: Received PUBLISH from esp32-gps-01-32a50528 (d0, q0, r0, m0, 'trackhub/gps', ... (270 bytes))
1783062742: Sending PUBLISH to trackhub-laravel-subscriber (d0, q0, r0, m0, 'trackhub/gps', ... (270 bytes))
1783062743: Client trackhub-laravel-subscriber has exceeded timeout, disconnecting.
1783062745: Received PUBLISH from esp32-gps-01-32a50528 (d0, q0, r0, m0, 'trackhub/gps', ... (277 bytes))
1783062748: New connection from 192.168.141.167:64581 on port 1883.
1783062748: New client connected from 192.168.141.167:64581 as trackhub-laravel-subscriber (p2, c1, k30).
1783062748: No will message specified.
1783062748: Sending CONNACK to trackhub-laravel-subscriber (0, 0)
1783062748: Received SUBSCRIBE from trackhub-laravel-subscriber
1783062748: 	trackhub/gps (QoS 0)
1783062748: trackhub-laravel-subscriber 0 trackhub/gps
1783062748: Sending SUBACK to trackhub-laravel-subscriber
1783062748: Received PUBLISH from esp32-gps-01-32a50528 (d0, q0, r0, m0, 'trackhub/gps', ... (277 bytes))
1783062748: Sending PUBLISH to trackhub-laravel-subscriber (d0, q0, r0, m0, 'trackhub/gps', ... (277 bytes))
1783062751: Received PUBLISH from esp32-gps-01-32a50528 (d0, q0, r0, m0, 'trackhub/gps', ... (275 bytes))
1783062751: Sending PUBLISH to trackhub-laravel-subscriber (d0, q0, r0, m0, 'trackhub/gps', ... (275 bytes))
1783062751: Received PINGREQ from esp32-gps-01-32a50528
1783062751: Sending PINGRESP to esp32-gps-01-32a50528
1783062754: Received PUBLISH from esp32-gps-01-32a50528 (d0, q0, r0, m0, 'trackhub/gps', ... (275 bytes))
1783062754: Sending PUBLISH to trackhub-laravel-subscriber (d0, q0, r0, m0, 'trackhub/gps', ... (275 bytes))
1783062757: Received PUBLISH from esp32-gps-01-32a50528 (d0, q0, r0, m0, 'trackhub/gps', ... (275 bytes))
1783062757: Sending PUBLISH to trackhub-laravel-subscriber (d0, q0, r0, m0, 'trackhub/gps', ... (275 bytes))
1783062760: Received PUBLISH from esp32-gps-01-32a50528 (d0, q0, r0, m0, 'trackhub/gps', ... (275 bytes))
1783062760: Sending PUBLISH to trackhub-laravel-subscriber (d0, q0, r0, m0, 'trackhub/gps', ... (275 bytes))
1783062763: Received PUBLISH from esp32-gps-01-32a50528 (d0, q0, r0, m0, 'trackhub/gps', ... (275 bytes))
1783062763: Sending PUBLISH to trackhub-laravel-subscriber (d0, q0, r0, m0, 'trackhub/gps', ... (275 bytes))
1783062766: Received PUBLISH from esp32-gps-01-32a50528 (d0, q0, r0, m0, 'trackhub/gps', ... (275 bytes))
1783062766: Sending PUBLISH to trackhub-laravel-subscriber (d0, q0, r0, m0, 'trackhub/gps', ... (275 bytes))
1783062766: Received PINGREQ from esp32-gps-01-32a50528
1783062766: Sending PINGRESP to esp32-gps-01-32a50528
1783062769: Received PUBLISH from esp32-gps-01-32a50528 (d0, q0, r0, m0, 'trackhub/gps', ... (279 bytes))
1783062769: Sending PUBLISH to trackhub-laravel-subscriber (d0, q0, r0, m0, 'trackhub/gps', ... (279 bytes))
1783062772: Received PUBLISH from esp32-gps-01-32a50528 (d0, q0, r0, m0, 'trackhub/gps', ... (239 bytes))
1783062772: Sending PUBLISH to trackhub-laravel-subscriber (d0, q0, r0, m0, 'trackhub/gps', ... (239 bytes))
1783062775: Received PUBLISH from esp32-gps-01-32a50528 (d0, q0, r0, m0, 'trackhub/gps', ... (279 bytes))
1783062775: Sending PUBLISH to trackhub-laravel-subscriber (d0, q0, r0, m0, 'trackhub/gps', ... (279 bytes))
1783062778: Received PUBLISH from esp32-gps-01-32a50528 (d0, q0, r0, m0, 'trackhub/gps', ... (239 bytes))
1783062778: Sending PUBLISH to trackhub-laravel-subscriber (d0, q0, r0, m0, 'trackhub/gps', ... (239 bytes))
1783062781: Received PUBLISH from esp32-gps-01-32a50528 (d0, q0, r0, m0, 'trackhub/gps', ... (253 bytes))
1783062781: Sending PUBLISH to trackhub-laravel-subscriber (d0, q0, r0, m0, 'trackhub/gps', ... (253 bytes))
1783062781: Received PINGREQ from esp32-gps-01-32a50528
1783062781: Sending PINGRESP to esp32-gps-01-32a50528
1783062784: Received PUBLISH from esp32-gps-01-32a50528 (d0, q0, r0, m0, 'trackhub/gps', ... (253 bytes))
1783062784: Sending PUBLISH to trackhub-laravel-subscriber (d0, q0, r0, m0, 'trackhub/gps', ... (253 bytes))
1783062787: Received PUBLISH from esp32-gps-01-32a50528 (d0, q0, r0, m0, 'trackhub/gps', ... (253 bytes))
1783062787: Sending PUBLISH to trackhub-laravel-subscriber (d0, q0, r0, m0, 'trackhub/gps', ... (253 bytes))
1783062790: Received PUBLISH from esp32-gps-01-32a50528 (d0, q0, r0, m0, 'trackhub/gps', ... (277 bytes))
1783062790: Sending PUBLISH to trackhub-laravel-subscriber (d0, q0, r0, m0, 'trackhub/gps', ... (277 bytes))
1783062793: Received PUBLISH from esp32-gps-01-32a50528 (d0, q0, r0, m0, 'trackhub/gps', ... (253 bytes))
1783062793: Sending PUBLISH to trackhub-laravel-subscriber (d0, q0, r0, m0, 'trackhub/gps', ... (253 bytes))
1783062794: Client trackhub-laravel-subscriber has exceeded timeout, disconnecting.
1783062796: Received PUBLISH from esp32-gps-01-32a50528 (d0, q0, r0, m0, 'trackhub/gps', ... (277 bytes))
1783062796: Received PINGREQ from esp32-gps-01-32a50528
1783062796: Sending PINGRESP to esp32-gps-01-32a50528
1783062799: New connection from 192.168.141.167:62856 on port 1883.
1783062799: New client connected from 192.168.141.167:62856 as trackhub-laravel-subscriber (p2, c1, k30).
1783062799: No will message specified.
1783062799: Sending CONNACK to trackhub-laravel-subscriber (0, 0)
1783062799: Received SUBSCRIBE from trackhub-laravel-subscriber
1783062799: 	trackhub/gps (QoS 0)
1783062799: trackhub-laravel-subscriber 0 trackhub/gps
1783062799: Sending SUBACK to trackhub-laravel-subscriber
1783062809: Received PINGREQ from trackhub-laravel-subscriber
1783062809: Sending PINGRESP to trackhub-laravel-subscriber
1783062819: Client esp32-gps-01-32a50528 has exceeded timeout, disconnecting.
1783062819: Received PINGREQ from trackhub-laravel-subscriber
1783062819: Sending PINGRESP to trackhub-laravel-subscriber
1783062829: Received PINGREQ from trackhub-laravel-subscriber
1783062829: Sending PINGRESP to trackhub-laravel-subscriber
1783062839: Received PINGREQ from trackhub-laravel-subscriber
1783062839: Sending PINGRESP to trackhub-laravel-subscriber
1783062849: Received PINGREQ from trackhub-laravel-subscriber
1783062849: Sending PINGRESP to trackhub-laravel-subscriber
1783062859: Received PINGREQ from trackhub-laravel-subscriber
1783062859: Sending PINGRESP to trackhub-laravel-subscriber
1783062869: Received PINGREQ from trackhub-laravel-subscriber
1783062869: Sending PINGRESP to trackhub-laravel-subscriber
1783062879: Received PINGREQ from trackhub-laravel-subscriber
1783062879: Sending PINGRESP to trackhub-laravel-subscriber
1783062889: Received PINGREQ from trackhub-laravel-subscriber
1783062889: Sending PINGRESP to trackhub-laravel-subscriber
1783062899: Received PINGREQ from trackhub-laravel-subscriber
1783062899: Sending PINGRESP to trackhub-laravel-subscriber
1783062909: Received PINGREQ from trackhub-laravel-subscriber
1783062909: Sending PINGRESP to trackhub-laravel-subscriber
1783062912: New connection from 192.168.141.57:60724 on port 1883.
1783062912: New client connected from 192.168.141.57:60724 as esp32-gps-01-32a50528 (p2, c1, k15).
1783062912: No will message specified.
1783062912: Sending CONNACK to esp32-gps-01-32a50528 (0, 0)
1783062912: Received PUBLISH from esp32-gps-01-32a50528 (d0, q0, r0, m0, 'trackhub/gps', ... (242 bytes))
1783062912: Sending PUBLISH to trackhub-laravel-subscriber (d0, q0, r0, m0, 'trackhub/gps', ... (242 bytes))
1783062916: Received PUBLISH from esp32-gps-01-32a50528 (d0, q0, r0, m0, 'trackhub/gps', ... (258 bytes))
1783062916: Sending PUBLISH to trackhub-laravel-subscriber (d0, q0, r0, m0, 'trackhub/gps', ... (258 bytes))
1783062919: Received PUBLISH from esp32-gps-01-32a50528 (d0, q0, r0, m0, 'trackhub/gps', ... (235 bytes))
1783062919: Sending PUBLISH to trackhub-laravel-subscriber (d0, q0, r0, m0, 'trackhub/gps', ... (235 bytes))
1783062922: Received PUBLISH from esp32-gps-01-32a50528 (d0, q0, r0, m0, 'trackhub/gps', ... (235 bytes))
1783062922: Sending PUBLISH to trackhub-laravel-subscriber (d0, q0, r0, m0, 'trackhub/gps', ... (235 bytes))
1783062925: Received PUBLISH from esp32-gps-01-32a50528 (d0, q0, r0, m0, 'trackhub/gps', ... (278 bytes))
1783062925: Sending PUBLISH to trackhub-laravel-subscriber (d0, q0, r0, m0, 'trackhub/gps', ... (278 bytes))
1783062928: Received PINGREQ from esp32-gps-01-32a50528
1783062928: Sending PINGRESP to esp32-gps-01-32a50528
1783062928: Received PUBLISH from esp32-gps-01-32a50528 (d0, q0, r0, m0, 'trackhub/gps', ... (257 bytes))
1783062928: Sending PUBLISH to trackhub-laravel-subscriber (d0, q0, r0, m0, 'trackhub/gps', ... (257 bytes))
1783062931: Received PUBLISH from esp32-gps-01-32a50528 (d0, q0, r0, m0, 'trackhub/gps', ... (257 bytes))
1783062931: Sending PUBLISH to trackhub-laravel-subscriber (d0, q0, r0, m0, 'trackhub/gps', ... (257 bytes))
1783062934: Received PUBLISH from esp32-gps-01-32a50528 (d0, q0, r0, m0, 'trackhub/gps', ... (257 bytes))
1783062934: Sending PUBLISH to trackhub-laravel-subscriber (d0, q0, r0, m0, 'trackhub/gps', ... (257 bytes))
1783062937: Received PUBLISH from esp32-gps-01-32a50528 (d0, q0, r0, m0, 'trackhub/gps', ... (270 bytes))
1783062937: Sending PUBLISH to trackhub-laravel-subscriber (d0, q0, r0, m0, 'trackhub/gps', ... (270 bytes))
1783062940: Received PUBLISH from esp32-gps-01-32a50528 (d0, q0, r0, m0, 'trackhub/gps', ... (272 bytes))
1783062940: Sending PUBLISH to trackhub-laravel-subscriber (d0, q0, r0, m0, 'trackhub/gps', ... (272 bytes))
1783062943: Received PINGREQ from esp32-gps-01-32a50528
1783062943: Sending PINGRESP to esp32-gps-01-32a50528
1783062943: Received PUBLISH from esp32-gps-01-32a50528 (d0, q0, r0, m0, 'trackhub/gps', ... (272 bytes))
1783062943: Sending PUBLISH to trackhub-laravel-subscriber (d0, q0, r0, m0, 'trackhub/gps', ... (272 bytes))
1783062946: Received PUBLISH from esp32-gps-01-32a50528 (d0, q0, r0, m0, 'trackhub/gps', ... (269 bytes))
1783062946: Sending PUBLISH to trackhub-laravel-subscriber (d0, q0, r0, m0, 'trackhub/gps', ... (269 bytes))
1783062949: Received PUBLISH from esp32-gps-01-32a50528 (d0, q0, r0, m0, 'trackhub/gps', ... (269 bytes))
1783062949: Sending PUBLISH to trackhub-laravel-subscriber (d0, q0, r0, m0, 'trackhub/gps', ... (269 bytes))
1783062952: Received PUBLISH from esp32-gps-01-32a50528 (d0, q0, r0, m0, 'trackhub/gps', ... (269 bytes))
1783062952: Sending PUBLISH to trackhub-laravel-subscriber (d0, q0, r0, m0, 'trackhub/gps', ... (269 bytes))
1783062955: Received PUBLISH from esp32-gps-01-32a50528 (d0, q0, r0, m0, 'trackhub/gps', ... (270 bytes))
1783062955: Sending PUBLISH to trackhub-laravel-subscriber (d0, q0, r0, m0, 'trackhub/gps', ... (270 bytes))
1783062955: Client trackhub-laravel-subscriber has exceeded timeout, disconnecting.
1783062958: Received PUBLISH from esp32-gps-01-32a50528 (d0, q0, r0, m0, 'trackhub/gps', ... (270 bytes))
1783062958: Received PINGREQ from esp32-gps-01-32a50528
1783062958: Sending PINGRESP to esp32-gps-01-32a50528
1783062960: New connection from 192.168.141.167:51147 on port 1883.
1783062960: New client connected from 192.168.141.167:51147 as trackhub-laravel-subscriber (p2, c1, k30).
1783062960: No will message specified.
1783062960: Sending CONNACK to trackhub-laravel-subscriber (0, 0)
1783062960: Received SUBSCRIBE from trackhub-laravel-subscriber
1783062960: 	trackhub/gps (QoS 0)
1783062960: trackhub-laravel-subscriber 0 trackhub/gps
1783062960: Sending SUBACK to trackhub-laravel-subscriber
1783062961: Received PUBLISH from esp32-gps-01-32a50528 (d0, q0, r0, m0, 'trackhub/gps', ... (270 bytes))
1783062961: Sending PUBLISH to trackhub-laravel-subscriber (d0, q0, r0, m0, 'trackhub/gps', ... (270 bytes))
1783062964: Received PUBLISH from esp32-gps-01-32a50528 (d0, q0, r0, m0, 'trackhub/gps', ... (276 bytes))
1783062964: Sending PUBLISH to trackhub-laravel-subscriber (d0, q0, r0, m0, 'trackhub/gps', ... (276 bytes))
1783062967: Received PUBLISH from esp32-gps-01-32a50528 (d0, q0, r0, m0, 'trackhub/gps', ... (276 bytes))
1783062967: Sending PUBLISH to trackhub-laravel-subscriber (d0, q0, r0, m0, 'trackhub/gps', ... (276 bytes))
1783062970: Received PUBLISH from esp32-gps-01-32a50528 (d0, q0, r0, m0, 'trackhub/gps', ... (276 bytes))
1783062970: Sending PUBLISH to trackhub-laravel-subscriber (d0, q0, r0, m0, 'trackhub/gps', ... (276 bytes))
1783062973: Received PUBLISH from esp32-gps-01-32a50528 (d0, q0, r0, m0, 'trackhub/gps', ... (276 bytes))
1783062973: Sending PUBLISH to trackhub-laravel-subscriber (d0, q0, r0, m0, 'trackhub/gps', ... (276 bytes))
1783062973: Received PINGREQ from esp32-gps-01-32a50528
1783062973: Sending PINGRESP to esp32-gps-01-32a50528
1783062976: Received PUBLISH from esp32-gps-01-32a50528 (d0, q0, r0, m0, 'trackhub/gps', ... (274 bytes))
1783062976: Sending PUBLISH to trackhub-laravel-subscriber (d0, q0, r0, m0, 'trackhub/gps', ... (274 bytes))
1783062979: Received PUBLISH from esp32-gps-01-32a50528 (d0, q0, r0, m0, 'trackhub/gps', ... (274 bytes))
1783062979: Sending PUBLISH to trackhub-laravel-subscriber (d0, q0, r0, m0, 'trackhub/gps', ... (274 bytes))
1783062982: Received PUBLISH from esp32-gps-01-32a50528 (d0, q0, r0, m0, 'trackhub/gps', ... (274 bytes))
1783062982: Sending PUBLISH to trackhub-laravel-subscriber (d0, q0, r0, m0, 'trackhub/gps', ... (274 bytes))
1783062985: Received PUBLISH from esp32-gps-01-32a50528 (d0, q0, r0, m0, 'trackhub/gps', ... (274 bytes))
1783062985: Sending PUBLISH to trackhub-laravel-subscriber (d0, q0, r0, m0, 'trackhub/gps', ... (274 bytes))
1783062988: Received PUBLISH from esp32-gps-01-32a50528 (d0, q0, r0, m0, 'trackhub/gps', ... (279 bytes))
1783062988: Sending PUBLISH to trackhub-laravel-subscriber (d0, q0, r0, m0, 'trackhub/gps', ... (279 bytes))
1783062988: Received PINGREQ from esp32-gps-01-32a50528
1783062988: Sending PINGRESP to esp32-gps-01-32a50528
1783062991: Received PUBLISH from esp32-gps-01-32a50528 (d0, q0, r0, m0, 'trackhub/gps', ... (279 bytes))
1783062991: Sending PUBLISH to trackhub-laravel-subscriber (d0, q0, r0, m0, 'trackhub/gps', ... (279 bytes))
1783062994: Received PUBLISH from esp32-gps-01-32a50528 (d0, q0, r0, m0, 'trackhub/gps', ... (279 bytes))
1783062994: Sending PUBLISH to trackhub-laravel-subscriber (d0, q0, r0, m0, 'trackhub/gps', ... (279 bytes))
1783062997: Received PUBLISH from esp32-gps-01-32a50528 (d0, q0, r0, m0, 'trackhub/gps', ... (279 bytes))
1783062997: Sending PUBLISH to trackhub-laravel-subscriber (d0, q0, r0, m0, 'trackhub/gps', ... (279 bytes))
1783063000: Received PUBLISH from esp32-gps-01-32a50528 (d0, q0, r0, m0, 'trackhub/gps', ... (239 bytes))
1783063000: Sending PUBLISH to trackhub-laravel-subscriber (d0, q0, r0, m0, 'trackhub/gps', ... (239 bytes))
1783063003: Received PUBLISH from esp32-gps-01-32a50528 (d0, q0, r0, m0, 'trackhub/gps', ... (239 bytes))
1783063003: Sending PUBLISH to trackhub-laravel-subscriber (d0, q0, r0, m0, 'trackhub/gps', ... (239 bytes))
1783063003: Received PINGREQ from esp32-gps-01-32a50528
1783063003: Sending PINGRESP to esp32-gps-01-32a50528
1783063006: Client trackhub-laravel-subscriber has exceeded timeout, disconnecting.
1783063006: Received PUBLISH from esp32-gps-01-32a50528 (d0, q0, r0, m0, 'trackhub/gps', ... (239 bytes))
1783063009: Received PUBLISH from esp32-gps-01-32a50528 (d0, q0, r0, m0, 'trackhub/gps', ... (277 bytes))
1783063011: New connection from 192.168.141.167:59634 on port 1883.
1783063011: New client connected from 192.168.141.167:59634 as trackhub-laravel-subscriber (p2, c1, k30).
1783063011: No will message specified.
1783063011: Sending CONNACK to trackhub-laravel-subscriber (0, 0)
1783063011: Received SUBSCRIBE from trackhub-laravel-subscriber
1783063011: 	trackhub/gps (QoS 0)
1783063011: trackhub-laravel-subscriber 0 trackhub/gps
1783063011: Sending SUBACK to trackhub-laravel-subscriber
1783063012: Received PUBLISH from esp32-gps-01-32a50528 (d0, q0, r0, m0, 'trackhub/gps', ... (277 bytes))
1783063012: Sending PUBLISH to trackhub-laravel-subscriber (d0, q0, r0, m0, 'trackhub/gps', ... (277 bytes))
1783063015: Received PUBLISH from esp32-gps-01-32a50528 (d0, q0, r0, m0, 'trackhub/gps', ... (277 bytes))
1783063015: Sending PUBLISH to trackhub-laravel-subscriber (d0, q0, r0, m0, 'trackhub/gps', ... (277 bytes))
1783063018: Received PUBLISH from esp32-gps-01-32a50528 (d0, q0, r0, m0, 'trackhub/gps', ... (277 bytes))
1783063018: Sending PUBLISH to trackhub-laravel-subscriber (d0, q0, r0, m0, 'trackhub/gps', ... (277 bytes))
1783063019: Received PINGREQ from esp32-gps-01-32a50528
1783063019: Sending PINGRESP to esp32-gps-01-32a50528
1783063021: Received PUBLISH from esp32-gps-01-32a50528 (d0, q0, r0, m0, 'trackhub/gps', ... (277 bytes))
1783063021: Sending PUBLISH to trackhub-laravel-subscriber (d0, q0, r0, m0, 'trackhub/gps', ... (277 bytes))
1783063024: Received PUBLISH from esp32-gps-01-32a50528 (d0, q0, r0, m0, 'trackhub/gps', ... (277 bytes))
1783063024: Sending PUBLISH to trackhub-laravel-subscriber (d0, q0, r0, m0, 'trackhub/gps', ... (277 bytes))
1783063027: Received PUBLISH from esp32-gps-01-32a50528 (d0, q0, r0, m0, 'trackhub/gps', ... (277 bytes))
1783063027: Sending PUBLISH to trackhub-laravel-subscriber (d0, q0, r0, m0, 'trackhub/gps', ... (277 bytes))
1783063030: Received PUBLISH from esp32-gps-01-32a50528 (d0, q0, r0, m0, 'trackhub/gps', ... (277 bytes))
1783063030: Sending PUBLISH to trackhub-laravel-subscriber (d0, q0, r0, m0, 'trackhub/gps', ... (277 bytes))
1783063033: Received PUBLISH from esp32-gps-01-32a50528 (d0, q0, r0, m0, 'trackhub/gps', ... (277 bytes))
1783063033: Sending PUBLISH to trackhub-laravel-subscriber (d0, q0, r0, m0, 'trackhub/gps', ... (277 bytes))
1783063034: Received PINGREQ from esp32-gps-01-32a50528
1783063034: Sending PINGRESP to esp32-gps-01-32a50528
1783063036: Received PUBLISH from esp32-gps-01-32a50528 (d0, q0, r0, m0, 'trackhub/gps', ... (277 bytes))
1783063036: Sending PUBLISH to trackhub-laravel-subscriber (d0, q0, r0, m0, 'trackhub/gps', ... (277 bytes))
1783063039: Received PUBLISH from esp32-gps-01-32a50528 (d0, q0, r0, m0, 'trackhub/gps', ... (238 bytes))
1783063039: Sending PUBLISH to trackhub-laravel-subscriber (d0, q0, r0, m0, 'trackhub/gps', ... (238 bytes))
1783063042: Received PUBLISH from esp32-gps-01-32a50528 (d0, q0, r0, m0, 'trackhub/gps', ... (238 bytes))
1783063042: Sending PUBLISH to trackhub-laravel-subscriber (d0, q0, r0, m0, 'trackhub/gps', ... (238 bytes))
1783063045: Received PUBLISH from esp32-gps-01-32a50528 (d0, q0, r0, m0, 'trackhub/gps', ... (277 bytes))
1783063045: Sending PUBLISH to trackhub-laravel-subscriber (d0, q0, r0, m0, 'trackhub/gps', ... (277 bytes))
1783063048: Received PUBLISH from esp32-gps-01-32a50528 (d0, q0, r0, m0, 'trackhub/gps', ... (238 bytes))
1783063048: Sending PUBLISH to trackhub-laravel-subscriber (d0, q0, r0, m0, 'trackhub/gps', ... (238 bytes))
1783063049: Received PINGREQ from esp32-gps-01-32a50528
1783063049: Sending PINGRESP to esp32-gps-01-32a50528
1783063051: Received PUBLISH from esp32-gps-01-32a50528 (d0, q0, r0, m0, 'trackhub/gps', ... (279 bytes))
1783063051: Sending PUBLISH to trackhub-laravel-subscriber (d0, q0, r0, m0, 'trackhub/gps', ... (279 bytes))
1783063054: Received PUBLISH from esp32-gps-01-32a50528 (d0, q0, r0, m0, 'trackhub/gps', ... (279 bytes))
1783063054: Sending PUBLISH to trackhub-laravel-subscriber (d0, q0, r0, m0, 'trackhub/gps', ... (279 bytes))
1783063057: Client trackhub-laravel-subscriber has exceeded timeout, disconnecting.
1783063058: Received PUBLISH from esp32-gps-01-32a50528 (d0, q0, r0, m0, 'trackhub/gps', ... (279 bytes))
1783063060: Received PUBLISH from esp32-gps-01-32a50528 (d0, q0, r0, m0, 'trackhub/gps', ... (279 bytes))
1783063062: New connection from 192.168.141.167:59637 on port 1883.
1783063062: New client connected from 192.168.141.167:59637 as trackhub-laravel-subscriber (p2, c1, k30).
1783063062: No will message specified.
1783063062: Sending CONNACK to trackhub-laravel-subscriber (0, 0)
1783063062: Received SUBSCRIBE from trackhub-laravel-subscriber
1783063062: 	trackhub/gps (QoS 0)
1783063062: trackhub-laravel-subscriber 0 trackhub/gps
1783063062: Sending SUBACK to trackhub-laravel-subscriber
1783063063: Received PUBLISH from esp32-gps-01-32a50528 (d0, q0, r0, m0, 'trackhub/gps', ... (279 bytes))
1783063063: Sending PUBLISH to trackhub-laravel-subscriber (d0, q0, r0, m0, 'trackhub/gps', ... (279 bytes))
1783063064: Received PINGREQ from esp32-gps-01-32a50528
1783063064: Sending PINGRESP to esp32-gps-01-32a50528
1783063066: Received PUBLISH from esp32-gps-01-32a50528 (d0, q0, r0, m0, 'trackhub/gps', ... (242 bytes))
1783063066: Sending PUBLISH to trackhub-laravel-subscriber (d0, q0, r0, m0, 'trackhub/gps', ... (242 bytes))
1783063070: Received PUBLISH from esp32-gps-01-32a50528 (d0, q0, r0, m0, 'trackhub/gps', ... (244 bytes))
1783063070: Sending PUBLISH to trackhub-laravel-subscriber (d0, q0, r0, m0, 'trackhub/gps', ... (244 bytes))
1783063073: Received PUBLISH from esp32-gps-01-32a50528 (d0, q0, r0, m0, 'trackhub/gps', ... (244 bytes))
1783063073: Sending PUBLISH to trackhub-laravel-subscriber (d0, q0, r0, m0, 'trackhub/gps', ... (244 bytes))
1783063076: Received PUBLISH from esp32-gps-01-32a50528 (d0, q0, r0, m0, 'trackhub/gps', ... (236 bytes))
1783063076: Sending PUBLISH to trackhub-laravel-subscriber (d0, q0, r0, m0, 'trackhub/gps', ... (236 bytes))
1783063079: Received PUBLISH from esp32-gps-01-32a50528 (d0, q0, r0, m0, 'trackhub/gps', ... (236 bytes))
1783063079: Sending PUBLISH to trackhub-laravel-subscriber (d0, q0, r0, m0, 'trackhub/gps', ... (236 bytes))
1783063079: Received PINGREQ from esp32-gps-01-32a50528
1783063079: Sending PINGRESP to esp32-gps-01-32a50528
1783063081: Received PUBLISH from esp32-gps-01-32a50528 (d0, q0, r0, m0, 'trackhub/gps', ... (236 bytes))
1783063081: Sending PUBLISH to trackhub-laravel-subscriber (d0, q0, r0, m0, 'trackhub/gps', ... (236 bytes))
1783063084: Received PUBLISH from esp32-gps-01-32a50528 (d0, q0, r0, m0, 'trackhub/gps', ... (236 bytes))
1783063084: Sending PUBLISH to trackhub-laravel-subscriber (d0, q0, r0, m0, 'trackhub/gps', ... (236 bytes))
1783063088: Received PUBLISH from esp32-gps-01-32a50528 (d0, q0, r0, m0, 'trackhub/gps', ... (236 bytes))
1783063088: Sending PUBLISH to trackhub-laravel-subscriber (d0, q0, r0, m0, 'trackhub/gps', ... (236 bytes))
1783063091: Received PUBLISH from esp32-gps-01-32a50528 (d0, q0, r0, m0, 'trackhub/gps', ... (236 bytes))
1783063091: Sending PUBLISH to trackhub-laravel-subscriber (d0, q0, r0, m0, 'trackhub/gps', ... (236 bytes))
1783063094: Received PUBLISH from esp32-gps-01-32a50528 (d0, q0, r0, m0, 'trackhub/gps', ... (280 bytes))
1783063094: Sending PUBLISH to trackhub-laravel-subscriber (d0, q0, r0, m0, 'trackhub/gps', ... (280 bytes))
1783063095: Received PINGREQ from esp32-gps-01-32a50528
1783063095: Sending PINGRESP to esp32-gps-01-32a50528
1783063097: Received PUBLISH from esp32-gps-01-32a50528 (d0, q0, r0, m0, 'trackhub/gps', ... (280 bytes))
1783063097: Sending PUBLISH to trackhub-laravel-subscriber (d0, q0, r0, m0, 'trackhub/gps', ... (280 bytes))
1783063100: Received PUBLISH from esp32-gps-01-32a50528 (d0, q0, r0, m0, 'trackhub/gps', ... (280 bytes))
1783063100: Sending PUBLISH to trackhub-laravel-subscriber (d0, q0, r0, m0, 'trackhub/gps', ... (280 bytes))
1783063103: Received PUBLISH from esp32-gps-01-32a50528 (d0, q0, r0, m0, 'trackhub/gps', ... (280 bytes))
1783063103: Sending PUBLISH to trackhub-laravel-subscriber (d0, q0, r0, m0, 'trackhub/gps', ... (280 bytes))
1783063106: Received PUBLISH from esp32-gps-01-32a50528 (d0, q0, r0, m0, 'trackhub/gps', ... (258 bytes))
1783063106: Sending PUBLISH to trackhub-laravel-subscriber (d0, q0, r0, m0, 'trackhub/gps', ... (258 bytes))
1783063108: Client trackhub-laravel-subscriber has exceeded timeout, disconnecting.
1783063109: Received PUBLISH from esp32-gps-01-32a50528 (d0, q0, r0, m0, 'trackhub/gps', ... (258 bytes))
1783063110: Received PINGREQ from esp32-gps-01-32a50528
1783063110: Sending PINGRESP to esp32-gps-01-32a50528
1783063112: Received PUBLISH from esp32-gps-01-32a50528 (d0, q0, r0, m0, 'trackhub/gps', ... (258 bytes))
1783063113: New connection from 192.168.141.167:59640 on port 1883.
1783063113: New client connected from 192.168.141.167:59640 as trackhub-laravel-subscriber (p2, c1, k30).
1783063113: No will message specified.
1783063113: Sending CONNACK to trackhub-laravel-subscriber (0, 0)
1783063113: Received SUBSCRIBE from trackhub-laravel-subscriber
1783063113: 	trackhub/gps (QoS 0)
1783063113: trackhub-laravel-subscriber 0 trackhub/gps
1783063113: Sending SUBACK to trackhub-laravel-subscriber
1783063115: Received PUBLISH from esp32-gps-01-32a50528 (d0, q0, r0, m0, 'trackhub/gps', ... (258 bytes))
1783063115: Sending PUBLISH to trackhub-laravel-subscriber (d0, q0, r0, m0, 'trackhub/gps', ... (258 bytes))
1783063118: Received PUBLISH from esp32-gps-01-32a50528 (d0, q0, r0, m0, 'trackhub/gps', ... (258 bytes))
1783063118: Sending PUBLISH to trackhub-laravel-subscriber (d0, q0, r0, m0, 'trackhub/gps', ... (258 bytes))
1783063121: Received PUBLISH from esp32-gps-01-32a50528 (d0, q0, r0, m0, 'trackhub/gps', ... (273 bytes))
1783063121: Sending PUBLISH to trackhub-laravel-subscriber (d0, q0, r0, m0, 'trackhub/gps', ... (273 bytes))
1783063124: Received PUBLISH from esp32-gps-01-32a50528 (d0, q0, r0, m0, 'trackhub/gps', ... (273 bytes))
1783063124: Sending PUBLISH to trackhub-laravel-subscriber (d0, q0, r0, m0, 'trackhub/gps', ... (273 bytes))
1783063125: Received PINGREQ from esp32-gps-01-32a50528
1783063125: Sending PINGRESP to esp32-gps-01-32a50528
1783063127: Received PUBLISH from esp32-gps-01-32a50528 (d0, q0, r0, m0, 'trackhub/gps', ... (258 bytes))
1783063127: Sending PUBLISH to trackhub-laravel-subscriber (d0, q0, r0, m0, 'trackhub/gps', ... (258 bytes))
1783063130: Received PUBLISH from esp32-gps-01-32a50528 (d0, q0, r0, m0, 'trackhub/gps', ... (273 bytes))
1783063130: Sending PUBLISH to trackhub-laravel-subscriber (d0, q0, r0, m0, 'trackhub/gps', ... (273 bytes))
1783063133: Received PUBLISH from esp32-gps-01-32a50528 (d0, q0, r0, m0, 'trackhub/gps', ... (270 bytes))
1783063133: Sending PUBLISH to trackhub-laravel-subscriber (d0, q0, r0, m0, 'trackhub/gps', ... (270 bytes))
1783063136: Received PUBLISH from esp32-gps-01-32a50528 (d0, q0, r0, m0, 'trackhub/gps', ... (270 bytes))
1783063136: Sending PUBLISH to trackhub-laravel-subscriber (d0, q0, r0, m0, 'trackhub/gps', ... (270 bytes))
1783063139: Received PUBLISH from esp32-gps-01-32a50528 (d0, q0, r0, m0, 'trackhub/gps', ... (270 bytes))
1783063139: Sending PUBLISH to trackhub-laravel-subscriber (d0, q0, r0, m0, 'trackhub/gps', ... (270 bytes))
1783063140: Received PINGREQ from esp32-gps-01-32a50528
1783063140: Sending PINGRESP to esp32-gps-01-32a50528
1783063142: Received PUBLISH from esp32-gps-01-32a50528 (d0, q0, r0, m0, 'trackhub/gps', ... (270 bytes))
1783063142: Sending PUBLISH to trackhub-laravel-subscriber (d0, q0, r0, m0, 'trackhub/gps', ... (270 bytes))
1783063145: Received PUBLISH from esp32-gps-01-32a50528 (d0, q0, r0, m0, 'trackhub/gps', ... (270 bytes))
1783063145: Sending PUBLISH to trackhub-laravel-subscriber (d0, q0, r0, m0, 'trackhub/gps', ... (270 bytes))
1783063148: Received PUBLISH from esp32-gps-01-32a50528 (d0, q0, r0, m0, 'trackhub/gps', ... (270 bytes))
1783063148: Sending PUBLISH to trackhub-laravel-subscriber (d0, q0, r0, m0, 'trackhub/gps', ... (270 bytes))
1783063151: Received PUBLISH from esp32-gps-01-32a50528 (d0, q0, r0, m0, 'trackhub/gps', ... (270 bytes))
1783063151: Sending PUBLISH to trackhub-laravel-subscriber (d0, q0, r0, m0, 'trackhub/gps', ... (270 bytes))
1783063154: Received PUBLISH from esp32-gps-01-32a50528 (d0, q0, r0, m0, 'trackhub/gps', ... (277 bytes))
1783063154: Sending PUBLISH to trackhub-laravel-subscriber (d0, q0, r0, m0, 'trackhub/gps', ... (277 bytes))
1783063156: Received PINGREQ from esp32-gps-01-32a50528
1783063156: Sending PINGRESP to esp32-gps-01-32a50528
1783063157: Received PUBLISH from esp32-gps-01-32a50528 (d0, q0, r0, m0, 'trackhub/gps', ... (277 bytes))
1783063157: Sending PUBLISH to trackhub-laravel-subscriber (d0, q0, r0, m0, 'trackhub/gps', ... (277 bytes))
1783063159: Client trackhub-laravel-subscriber has exceeded timeout, disconnecting.
1783063160: Received PUBLISH from esp32-gps-01-32a50528 (d0, q0, r0, m0, 'trackhub/gps', ... (277 bytes))
1783063163: Received PUBLISH from esp32-gps-01-32a50528 (d0, q0, r0, m0, 'trackhub/gps', ... (277 bytes))
1783063164: New connection from 192.168.141.167:59645 on port 1883.
1783063164: New client connected from 192.168.141.167:59645 as trackhub-laravel-subscriber (p2, c1, k30).
1783063164: No will message specified.
1783063164: Sending CONNACK to trackhub-laravel-subscriber (0, 0)
1783063164: Received SUBSCRIBE from trackhub-laravel-subscriber
1783063164: 	trackhub/gps (QoS 0)
1783063164: trackhub-laravel-subscriber 0 trackhub/gps
1783063164: Sending SUBACK to trackhub-laravel-subscriber
1783063167: Received PUBLISH from esp32-gps-01-32a50528 (d0, q0, r0, m0, 'trackhub/gps', ... (278 bytes))
1783063167: Sending PUBLISH to trackhub-laravel-subscriber (d0, q0, r0, m0, 'trackhub/gps', ... (278 bytes))
1783063169: Received PUBLISH from esp32-gps-01-32a50528 (d0, q0, r0, m0, 'trackhub/gps', ... (278 bytes))
1783063169: Sending PUBLISH to trackhub-laravel-subscriber (d0, q0, r0, m0, 'trackhub/gps', ... (278 bytes))
1783063171: Received PINGREQ from esp32-gps-01-32a50528
1783063171: Sending PINGRESP to esp32-gps-01-32a50528
1783063172: Received PUBLISH from esp32-gps-01-32a50528 (d0, q0, r0, m0, 'trackhub/gps', ... (278 bytes))
1783063172: Sending PUBLISH to trackhub-laravel-subscriber (d0, q0, r0, m0, 'trackhub/gps', ... (278 bytes))
1783063175: Received PUBLISH from esp32-gps-01-32a50528 (d0, q0, r0, m0, 'trackhub/gps', ... (253 bytes))
1783063175: Sending PUBLISH to trackhub-laravel-subscriber (d0, q0, r0, m0, 'trackhub/gps', ... (253 bytes))
1783063178: Received PUBLISH from esp32-gps-01-32a50528 (d0, q0, r0, m0, 'trackhub/gps', ... (253 bytes))
1783063178: Sending PUBLISH to trackhub-laravel-subscriber (d0, q0, r0, m0, 'trackhub/gps', ... (253 bytes))
1783063181: Received PUBLISH from esp32-gps-01-32a50528 (d0, q0, r0, m0, 'trackhub/gps', ... (253 bytes))
1783063181: Sending PUBLISH to trackhub-laravel-subscriber (d0, q0, r0, m0, 'trackhub/gps', ... (253 bytes))
1783063184: Received PUBLISH from esp32-gps-01-32a50528 (d0, q0, r0, m0, 'trackhub/gps', ... (253 bytes))
1783063184: Sending PUBLISH to trackhub-laravel-subscriber (d0, q0, r0, m0, 'trackhub/gps', ... (253 bytes))
1783063186: Received PINGREQ from esp32-gps-01-32a50528
1783063186: Sending PINGRESP to esp32-gps-01-32a50528
1783063187: Received PUBLISH from esp32-gps-01-32a50528 (d0, q0, r0, m0, 'trackhub/gps', ... (253 bytes))
1783063187: Sending PUBLISH to trackhub-laravel-subscriber (d0, q0, r0, m0, 'trackhub/gps', ... (253 bytes))
1783063190: Received PUBLISH from esp32-gps-01-32a50528 (d0, q0, r0, m0, 'trackhub/gps', ... (253 bytes))
1783063190: Sending PUBLISH to trackhub-laravel-subscriber (d0, q0, r0, m0, 'trackhub/gps', ... (253 bytes))
1783063193: Received PUBLISH from esp32-gps-01-32a50528 (d0, q0, r0, m0, 'trackhub/gps', ... (277 bytes))
1783063193: Sending PUBLISH to trackhub-laravel-subscriber (d0, q0, r0, m0, 'trackhub/gps', ... (277 bytes))
1783063196: Received PUBLISH from esp32-gps-01-32a50528 (d0, q0, r0, m0, 'trackhub/gps', ... (277 bytes))
1783063196: Sending PUBLISH to trackhub-laravel-subscriber (d0, q0, r0, m0, 'trackhub/gps', ... (277 bytes))
1783063199: Received PUBLISH from esp32-gps-01-32a50528 (d0, q0, r0, m0, 'trackhub/gps', ... (277 bytes))
1783063199: Sending PUBLISH to trackhub-laravel-subscriber (d0, q0, r0, m0, 'trackhub/gps', ... (277 bytes))
1783063201: Received PINGREQ from esp32-gps-01-32a50528
1783063201: Sending PINGRESP to esp32-gps-01-32a50528
1783063202: Received PUBLISH from esp32-gps-01-32a50528 (d0, q0, r0, m0, 'trackhub/gps', ... (277 bytes))
1783063202: Sending PUBLISH to trackhub-laravel-subscriber (d0, q0, r0, m0, 'trackhub/gps', ... (277 bytes))
1783063205: Received PUBLISH from esp32-gps-01-32a50528 (d0, q0, r0, m0, 'trackhub/gps', ... (277 bytes))
1783063205: Sending PUBLISH to trackhub-laravel-subscriber (d0, q0, r0, m0, 'trackhub/gps', ... (277 bytes))
1783063208: Received PUBLISH from esp32-gps-01-32a50528 (d0, q0, r0, m0, 'trackhub/gps', ... (277 bytes))
1783063208: Sending PUBLISH to trackhub-laravel-subscriber (d0, q0, r0, m0, 'trackhub/gps', ... (277 bytes))
1783063210: Client trackhub-laravel-subscriber has exceeded timeout, disconnecting.
1783063211: Received PUBLISH from esp32-gps-01-32a50528 (d0, q0, r0, m0, 'trackhub/gps', ... (277 bytes))
1783063214: Received PUBLISH from esp32-gps-01-32a50528 (d0, q0, r0, m0, 'trackhub/gps', ... (277 bytes))
1783063215: New connection from 192.168.141.167:57416 on port 1883.
1783063215: New client connected from 192.168.141.167:57416 as trackhub-laravel-subscriber (p2, c1, k30).
1783063215: No will message specified.
1783063215: Sending CONNACK to trackhub-laravel-subscriber (0, 0)
1783063215: Received SUBSCRIBE from trackhub-laravel-subscriber
1783063215: 	trackhub/gps (QoS 0)
1783063215: trackhub-laravel-subscriber 0 trackhub/gps
1783063215: Sending SUBACK to trackhub-laravel-subscriber
1783063216: Received PINGREQ from esp32-gps-01-32a50528
1783063216: Sending PINGRESP to esp32-gps-01-32a50528
1783063217: Received PUBLISH from esp32-gps-01-32a50528 (d0, q0, r0, m0, 'trackhub/gps', ... (277 bytes))
1783063217: Sending PUBLISH to trackhub-laravel-subscriber (d0, q0, r0, m0, 'trackhub/gps', ... (277 bytes))
1783063220: Received PUBLISH from esp32-gps-01-32a50528 (d0, q0, r0, m0, 'trackhub/gps', ... (238 bytes))
1783063220: Sending PUBLISH to trackhub-laravel-subscriber (d0, q0, r0, m0, 'trackhub/gps', ... (238 bytes))
1783063223: Received PUBLISH from esp32-gps-01-32a50528 (d0, q0, r0, m0, 'trackhub/gps', ... (238 bytes))
1783063223: Sending PUBLISH to trackhub-laravel-subscriber (d0, q0, r0, m0, 'trackhub/gps', ... (238 bytes))
1783063226: Received PUBLISH from esp32-gps-01-32a50528 (d0, q0, r0, m0, 'trackhub/gps', ... (279 bytes))
1783063226: Sending PUBLISH to trackhub-laravel-subscriber (d0, q0, r0, m0, 'trackhub/gps', ... (279 bytes))
1783063229: Received PUBLISH from esp32-gps-01-32a50528 (d0, q0, r0, m0, 'trackhub/gps', ... (279 bytes))
1783063229: Sending PUBLISH to trackhub-laravel-subscriber (d0, q0, r0, m0, 'trackhub/gps', ... (279 bytes))
1783063231: Received PINGREQ from esp32-gps-01-32a50528
1783063231: Sending PINGRESP to esp32-gps-01-32a50528
1783063232: Received PUBLISH from esp32-gps-01-32a50528 (d0, q0, r0, m0, 'trackhub/gps', ... (238 bytes))
1783063232: Sending PUBLISH to trackhub-laravel-subscriber (d0, q0, r0, m0, 'trackhub/gps', ... (238 bytes))
1783063235: Received PUBLISH from esp32-gps-01-32a50528 (d0, q0, r0, m0, 'trackhub/gps', ... (279 bytes))
1783063235: Sending PUBLISH to trackhub-laravel-subscriber (d0, q0, r0, m0, 'trackhub/gps', ... (279 bytes))
1783063238: Received PUBLISH from esp32-gps-01-32a50528 (d0, q0, r0, m0, 'trackhub/gps', ... (279 bytes))
1783063238: Sending PUBLISH to trackhub-laravel-subscriber (d0, q0, r0, m0, 'trackhub/gps', ... (279 bytes))
1783063241: Received PUBLISH from esp32-gps-01-32a50528 (d0, q0, r0, m0, 'trackhub/gps', ... (279 bytes))
1783063241: Sending PUBLISH to trackhub-laravel-subscriber (d0, q0, r0, m0, 'trackhub/gps', ... (279 bytes))
1783063244: Received PUBLISH from esp32-gps-01-32a50528 (d0, q0, r0, m0, 'trackhub/gps', ... (242 bytes))
1783063244: Sending PUBLISH to trackhub-laravel-subscriber (d0, q0, r0, m0, 'trackhub/gps', ... (242 bytes))
1783063246: Received PINGREQ from esp32-gps-01-32a50528
1783063246: Sending PINGRESP to esp32-gps-01-32a50528
1783063247: Received PUBLISH from esp32-gps-01-32a50528 (d0, q0, r0, m0, 'trackhub/gps', ... (242 bytes))
1783063247: Sending PUBLISH to trackhub-laravel-subscriber (d0, q0, r0, m0, 'trackhub/gps', ... (242 bytes))
1783063250: Received PUBLISH from esp32-gps-01-32a50528 (d0, q0, r0, m0, 'trackhub/gps', ... (244 bytes))
1783063250: Sending PUBLISH to trackhub-laravel-subscriber (d0, q0, r0, m0, 'trackhub/gps', ... (244 bytes))
1783063253: Received PUBLISH from esp32-gps-01-32a50528 (d0, q0, r0, m0, 'trackhub/gps', ... (238 bytes))
1783063253: Sending PUBLISH to trackhub-laravel-subscriber (d0, q0, r0, m0, 'trackhub/gps', ... (238 bytes))
1783063257: Received PUBLISH from esp32-gps-01-32a50528 (d0, q0, r0, m0, 'trackhub/gps', ... (242 bytes))
1783063257: Sending PUBLISH to trackhub-laravel-subscriber (d0, q0, r0, m0, 'trackhub/gps', ... (242 bytes))
1783063259: Received PUBLISH from esp32-gps-01-32a50528 (d0, q0, r0, m0, 'trackhub/gps', ... (244 bytes))
1783063259: Sending PUBLISH to trackhub-laravel-subscriber (d0, q0, r0, m0, 'trackhub/gps', ... (244 bytes))
1783063261: Client trackhub-laravel-subscriber has exceeded timeout, disconnecting.
1783063261: Received PINGREQ from esp32-gps-01-32a50528
1783063261: Sending PINGRESP to esp32-gps-01-32a50528
1783063262: Received PUBLISH from esp32-gps-01-32a50528 (d0, q0, r0, m0, 'trackhub/gps', ... (236 bytes))
1783063266: Received PUBLISH from esp32-gps-01-32a50528 (d0, q0, r0, m0, 'trackhub/gps', ... (236 bytes))
1783063266: New connection from 192.168.141.167:59239 on port 1883.
1783063266: New client connected from 192.168.141.167:59239 as trackhub-laravel-subscriber (p2, c1, k30).
1783063266: No will message specified.
1783063266: Sending CONNACK to trackhub-laravel-subscriber (0, 0)
1783063266: Received SUBSCRIBE from trackhub-laravel-subscriber
1783063266: 	trackhub/gps (QoS 0)
1783063266: trackhub-laravel-subscriber 0 trackhub/gps
1783063266: Sending SUBACK to trackhub-laravel-subscriber
1783063269: Received PUBLISH from esp32-gps-01-32a50528 (d0, q0, r0, m0, 'trackhub/gps', ... (236 bytes))
1783063269: Sending PUBLISH to trackhub-laravel-subscriber (d0, q0, r0, m0, 'trackhub/gps', ... (236 bytes))
1783063272: Received PUBLISH from esp32-gps-01-32a50528 (d0, q0, r0, m0, 'trackhub/gps', ... (236 bytes))
1783063272: Sending PUBLISH to trackhub-laravel-subscriber (d0, q0, r0, m0, 'trackhub/gps', ... (236 bytes))
1783063275: Received PUBLISH from esp32-gps-01-32a50528 (d0, q0, r0, m0, 'trackhub/gps', ... (280 bytes))
1783063275: Sending PUBLISH to trackhub-laravel-subscriber (d0, q0, r0, m0, 'trackhub/gps', ... (280 bytes))
1783063276: Received PINGREQ from esp32-gps-01-32a50528
1783063276: Sending PINGRESP to esp32-gps-01-32a50528
1783063278: Received PUBLISH from esp32-gps-01-32a50528 (d0, q0, r0, m0, 'trackhub/gps', ... (258 bytes))
1783063278: Sending PUBLISH to trackhub-laravel-subscriber (d0, q0, r0, m0, 'trackhub/gps', ... (258 bytes))
1783063281: Received PUBLISH from esp32-gps-01-32a50528 (d0, q0, r0, m0, 'trackhub/gps', ... (258 bytes))
1783063281: Sending PUBLISH to trackhub-laravel-subscriber (d0, q0, r0, m0, 'trackhub/gps', ... (258 bytes))
1783063284: Received PUBLISH from esp32-gps-01-32a50528 (d0, q0, r0, m0, 'trackhub/gps', ... (258 bytes))
1783063284: Sending PUBLISH to trackhub-laravel-subscriber (d0, q0, r0, m0, 'trackhub/gps', ... (258 bytes))
1783063287: Received PUBLISH from esp32-gps-01-32a50528 (d0, q0, r0, m0, 'trackhub/gps', ... (266 bytes))
1783063287: Sending PUBLISH to trackhub-laravel-subscriber (d0, q0, r0, m0, 'trackhub/gps', ... (266 bytes))
1783063290: Received PUBLISH from esp32-gps-01-32a50528 (d0, q0, r0, m0, 'trackhub/gps', ... (268 bytes))
1783063290: Sending PUBLISH to trackhub-laravel-subscriber (d0, q0, r0, m0, 'trackhub/gps', ... (268 bytes))
1783063291: Received PINGREQ from esp32-gps-01-32a50528
1783063291: Sending PINGRESP to esp32-gps-01-32a50528
1783063293: Received PUBLISH from esp32-gps-01-32a50528 (d0, q0, r0, m0, 'trackhub/gps', ... (268 bytes))
1783063293: Sending PUBLISH to trackhub-laravel-subscriber (d0, q0, r0, m0, 'trackhub/gps', ... (268 bytes))
1783063296: Received PUBLISH from esp32-gps-01-32a50528 (d0, q0, r0, m0, 'trackhub/gps', ... (268 bytes))
1783063296: Sending PUBLISH to trackhub-laravel-subscriber (d0, q0, r0, m0, 'trackhub/gps', ... (268 bytes))
1783063299: Received PUBLISH from esp32-gps-01-32a50528 (d0, q0, r0, m0, 'trackhub/gps', ... (268 bytes))
1783063299: Sending PUBLISH to trackhub-laravel-subscriber (d0, q0, r0, m0, 'trackhub/gps', ... (268 bytes))
1783063302: Received PUBLISH from esp32-gps-01-32a50528 (d0, q0, r0, m0, 'trackhub/gps', ... (268 bytes))
1783063302: Sending PUBLISH to trackhub-laravel-subscriber (d0, q0, r0, m0, 'trackhub/gps', ... (268 bytes))
1783063305: Received PUBLISH from esp32-gps-01-32a50528 (d0, q0, r0, m0, 'trackhub/gps', ... (268 bytes))
1783063305: Sending PUBLISH to trackhub-laravel-subscriber (d0, q0, r0, m0, 'trackhub/gps', ... (268 bytes))
1783063306: Received PINGREQ from esp32-gps-01-32a50528
1783063306: Sending PINGRESP to esp32-gps-01-32a50528
1783063308: Received PUBLISH from esp32-gps-01-32a50528 (d0, q0, r0, m0, 'trackhub/gps', ... (268 bytes))
1783063308: Sending PUBLISH to trackhub-laravel-subscriber (d0, q0, r0, m0, 'trackhub/gps', ... (268 bytes))
1783063311: Received PUBLISH from esp32-gps-01-32a50528 (d0, q0, r0, m0, 'trackhub/gps', ... (268 bytes))
1783063311: Sending PUBLISH to trackhub-laravel-subscriber (d0, q0, r0, m0, 'trackhub/gps', ... (268 bytes))
1783063312: Client trackhub-laravel-subscriber has exceeded timeout, disconnecting.
1783063314: Received PUBLISH from esp32-gps-01-32a50528 (d0, q0, r0, m0, 'trackhub/gps', ... (268 bytes))
1783063317: Received PUBLISH from esp32-gps-01-32a50528 (d0, q0, r0, m0, 'trackhub/gps', ... (268 bytes))
1783063317: New connection from 192.168.141.167:59099 on port 1883.
1783063317: New client connected from 192.168.141.167:59099 as trackhub-laravel-subscriber (p2, c1, k30).
1783063317: No will message specified.
1783063317: Sending CONNACK to trackhub-laravel-subscriber (0, 0)
1783063317: Received SUBSCRIBE from trackhub-laravel-subscriber
1783063317: 	trackhub/gps (QoS 0)
1783063317: trackhub-laravel-subscriber 0 trackhub/gps
1783063317: Sending SUBACK to trackhub-laravel-subscriber
1783063320: Received PUBLISH from esp32-gps-01-32a50528 (d0, q0, r0, m0, 'trackhub/gps', ... (270 bytes))
1783063320: Sending PUBLISH to trackhub-laravel-subscriber (d0, q0, r0, m0, 'trackhub/gps', ... (270 bytes))
1783063321: Received PINGREQ from esp32-gps-01-32a50528
1783063321: Sending PINGRESP to esp32-gps-01-32a50528
1783063323: Received PUBLISH from esp32-gps-01-32a50528 (d0, q0, r0, m0, 'trackhub/gps', ... (270 bytes))
1783063323: Sending PUBLISH to trackhub-laravel-subscriber (d0, q0, r0, m0, 'trackhub/gps', ... (270 bytes))
1783063326: Received PUBLISH from esp32-gps-01-32a50528 (d0, q0, r0, m0, 'trackhub/gps', ... (277 bytes))
1783063326: Sending PUBLISH to trackhub-laravel-subscriber (d0, q0, r0, m0, 'trackhub/gps', ... (277 bytes))
1783063329: Saving in-memory database to D:\gpstracker\MQTT\mosquitto\data\\mosquitto.db.
1783063329: Received PUBLISH from esp32-gps-01-32a50528 (d0, q0, r0, m0, 'trackhub/gps', ... (277 bytes))
1783063329: Sending PUBLISH to trackhub-laravel-subscriber (d0, q0, r0, m0, 'trackhub/gps', ... (277 bytes))
1783063332: Received PUBLISH from esp32-gps-01-32a50528 (d0, q0, r0, m0, 'trackhub/gps', ... (277 bytes))
1783063332: Sending PUBLISH to trackhub-laravel-subscriber (d0, q0, r0, m0, 'trackhub/gps', ... (277 bytes))
1783063335: Received PUBLISH from esp32-gps-01-32a50528 (d0, q0, r0, m0, 'trackhub/gps', ... (277 bytes))
1783063335: Sending PUBLISH to trackhub-laravel-subscriber (d0, q0, r0, m0, 'trackhub/gps', ... (277 bytes))
1783063336: Received PINGREQ from esp32-gps-01-32a50528
1783063336: Sending PINGRESP to esp32-gps-01-32a50528
1783063338: Received PUBLISH from esp32-gps-01-32a50528 (d0, q0, r0, m0, 'trackhub/gps', ... (277 bytes))
1783063338: Sending PUBLISH to trackhub-laravel-subscriber (d0, q0, r0, m0, 'trackhub/gps', ... (277 bytes))
1783063341: Received PUBLISH from esp32-gps-01-32a50528 (d0, q0, r0, m0, 'trackhub/gps', ... (278 bytes))
1783063341: Sending PUBLISH to trackhub-laravel-subscriber (d0, q0, r0, m0, 'trackhub/gps', ... (278 bytes))
1783063344: Received PUBLISH from esp32-gps-01-32a50528 (d0, q0, r0, m0, 'trackhub/gps', ... (278 bytes))
1783063344: Sending PUBLISH to trackhub-laravel-subscriber (d0, q0, r0, m0, 'trackhub/gps', ... (278 bytes))
1783063347: Received PUBLISH from esp32-gps-01-32a50528 (d0, q0, r0, m0, 'trackhub/gps', ... (278 bytes))
1783063347: Sending PUBLISH to trackhub-laravel-subscriber (d0, q0, r0, m0, 'trackhub/gps', ... (278 bytes))
1783063350: Received PUBLISH from esp32-gps-01-32a50528 (d0, q0, r0, m0, 'trackhub/gps', ... (251 bytes))
1783063350: Sending PUBLISH to trackhub-laravel-subscriber (d0, q0, r0, m0, 'trackhub/gps', ... (251 bytes))
1783063352: Received PINGREQ from esp32-gps-01-32a50528
1783063352: Sending PINGRESP to esp32-gps-01-32a50528
1783063353: Received PUBLISH from esp32-gps-01-32a50528 (d0, q0, r0, m0, 'trackhub/gps', ... (251 bytes))
1783063353: Sending PUBLISH to trackhub-laravel-subscriber (d0, q0, r0, m0, 'trackhub/gps', ... (251 bytes))
1783063356: Received PUBLISH from esp32-gps-01-32a50528 (d0, q0, r0, m0, 'trackhub/gps', ... (251 bytes))
1783063356: Sending PUBLISH to trackhub-laravel-subscriber (d0, q0, r0, m0, 'trackhub/gps', ... (251 bytes))
1783063359: Received PUBLISH from esp32-gps-01-32a50528 (d0, q0, r0, m0, 'trackhub/gps', ... (251 bytes))
1783063359: Sending PUBLISH to trackhub-laravel-subscriber (d0, q0, r0, m0, 'trackhub/gps', ... (251 bytes))
1783063362: Received PUBLISH from esp32-gps-01-32a50528 (d0, q0, r0, m0, 'trackhub/gps', ... (253 bytes))
1783063362: Sending PUBLISH to trackhub-laravel-subscriber (d0, q0, r0, m0, 'trackhub/gps', ... (253 bytes))
1783063363: Client trackhub-laravel-subscriber has exceeded timeout, disconnecting.
1783063365: Received PUBLISH from esp32-gps-01-32a50528 (d0, q0, r0, m0, 'trackhub/gps', ... (278 bytes))
1783063367: Received PINGREQ from esp32-gps-01-32a50528
1783063367: Sending PINGRESP to esp32-gps-01-32a50528
1783063368: New connection from 192.168.141.167:61478 on port 1883.
1783063368: New client connected from 192.168.141.167:61478 as trackhub-laravel-subscriber (p2, c1, k30).
1783063368: No will message specified.
1783063368: Sending CONNACK to trackhub-laravel-subscriber (0, 0)
1783063368: Received SUBSCRIBE from trackhub-laravel-subscriber
1783063368: 	trackhub/gps (QoS 0)
1783063368: trackhub-laravel-subscriber 0 trackhub/gps
1783063368: Sending SUBACK to trackhub-laravel-subscriber
1783063368: Received PUBLISH from esp32-gps-01-32a50528 (d0, q0, r0, m0, 'trackhub/gps', ... (251 bytes))
1783063368: Sending PUBLISH to trackhub-laravel-subscriber (d0, q0, r0, m0, 'trackhub/gps', ... (251 bytes))
1783063371: Received PUBLISH from esp32-gps-01-32a50528 (d0, q0, r0, m0, 'trackhub/gps', ... (277 bytes))
1783063371: Sending PUBLISH to trackhub-laravel-subscriber (d0, q0, r0, m0, 'trackhub/gps', ... (277 bytes))
1783063374: Received PUBLISH from esp32-gps-01-32a50528 (d0, q0, r0, m0, 'trackhub/gps', ... (277 bytes))
1783063374: Sending PUBLISH to trackhub-laravel-subscriber (d0, q0, r0, m0, 'trackhub/gps', ... (277 bytes))
1783063377: Received PUBLISH from esp32-gps-01-32a50528 (d0, q0, r0, m0, 'trackhub/gps', ... (277 bytes))
1783063377: Sending PUBLISH to trackhub-laravel-subscriber (d0, q0, r0, m0, 'trackhub/gps', ... (277 bytes))
1783063380: Received PUBLISH from esp32-gps-01-32a50528 (d0, q0, r0, m0, 'trackhub/gps', ... (277 bytes))
1783063380: Sending PUBLISH to trackhub-laravel-subscriber (d0, q0, r0, m0, 'trackhub/gps', ... (277 bytes))
1783063382: Received PINGREQ from esp32-gps-01-32a50528
1783063382: Sending PINGRESP to esp32-gps-01-32a50528
1783063383: Received PUBLISH from esp32-gps-01-32a50528 (d0, q0, r0, m0, 'trackhub/gps', ... (275 bytes))
1783063383: Sending PUBLISH to trackhub-laravel-subscriber (d0, q0, r0, m0, 'trackhub/gps', ... (275 bytes))
1783063386: Received PUBLISH from esp32-gps-01-32a50528 (d0, q0, r0, m0, 'trackhub/gps', ... (277 bytes))
1783063386: Sending PUBLISH to trackhub-laravel-subscriber (d0, q0, r0, m0, 'trackhub/gps', ... (277 bytes))
1783063389: Received PUBLISH from esp32-gps-01-32a50528 (d0, q0, r0, m0, 'trackhub/gps', ... (275 bytes))
1783063389: Sending PUBLISH to trackhub-laravel-subscriber (d0, q0, r0, m0, 'trackhub/gps', ... (275 bytes))
1783063392: Received PUBLISH from esp32-gps-01-32a50528 (d0, q0, r0, m0, 'trackhub/gps', ... (244 bytes))
1783063392: Sending PUBLISH to trackhub-laravel-subscriber (d0, q0, r0, m0, 'trackhub/gps', ... (244 bytes))
1783063395: Received PUBLISH from esp32-gps-01-32a50528 (d0, q0, r0, m0, 'trackhub/gps', ... (249 bytes))
1783063395: Sending PUBLISH to trackhub-laravel-subscriber (d0, q0, r0, m0, 'trackhub/gps', ... (249 bytes))
1783063397: Received PINGREQ from esp32-gps-01-32a50528
1783063397: Sending PINGRESP to esp32-gps-01-32a50528
1783063398: Received PUBLISH from esp32-gps-01-32a50528 (d0, q0, r0, m0, 'trackhub/gps', ... (249 bytes))
1783063398: Sending PUBLISH to trackhub-laravel-subscriber (d0, q0, r0, m0, 'trackhub/gps', ... (249 bytes))
1783063401: Received PUBLISH from esp32-gps-01-32a50528 (d0, q0, r0, m0, 'trackhub/gps', ... (251 bytes))
1783063401: Sending PUBLISH to trackhub-laravel-subscriber (d0, q0, r0, m0, 'trackhub/gps', ... (251 bytes))
1783063404: Received PUBLISH from esp32-gps-01-32a50528 (d0, q0, r0, m0, 'trackhub/gps', ... (251 bytes))
1783063404: Sending PUBLISH to trackhub-laravel-subscriber (d0, q0, r0, m0, 'trackhub/gps', ... (251 bytes))
1783063407: Received PUBLISH from esp32-gps-01-32a50528 (d0, q0, r0, m0, 'trackhub/gps', ... (251 bytes))
1783063407: Sending PUBLISH to trackhub-laravel-subscriber (d0, q0, r0, m0, 'trackhub/gps', ... (251 bytes))
1783063410: Received PUBLISH from esp32-gps-01-32a50528 (d0, q0, r0, m0, 'trackhub/gps', ... (279 bytes))
1783063410: Sending PUBLISH to trackhub-laravel-subscriber (d0, q0, r0, m0, 'trackhub/gps', ... (279 bytes))
1783063412: Received PINGREQ from esp32-gps-01-32a50528
1783063412: Sending PINGRESP to esp32-gps-01-32a50528
1783063413: Received PUBLISH from esp32-gps-01-32a50528 (d0, q0, r0, m0, 'trackhub/gps', ... (251 bytes))
1783063413: Sending PUBLISH to trackhub-laravel-subscriber (d0, q0, r0, m0, 'trackhub/gps', ... (251 bytes))
1783063414: Client trackhub-laravel-subscriber has exceeded timeout, disconnecting.
1783063416: Received PUBLISH from esp32-gps-01-32a50528 (d0, q0, r0, m0, 'trackhub/gps', ... (251 bytes))
1783063419: New connection from 192.168.141.167:50783 on port 1883.
1783063419: New client connected from 192.168.141.167:50783 as trackhub-laravel-subscriber (p2, c1, k30).
1783063419: No will message specified.
1783063419: Sending CONNACK to trackhub-laravel-subscriber (0, 0)
1783063419: Received SUBSCRIBE from trackhub-laravel-subscriber
1783063419: 	trackhub/gps (QoS 0)
1783063419: trackhub-laravel-subscriber 0 trackhub/gps
1783063419: Sending SUBACK to trackhub-laravel-subscriber
1783063419: Received PUBLISH from esp32-gps-01-32a50528 (d0, q0, r0, m0, 'trackhub/gps', ... (279 bytes))
1783063419: Sending PUBLISH to trackhub-laravel-subscriber (d0, q0, r0, m0, 'trackhub/gps', ... (279 bytes))
1783063422: Received PUBLISH from esp32-gps-01-32a50528 (d0, q0, r0, m0, 'trackhub/gps', ... (242 bytes))
1783063422: Sending PUBLISH to trackhub-laravel-subscriber (d0, q0, r0, m0, 'trackhub/gps', ... (242 bytes))
1783063425: Received PUBLISH from esp32-gps-01-32a50528 (d0, q0, r0, m0, 'trackhub/gps', ... (242 bytes))
1783063425: Sending PUBLISH to trackhub-laravel-subscriber (d0, q0, r0, m0, 'trackhub/gps', ... (242 bytes))
1783063427: Received PINGREQ from esp32-gps-01-32a50528
1783063427: Sending PINGRESP to esp32-gps-01-32a50528
1783063428: Received PUBLISH from esp32-gps-01-32a50528 (d0, q0, r0, m0, 'trackhub/gps', ... (244 bytes))
1783063428: Sending PUBLISH to trackhub-laravel-subscriber (d0, q0, r0, m0, 'trackhub/gps', ... (244 bytes))
1783063432: Received PUBLISH from esp32-gps-01-32a50528 (d0, q0, r0, m0, 'trackhub/gps', ... (279 bytes))
1783063432: Sending PUBLISH to trackhub-laravel-subscriber (d0, q0, r0, m0, 'trackhub/gps', ... (279 bytes))
1783063434: Received PUBLISH from esp32-gps-01-32a50528 (d0, q0, r0, m0, 'trackhub/gps', ... (242 bytes))
1783063434: Sending PUBLISH to trackhub-laravel-subscriber (d0, q0, r0, m0, 'trackhub/gps', ... (242 bytes))
1783063438: Received PUBLISH from esp32-gps-01-32a50528 (d0, q0, r0, m0, 'trackhub/gps', ... (242 bytes))
1783063438: Sending PUBLISH to trackhub-laravel-subscriber (d0, q0, r0, m0, 'trackhub/gps', ... (242 bytes))
1783063441: Received PUBLISH from esp32-gps-01-32a50528 (d0, q0, r0, m0, 'trackhub/gps', ... (244 bytes))
1783063441: Sending PUBLISH to trackhub-laravel-subscriber (d0, q0, r0, m0, 'trackhub/gps', ... (244 bytes))
1783063442: Received PINGREQ from esp32-gps-01-32a50528
1783063442: Sending PINGRESP to esp32-gps-01-32a50528
1783063444: Received PUBLISH from esp32-gps-01-32a50528 (d0, q0, r0, m0, 'trackhub/gps', ... (244 bytes))
1783063444: Sending PUBLISH to trackhub-laravel-subscriber (d0, q0, r0, m0, 'trackhub/gps', ... (244 bytes))
1783063447: Received PUBLISH from esp32-gps-01-32a50528 (d0, q0, r0, m0, 'trackhub/gps', ... (236 bytes))
1783063447: Sending PUBLISH to trackhub-laravel-subscriber (d0, q0, r0, m0, 'trackhub/gps', ... (236 bytes))
1783063450: Received PUBLISH from esp32-gps-01-32a50528 (d0, q0, r0, m0, 'trackhub/gps', ... (236 bytes))
1783063450: Sending PUBLISH to trackhub-laravel-subscriber (d0, q0, r0, m0, 'trackhub/gps', ... (236 bytes))
1783063453: Received PUBLISH from esp32-gps-01-32a50528 (d0, q0, r0, m0, 'trackhub/gps', ... (236 bytes))
1783063453: Sending PUBLISH to trackhub-laravel-subscriber (d0, q0, r0, m0, 'trackhub/gps', ... (236 bytes))
1783063456: Received PUBLISH from esp32-gps-01-32a50528 (d0, q0, r0, m0, 'trackhub/gps', ... (236 bytes))
1783063456: Sending PUBLISH to trackhub-laravel-subscriber (d0, q0, r0, m0, 'trackhub/gps', ... (236 bytes))
1783063457: Received PINGREQ from esp32-gps-01-32a50528
1783063457: Sending PINGRESP to esp32-gps-01-32a50528
1783063459: Received PUBLISH from esp32-gps-01-32a50528 (d0, q0, r0, m0, 'trackhub/gps', ... (236 bytes))
1783063459: Sending PUBLISH to trackhub-laravel-subscriber (d0, q0, r0, m0, 'trackhub/gps', ... (236 bytes))
1783063462: Received PUBLISH from esp32-gps-01-32a50528 (d0, q0, r0, m0, 'trackhub/gps', ... (236 bytes))
1783063462: Sending PUBLISH to trackhub-laravel-subscriber (d0, q0, r0, m0, 'trackhub/gps', ... (236 bytes))
1783063465: Received PUBLISH from esp32-gps-01-32a50528 (d0, q0, r0, m0, 'trackhub/gps', ... (236 bytes))
1783063465: Sending PUBLISH to trackhub-laravel-subscriber (d0, q0, r0, m0, 'trackhub/gps', ... (236 bytes))
1783063465: Client trackhub-laravel-subscriber has exceeded timeout, disconnecting.
1783063468: Received PUBLISH from esp32-gps-01-32a50528 (d0, q0, r0, m0, 'trackhub/gps', ... (236 bytes))
1783063470: New connection from 192.168.141.167:63833 on port 1883.
1783063470: New client connected from 192.168.141.167:63833 as trackhub-laravel-subscriber (p2, c1, k30).
1783063470: No will message specified.
1783063470: Sending CONNACK to trackhub-laravel-subscriber (0, 0)
1783063470: Received SUBSCRIBE from trackhub-laravel-subscriber
1783063470: 	trackhub/gps (QoS 0)
1783063470: trackhub-laravel-subscriber 0 trackhub/gps
1783063470: Sending SUBACK to trackhub-laravel-subscriber
1783063471: Received PUBLISH from esp32-gps-01-32a50528 (d0, q0, r0, m0, 'trackhub/gps', ... (236 bytes))
1783063471: Sending PUBLISH to trackhub-laravel-subscriber (d0, q0, r0, m0, 'trackhub/gps', ... (236 bytes))
1783063472: Received PINGREQ from esp32-gps-01-32a50528
1783063472: Sending PINGRESP to esp32-gps-01-32a50528
1783063474: Received PUBLISH from esp32-gps-01-32a50528 (d0, q0, r0, m0, 'trackhub/gps', ... (236 bytes))
1783063474: Sending PUBLISH to trackhub-laravel-subscriber (d0, q0, r0, m0, 'trackhub/gps', ... (236 bytes))
1783063477: Received PUBLISH from esp32-gps-01-32a50528 (d0, q0, r0, m0, 'trackhub/gps', ... (244 bytes))
1783063477: Sending PUBLISH to trackhub-laravel-subscriber (d0, q0, r0, m0, 'trackhub/gps', ... (244 bytes))
1783063480: Received PUBLISH from esp32-gps-01-32a50528 (d0, q0, r0, m0, 'trackhub/gps', ... (244 bytes))
1783063480: Sending PUBLISH to trackhub-laravel-subscriber (d0, q0, r0, m0, 'trackhub/gps', ... (244 bytes))
1783063483: Received PUBLISH from esp32-gps-01-32a50528 (d0, q0, r0, m0, 'trackhub/gps', ... (244 bytes))
1783063483: Sending PUBLISH to trackhub-laravel-subscriber (d0, q0, r0, m0, 'trackhub/gps', ... (244 bytes))
1783063486: Received PUBLISH from esp32-gps-01-32a50528 (d0, q0, r0, m0, 'trackhub/gps', ... (244 bytes))
1783063486: Sending PUBLISH to trackhub-laravel-subscriber (d0, q0, r0, m0, 'trackhub/gps', ... (244 bytes))
1783063487: Received PINGREQ from esp32-gps-01-32a50528
1783063487: Sending PINGRESP to esp32-gps-01-32a50528
1783063489: Received PUBLISH from esp32-gps-01-32a50528 (d0, q0, r0, m0, 'trackhub/gps', ... (244 bytes))
1783063489: Sending PUBLISH to trackhub-laravel-subscriber (d0, q0, r0, m0, 'trackhub/gps', ... (244 bytes))
1783063492: Received PUBLISH from esp32-gps-01-32a50528 (d0, q0, r0, m0, 'trackhub/gps', ... (244 bytes))
1783063492: Sending PUBLISH to trackhub-laravel-subscriber (d0, q0, r0, m0, 'trackhub/gps', ... (244 bytes))
1783063495: Received PUBLISH from esp32-gps-01-32a50528 (d0, q0, r0, m0, 'trackhub/gps', ... (242 bytes))
1783063495: Sending PUBLISH to trackhub-laravel-subscriber (d0, q0, r0, m0, 'trackhub/gps', ... (242 bytes))
1783063498: Received PUBLISH from esp32-gps-01-32a50528 (d0, q0, r0, m0, 'trackhub/gps', ... (242 bytes))
1783063498: Sending PUBLISH to trackhub-laravel-subscriber (d0, q0, r0, m0, 'trackhub/gps', ... (242 bytes))
1783063501: Received PUBLISH from esp32-gps-01-32a50528 (d0, q0, r0, m0, 'trackhub/gps', ... (242 bytes))
1783063501: Sending PUBLISH to trackhub-laravel-subscriber (d0, q0, r0, m0, 'trackhub/gps', ... (242 bytes))
1783063502: Received PINGREQ from esp32-gps-01-32a50528
1783063502: Sending PINGRESP to esp32-gps-01-32a50528
1783063504: Received PUBLISH from esp32-gps-01-32a50528 (d0, q0, r0, m0, 'trackhub/gps', ... (242 bytes))
1783063504: Sending PUBLISH to trackhub-laravel-subscriber (d0, q0, r0, m0, 'trackhub/gps', ... (242 bytes))
1783063507: Received PUBLISH from esp32-gps-01-32a50528 (d0, q0, r0, m0, 'trackhub/gps', ... (242 bytes))
1783063507: Sending PUBLISH to trackhub-laravel-subscriber (d0, q0, r0, m0, 'trackhub/gps', ... (242 bytes))
1783063510: Received PUBLISH from esp32-gps-01-32a50528 (d0, q0, r0, m0, 'trackhub/gps', ... (279 bytes))
1783063510: Sending PUBLISH to trackhub-laravel-subscriber (d0, q0, r0, m0, 'trackhub/gps', ... (279 bytes))
1783063513: Received PUBLISH from esp32-gps-01-32a50528 (d0, q0, r0, m0, 'trackhub/gps', ... (279 bytes))
1783063513: Sending PUBLISH to trackhub-laravel-subscriber (d0, q0, r0, m0, 'trackhub/gps', ... (279 bytes))
1783063516: Client trackhub-laravel-subscriber has exceeded timeout, disconnecting.
1783063516: Received PUBLISH from esp32-gps-01-32a50528 (d0, q0, r0, m0, 'trackhub/gps', ... (272 bytes))
1783063518: Received PINGREQ from esp32-gps-01-32a50528
1783063518: Sending PINGRESP to esp32-gps-01-32a50528
1783063519: Received PUBLISH from esp32-gps-01-32a50528 (d0, q0, r0, m0, 'trackhub/gps', ... (272 bytes))
1783063521: New connection from 192.168.141.167:62851 on port 1883.
1783063521: New client connected from 192.168.141.167:62851 as trackhub-laravel-subscriber (p2, c1, k30).
1783063521: No will message specified.
1783063521: Sending CONNACK to trackhub-laravel-subscriber (0, 0)
1783063521: Received SUBSCRIBE from trackhub-laravel-subscriber
1783063521: 	trackhub/gps (QoS 0)
1783063521: trackhub-laravel-subscriber 0 trackhub/gps
1783063521: Sending SUBACK to trackhub-laravel-subscriber
1783063522: Received PUBLISH from esp32-gps-01-32a50528 (d0, q0, r0, m0, 'trackhub/gps', ... (270 bytes))
1783063522: Sending PUBLISH to trackhub-laravel-subscriber (d0, q0, r0, m0, 'trackhub/gps', ... (270 bytes))
1783063525: Received PUBLISH from esp32-gps-01-32a50528 (d0, q0, r0, m0, 'trackhub/gps', ... (270 bytes))
1783063525: Sending PUBLISH to trackhub-laravel-subscriber (d0, q0, r0, m0, 'trackhub/gps', ... (270 bytes))
1783063528: Received PUBLISH from esp32-gps-01-32a50528 (d0, q0, r0, m0, 'trackhub/gps', ... (277 bytes))
1783063528: Sending PUBLISH to trackhub-laravel-subscriber (d0, q0, r0, m0, 'trackhub/gps', ... (277 bytes))
1783063531: Received PUBLISH from esp32-gps-01-32a50528 (d0, q0, r0, m0, 'trackhub/gps', ... (277 bytes))
1783063531: Sending PUBLISH to trackhub-laravel-subscriber (d0, q0, r0, m0, 'trackhub/gps', ... (277 bytes))
1783063533: Received PINGREQ from esp32-gps-01-32a50528
1783063533: Sending PINGRESP to esp32-gps-01-32a50528
1783063534: Received PUBLISH from esp32-gps-01-32a50528 (d0, q0, r0, m0, 'trackhub/gps', ... (277 bytes))
1783063534: Sending PUBLISH to trackhub-laravel-subscriber (d0, q0, r0, m0, 'trackhub/gps', ... (277 bytes))
1783063537: Received PUBLISH from esp32-gps-01-32a50528 (d0, q0, r0, m0, 'trackhub/gps', ... (277 bytes))
1783063537: Sending PUBLISH to trackhub-laravel-subscriber (d0, q0, r0, m0, 'trackhub/gps', ... (277 bytes))
1783063540: Received PUBLISH from esp32-gps-01-32a50528 (d0, q0, r0, m0, 'trackhub/gps', ... (277 bytes))
1783063540: Sending PUBLISH to trackhub-laravel-subscriber (d0, q0, r0, m0, 'trackhub/gps', ... (277 bytes))
1783063543: Received PUBLISH from esp32-gps-01-32a50528 (d0, q0, r0, m0, 'trackhub/gps', ... (277 bytes))
1783063543: Sending PUBLISH to trackhub-laravel-subscriber (d0, q0, r0, m0, 'trackhub/gps', ... (277 bytes))
1783063546: Received PUBLISH from esp32-gps-01-32a50528 (d0, q0, r0, m0, 'trackhub/gps', ... (277 bytes))
1783063546: Sending PUBLISH to trackhub-laravel-subscriber (d0, q0, r0, m0, 'trackhub/gps', ... (277 bytes))
1783063548: Received PINGREQ from esp32-gps-01-32a50528
1783063548: Sending PINGRESP to esp32-gps-01-32a50528
1783063549: Received PUBLISH from esp32-gps-01-32a50528 (d0, q0, r0, m0, 'trackhub/gps', ... (277 bytes))
1783063549: Sending PUBLISH to trackhub-laravel-subscriber (d0, q0, r0, m0, 'trackhub/gps', ... (277 bytes))
1783063552: Received PUBLISH from esp32-gps-01-32a50528 (d0, q0, r0, m0, 'trackhub/gps', ... (277 bytes))
1783063552: Sending PUBLISH to trackhub-laravel-subscriber (d0, q0, r0, m0, 'trackhub/gps', ... (277 bytes))
1783063555: Received PUBLISH from esp32-gps-01-32a50528 (d0, q0, r0, m0, 'trackhub/gps', ... (277 bytes))
1783063555: Sending PUBLISH to trackhub-laravel-subscriber (d0, q0, r0, m0, 'trackhub/gps', ... (277 bytes))
1783063558: Received PUBLISH from esp32-gps-01-32a50528 (d0, q0, r0, m0, 'trackhub/gps', ... (277 bytes))
1783063558: Sending PUBLISH to trackhub-laravel-subscriber (d0, q0, r0, m0, 'trackhub/gps', ... (277 bytes))
1783063561: Received PUBLISH from esp32-gps-01-32a50528 (d0, q0, r0, m0, 'trackhub/gps', ... (238 bytes))
1783063561: Sending PUBLISH to trackhub-laravel-subscriber (d0, q0, r0, m0, 'trackhub/gps', ... (238 bytes))
1783063563: Received PINGREQ from esp32-gps-01-32a50528
1783063563: Sending PINGRESP to esp32-gps-01-32a50528
1783063564: Received PUBLISH from esp32-gps-01-32a50528 (d0, q0, r0, m0, 'trackhub/gps', ... (279 bytes))
1783063564: Sending PUBLISH to trackhub-laravel-subscriber (d0, q0, r0, m0, 'trackhub/gps', ... (279 bytes))
1783063567: Client trackhub-laravel-subscriber has exceeded timeout, disconnecting.
1783063567: Received PUBLISH from esp32-gps-01-32a50528 (d0, q0, r0, m0, 'trackhub/gps', ... (242 bytes))
1783063570: Received PUBLISH from esp32-gps-01-32a50528 (d0, q0, r0, m0, 'trackhub/gps', ... (236 bytes))
1783063572: New connection from 192.168.141.167:49659 on port 1883.
1783063572: New client connected from 192.168.141.167:49659 as trackhub-laravel-subscriber (p2, c1, k30).
1783063572: No will message specified.
1783063572: Sending CONNACK to trackhub-laravel-subscriber (0, 0)
1783063572: Received SUBSCRIBE from trackhub-laravel-subscriber
1783063572: 	trackhub/gps (QoS 0)
1783063572: trackhub-laravel-subscriber 0 trackhub/gps
1783063572: Sending SUBACK to trackhub-laravel-subscriber
1783063573: Received PUBLISH from esp32-gps-01-32a50528 (d0, q0, r0, m0, 'trackhub/gps', ... (236 bytes))
1783063573: Sending PUBLISH to trackhub-laravel-subscriber (d0, q0, r0, m0, 'trackhub/gps', ... (236 bytes))
1783063576: Received PUBLISH from esp32-gps-01-32a50528 (d0, q0, r0, m0, 'trackhub/gps', ... (280 bytes))
1783063576: Sending PUBLISH to trackhub-laravel-subscriber (d0, q0, r0, m0, 'trackhub/gps', ... (280 bytes))
1783063578: Received PINGREQ from esp32-gps-01-32a50528
1783063578: Sending PINGRESP to esp32-gps-01-32a50528
1783063579: Received PUBLISH from esp32-gps-01-32a50528 (d0, q0, r0, m0, 'trackhub/gps', ... (258 bytes))
1783063579: Sending PUBLISH to trackhub-laravel-subscriber (d0, q0, r0, m0, 'trackhub/gps', ... (258 bytes))
1783063582: Received PUBLISH from esp32-gps-01-32a50528 (d0, q0, r0, m0, 'trackhub/gps', ... (273 bytes))
1783063582: Sending PUBLISH to trackhub-laravel-subscriber (d0, q0, r0, m0, 'trackhub/gps', ... (273 bytes))
1783063585: Received PUBLISH from esp32-gps-01-32a50528 (d0, q0, r0, m0, 'trackhub/gps', ... (273 bytes))
1783063585: Sending PUBLISH to trackhub-laravel-subscriber (d0, q0, r0, m0, 'trackhub/gps', ... (273 bytes))
1783063589: Received PUBLISH from esp32-gps-01-32a50528 (d0, q0, r0, m0, 'trackhub/gps', ... (270 bytes))
1783063589: Sending PUBLISH to trackhub-laravel-subscriber (d0, q0, r0, m0, 'trackhub/gps', ... (270 bytes))
1783063591: Received PUBLISH from esp32-gps-01-32a50528 (d0, q0, r0, m0, 'trackhub/gps', ... (272 bytes))
1783063591: Sending PUBLISH to trackhub-laravel-subscriber (d0, q0, r0, m0, 'trackhub/gps', ... (272 bytes))
1783063593: Received PINGREQ from esp32-gps-01-32a50528
1783063593: Sending PINGRESP to esp32-gps-01-32a50528
1783063594: Received PUBLISH from esp32-gps-01-32a50528 (d0, q0, r0, m0, 'trackhub/gps', ... (272 bytes))
1783063594: Sending PUBLISH to trackhub-laravel-subscriber (d0, q0, r0, m0, 'trackhub/gps', ... (272 bytes))
1783063598: Received PUBLISH from esp32-gps-01-32a50528 (d0, q0, r0, m0, 'trackhub/gps', ... (275 bytes))
1783063598: Sending PUBLISH to trackhub-laravel-subscriber (d0, q0, r0, m0, 'trackhub/gps', ... (275 bytes))
1783063600: Received PUBLISH from esp32-gps-01-32a50528 (d0, q0, r0, m0, 'trackhub/gps', ... (275 bytes))
1783063600: Sending PUBLISH to trackhub-laravel-subscriber (d0, q0, r0, m0, 'trackhub/gps', ... (275 bytes))
1783063603: Received PUBLISH from esp32-gps-01-32a50528 (d0, q0, r0, m0, 'trackhub/gps', ... (278 bytes))
1783063603: Sending PUBLISH to trackhub-laravel-subscriber (d0, q0, r0, m0, 'trackhub/gps', ... (278 bytes))
1783063606: Received PUBLISH from esp32-gps-01-32a50528 (d0, q0, r0, m0, 'trackhub/gps', ... (253 bytes))
1783063606: Sending PUBLISH to trackhub-laravel-subscriber (d0, q0, r0, m0, 'trackhub/gps', ... (253 bytes))
1783063608: Received PINGREQ from esp32-gps-01-32a50528
1783063608: Sending PINGRESP to esp32-gps-01-32a50528
1783063609: Received PUBLISH from esp32-gps-01-32a50528 (d0, q0, r0, m0, 'trackhub/gps', ... (253 bytes))
1783063609: Sending PUBLISH to trackhub-laravel-subscriber (d0, q0, r0, m0, 'trackhub/gps', ... (253 bytes))
1783063612: Received PUBLISH from esp32-gps-01-32a50528 (d0, q0, r0, m0, 'trackhub/gps', ... (277 bytes))
1783063612: Sending PUBLISH to trackhub-laravel-subscriber (d0, q0, r0, m0, 'trackhub/gps', ... (277 bytes))
1783063616: Received PUBLISH from esp32-gps-01-32a50528 (d0, q0, r0, m0, 'trackhub/gps', ... (277 bytes))
1783063616: Sending PUBLISH to trackhub-laravel-subscriber (d0, q0, r0, m0, 'trackhub/gps', ... (277 bytes))
1783063618: Client trackhub-laravel-subscriber has exceeded timeout, disconnecting.
1783063619: Received PUBLISH from esp32-gps-01-32a50528 (d0, q0, r0, m0, 'trackhub/gps', ... (277 bytes))
1783063622: Received PUBLISH from esp32-gps-01-32a50528 (d0, q0, r0, m0, 'trackhub/gps', ... (277 bytes))
1783063623: New connection from 192.168.141.167:53405 on port 1883.
1783063623: New client connected from 192.168.141.167:53405 as trackhub-laravel-subscriber (p2, c1, k30).
1783063623: No will message specified.
1783063623: Sending CONNACK to trackhub-laravel-subscriber (0, 0)
1783063623: Received SUBSCRIBE from trackhub-laravel-subscriber
1783063623: 	trackhub/gps (QoS 0)
1783063623: trackhub-laravel-subscriber 0 trackhub/gps
1783063623: Sending SUBACK to trackhub-laravel-subscriber
1783063624: Received PINGREQ from esp32-gps-01-32a50528
1783063624: Sending PINGRESP to esp32-gps-01-32a50528
1783063625: Received PUBLISH from esp32-gps-01-32a50528 (d0, q0, r0, m0, 'trackhub/gps', ... (277 bytes))
1783063625: Sending PUBLISH to trackhub-laravel-subscriber (d0, q0, r0, m0, 'trackhub/gps', ... (277 bytes))
1783063625: Client trackhub-laravel-subscriber closed its connection.
1783063628: Received PUBLISH from esp32-gps-01-32a50528 (d0, q0, r0, m0, 'trackhub/gps', ... (277 bytes))
1783063628: mosquitto version 2.0.22 terminating
1783063628: Saving in-memory database to D:\gpstracker\MQTT\mosquitto\data\\mosquitto.db.
1783134479: mosquitto version 2.0.22 starting
1783134479: Config loaded from D:\gpstracker\MQTT\mosquitto-local.conf.
1783134479: Opening ipv4 listen socket on port 1883.
1783134479: mosquitto version 2.0.22 running
1783134493: New connection from 192.168.141.167:65325 on port 1883.
1783134493: New client connected from 192.168.141.167:65325 as trackhub-laravel-subscriber (p2, c1, k30).
1783134493: No will message specified.
1783134493: Sending CONNACK to trackhub-laravel-subscriber (0, 0)
1783134493: Received SUBSCRIBE from trackhub-laravel-subscriber
1783134493: 	trackhub/gps (QoS 0)
1783134493: trackhub-laravel-subscriber 0 trackhub/gps
1783134493: Sending SUBACK to trackhub-laravel-subscriber
1783134503: Received PINGREQ from trackhub-laravel-subscriber
1783134503: Sending PINGRESP to trackhub-laravel-subscriber
1783134513: Received PINGREQ from trackhub-laravel-subscriber
1783134513: Sending PINGRESP to trackhub-laravel-subscriber
1783134523: Received PINGREQ from trackhub-laravel-subscriber
1783134523: Sending PINGRESP to trackhub-laravel-subscriber
1783134533: Received PINGREQ from trackhub-laravel-subscriber
1783134533: Sending PINGRESP to trackhub-laravel-subscriber
1783134543: Received PINGREQ from trackhub-laravel-subscriber
1783134543: Sending PINGRESP to trackhub-laravel-subscriber
1783134553: Received PINGREQ from trackhub-laravel-subscriber
1783134553: Sending PINGRESP to trackhub-laravel-subscriber
1783134563: Received PINGREQ from trackhub-laravel-subscriber
1783134563: Sending PINGRESP to trackhub-laravel-subscriber
1783134573: Received PINGREQ from trackhub-laravel-subscriber
1783134573: Sending PINGRESP to trackhub-laravel-subscriber
1783134583: Received PINGREQ from trackhub-laravel-subscriber
1783134583: Sending PINGRESP to trackhub-laravel-subscriber
1783134593: Received PINGREQ from trackhub-laravel-subscriber
1783134593: Sending PINGRESP to trackhub-laravel-subscriber
1783134603: Received PINGREQ from trackhub-laravel-subscriber
1783134603: Sending PINGRESP to trackhub-laravel-subscriber
1783134613: Received PINGREQ from trackhub-laravel-subscriber
1783134613: Sending PINGRESP to trackhub-laravel-subscriber
1783134623: Received PINGREQ from trackhub-laravel-subscriber
1783134623: Sending PINGRESP to trackhub-laravel-subscriber
1783134633: Received PINGREQ from trackhub-laravel-subscriber
1783134633: Sending PINGRESP to trackhub-laravel-subscriber
1783134643: Received PINGREQ from trackhub-laravel-subscriber
1783134643: Sending PINGRESP to trackhub-laravel-subscriber
1783134653: Received PINGREQ from trackhub-laravel-subscriber
1783134653: Sending PINGRESP to trackhub-laravel-subscriber
1783134664: Received PINGREQ from trackhub-laravel-subscriber
1783134664: Sending PINGRESP to trackhub-laravel-subscriber
1783134674: Received PINGREQ from trackhub-laravel-subscriber
1783134674: Sending PINGRESP to trackhub-laravel-subscriber
1783134684: Received PINGREQ from trackhub-laravel-subscriber
1783134684: Sending PINGRESP to trackhub-laravel-subscriber
1783134694: Received PINGREQ from trackhub-laravel-subscriber
1783134694: Sending PINGRESP to trackhub-laravel-subscriber
1783134704: Received PINGREQ from trackhub-laravel-subscriber
1783134704: Sending PINGRESP to trackhub-laravel-subscriber
1783134714: Received PINGREQ from trackhub-laravel-subscriber
1783134714: Sending PINGRESP to trackhub-laravel-subscriber
1783134724: Received PINGREQ from trackhub-laravel-subscriber
1783134724: Sending PINGRESP to trackhub-laravel-subscriber
1783134734: Received PINGREQ from trackhub-laravel-subscriber
1783134734: Sending PINGRESP to trackhub-laravel-subscriber
1783134744: Received PINGREQ from trackhub-laravel-subscriber
1783134744: Sending PINGRESP to trackhub-laravel-subscriber
1783134754: Received PINGREQ from trackhub-laravel-subscriber
1783134754: Sending PINGRESP to trackhub-laravel-subscriber
1783134764: Received PINGREQ from trackhub-laravel-subscriber
1783134764: Sending PINGRESP to trackhub-laravel-subscriber
1783134774: Received PINGREQ from trackhub-laravel-subscriber
1783134774: Sending PINGRESP to trackhub-laravel-subscriber
1783134784: Received PINGREQ from trackhub-laravel-subscriber
1783134784: Sending PINGRESP to trackhub-laravel-subscriber
1783134794: Received PINGREQ from trackhub-laravel-subscriber
1783134794: Sending PINGRESP to trackhub-laravel-subscriber
1783134804: Received PINGREQ from trackhub-laravel-subscriber
1783134804: Sending PINGRESP to trackhub-laravel-subscriber
1783134814: Received PINGREQ from trackhub-laravel-subscriber
1783134814: Sending PINGRESP to trackhub-laravel-subscriber
1783134824: Received PINGREQ from trackhub-laravel-subscriber
1783134824: Sending PINGRESP to trackhub-laravel-subscriber
1783134834: Received PINGREQ from trackhub-laravel-subscriber
1783134834: Sending PINGRESP to trackhub-laravel-subscriber
1783134844: Received PINGREQ from trackhub-laravel-subscriber
1783134844: Sending PINGRESP to trackhub-laravel-subscriber
1783134854: Received PINGREQ from trackhub-laravel-subscriber
1783134854: Sending PINGRESP to trackhub-laravel-subscriber
1783134864: Received PINGREQ from trackhub-laravel-subscriber
1783134864: Sending PINGRESP to trackhub-laravel-subscriber
1783134874: Received PINGREQ from trackhub-laravel-subscriber
1783134874: Sending PINGRESP to trackhub-laravel-subscriber
1783134884: Received PINGREQ from trackhub-laravel-subscriber
1783134884: Sending PINGRESP to trackhub-laravel-subscriber
1783134894: Received PINGREQ from trackhub-laravel-subscriber
1783134894: Sending PINGRESP to trackhub-laravel-subscriber
1783134904: Received PINGREQ from trackhub-laravel-subscriber
1783134904: Sending PINGRESP to trackhub-laravel-subscriber
1783134914: Received PINGREQ from trackhub-laravel-subscriber
1783134914: Sending PINGRESP to trackhub-laravel-subscriber
1783134924: Received PINGREQ from trackhub-laravel-subscriber
1783134924: Sending PINGRESP to trackhub-laravel-subscriber
1783134932: New connection from 192.168.141.57:57108 on port 1883.
1783134932: New client connected from 192.168.141.57:57108 as esp32-gps-01-32a50528 (p2, c1, k15).
1783134932: No will message specified.
1783134932: Sending CONNACK to esp32-gps-01-32a50528 (0, 0)
1783134932: Received PUBLISH from esp32-gps-01-32a50528 (d0, q0, r0, m0, 'trackhub/gps', ... (238 bytes))
1783134932: Sending PUBLISH to trackhub-laravel-subscriber (d0, q0, r0, m0, 'trackhub/gps', ... (238 bytes))
1783134935: Received PUBLISH from esp32-gps-01-32a50528 (d0, q0, r0, m0, 'trackhub/gps', ... (256 bytes))
1783134935: Sending PUBLISH to trackhub-laravel-subscriber (d0, q0, r0, m0, 'trackhub/gps', ... (256 bytes))
1783134938: Received PUBLISH from esp32-gps-01-32a50528 (d0, q0, r0, m0, 'trackhub/gps', ... (256 bytes))
1783134938: Sending PUBLISH to trackhub-laravel-subscriber (d0, q0, r0, m0, 'trackhub/gps', ... (256 bytes))
1783134941: Received PUBLISH from esp32-gps-01-32a50528 (d0, q0, r0, m0, 'trackhub/gps', ... (256 bytes))
1783134941: Sending PUBLISH to trackhub-laravel-subscriber (d0, q0, r0, m0, 'trackhub/gps', ... (256 bytes))
1783134962: Received DISCONNECT from trackhub-laravel-subscriber
1783134962: Client trackhub-laravel-subscriber disconnected.
1783134964: Client esp32-gps-01-32a50528 has exceeded timeout, disconnecting.
1783134967: New connection from 192.168.141.167:54880 on port 1883.
1783134967: New client connected from 192.168.141.167:54880 as trackhub-laravel-subscriber (p2, c1, k30).
1783134967: No will message specified.
1783134967: Sending CONNACK to trackhub-laravel-subscriber (0, 0)
1783134967: Received SUBSCRIBE from trackhub-laravel-subscriber
1783134967: 	trackhub/gps (QoS 0)
1783134967: trackhub-laravel-subscriber 0 trackhub/gps
1783134967: Sending SUBACK to trackhub-laravel-subscriber
1783134977: Received PINGREQ from trackhub-laravel-subscriber
1783134977: Sending PINGRESP to trackhub-laravel-subscriber
1783134987: Received PINGREQ from trackhub-laravel-subscriber
1783134987: Sending PINGRESP to trackhub-laravel-subscriber
1783134997: Received PINGREQ from trackhub-laravel-subscriber
1783134997: Sending PINGRESP to trackhub-laravel-subscriber
1783135007: Received PINGREQ from trackhub-laravel-subscriber
1783135007: Sending PINGRESP to trackhub-laravel-subscriber
1783135017: Received PINGREQ from trackhub-laravel-subscriber
1783135017: Sending PINGRESP to trackhub-laravel-subscriber
1783135021: Client trackhub-laravel-subscriber closed its connection.
1783135031: New connection from 192.168.141.167:49987 on port 1883.
1783135031: New client connected from 192.168.141.167:49987 as trackhub-laravel-subscriber (p2, c1, k30).
1783135031: No will message specified.
1783135031: Sending CONNACK to trackhub-laravel-subscriber (0, 0)
1783135031: Received SUBSCRIBE from trackhub-laravel-subscriber
1783135031: 	trackhub/gps (QoS 0)
1783135031: trackhub-laravel-subscriber 0 trackhub/gps
1783135031: Sending SUBACK to trackhub-laravel-subscriber
1783135034: New connection from 192.168.141.57:57132 on port 1883.
1783135034: New client connected from 192.168.141.57:57132 as esp32-gps-01-32a50528 (p2, c1, k15).
1783135034: No will message specified.
1783135034: Sending CONNACK to esp32-gps-01-32a50528 (0, 0)
1783135034: Received PUBLISH from esp32-gps-01-32a50528 (d0, q0, r0, m0, 'trackhub/gps', ... (248 bytes))
1783135034: Sending PUBLISH to trackhub-laravel-subscriber (d0, q0, r0, m0, 'trackhub/gps', ... (248 bytes))
1783135034: Received PUBLISH from esp32-gps-01-32a50528 (d0, q0, r0, m0, 'trackhub/gps', ... (254 bytes))
1783135034: Sending PUBLISH to trackhub-laravel-subscriber (d0, q0, r0, m0, 'trackhub/gps', ... (254 bytes))
1783135034: Received PUBLISH from esp32-gps-01-32a50528 (d0, q0, r0, m0, 'trackhub/gps', ... (267 bytes))
1783135034: Sending PUBLISH to trackhub-laravel-subscriber (d0, q0, r0, m0, 'trackhub/gps', ... (267 bytes))
1783135035: Received PUBLISH from esp32-gps-01-32a50528 (d0, q0, r0, m0, 'trackhub/gps', ... (286 bytes))
1783135035: Sending PUBLISH to trackhub-laravel-subscriber (d0, q0, r0, m0, 'trackhub/gps', ... (286 bytes))
1783135035: Received PUBLISH from esp32-gps-01-32a50528 (d0, q0, r0, m0, 'trackhub/gps', ... (233 bytes))
1783135035: Sending PUBLISH to trackhub-laravel-subscriber (d0, q0, r0, m0, 'trackhub/gps', ... (233 bytes))
1783135035: Received PUBLISH from esp32-gps-01-32a50528 (d0, q0, r0, m0, 'trackhub/gps', ... (255 bytes))
1783135035: Sending PUBLISH to trackhub-laravel-subscriber (d0, q0, r0, m0, 'trackhub/gps', ... (255 bytes))
1783135035: Received PUBLISH from esp32-gps-01-32a50528 (d0, q0, r0, m0, 'trackhub/gps', ... (270 bytes))
1783135035: Sending PUBLISH to trackhub-laravel-subscriber (d0, q0, r0, m0, 'trackhub/gps', ... (270 bytes))
1783135036: Received PUBLISH from esp32-gps-01-32a50528 (d0, q0, r0, m0, 'trackhub/gps', ... (214 bytes))
1783135036: Sending PUBLISH to trackhub-laravel-subscriber (d0, q0, r0, m0, 'trackhub/gps', ... (214 bytes))
1783135036: Received PUBLISH from esp32-gps-01-32a50528 (d0, q0, r0, m0, 'trackhub/gps', ... (272 bytes))
1783135036: Sending PUBLISH to trackhub-laravel-subscriber (d0, q0, r0, m0, 'trackhub/gps', ... (272 bytes))
1783135036: Received PUBLISH from esp32-gps-01-32a50528 (d0, q0, r0, m0, 'trackhub/gps', ... (232 bytes))
1783135036: Sending PUBLISH to trackhub-laravel-subscriber (d0, q0, r0, m0, 'trackhub/gps', ... (232 bytes))
1783135036: Received PUBLISH from esp32-gps-01-32a50528 (d0, q0, r0, m0, 'trackhub/gps', ... (275 bytes))
1783135036: Sending PUBLISH to trackhub-laravel-subscriber (d0, q0, r0, m0, 'trackhub/gps', ... (275 bytes))
1783135037: Received PUBLISH from esp32-gps-01-32a50528 (d0, q0, r0, m0, 'trackhub/gps', ... (270 bytes))
1783135037: Sending PUBLISH to trackhub-laravel-subscriber (d0, q0, r0, m0, 'trackhub/gps', ... (270 bytes))
1783135040: Received PUBLISH from esp32-gps-01-32a50528 (d0, q0, r0, m0, 'trackhub/gps', ... (234 bytes))
1783135040: Sending PUBLISH to trackhub-laravel-subscriber (d0, q0, r0, m0, 'trackhub/gps', ... (234 bytes))
1783135043: Received PUBLISH from esp32-gps-01-32a50528 (d0, q0, r0, m0, 'trackhub/gps', ... (234 bytes))
1783135043: Sending PUBLISH to trackhub-laravel-subscriber (d0, q0, r0, m0, 'trackhub/gps', ... (234 bytes))
1783135046: Received PUBLISH from esp32-gps-01-32a50528 (d0, q0, r0, m0, 'trackhub/gps', ... (234 bytes))
1783135046: Sending PUBLISH to trackhub-laravel-subscriber (d0, q0, r0, m0, 'trackhub/gps', ... (234 bytes))
1783135049: Received PINGREQ from esp32-gps-01-32a50528
1783135049: Sending PINGRESP to esp32-gps-01-32a50528
1783135049: Received PUBLISH from esp32-gps-01-32a50528 (d0, q0, r0, m0, 'trackhub/gps', ... (234 bytes))
1783135049: Sending PUBLISH to trackhub-laravel-subscriber (d0, q0, r0, m0, 'trackhub/gps', ... (234 bytes))
1783135054: Received PUBLISH from esp32-gps-01-32a50528 (d0, q0, r0, m0, 'trackhub/gps', ... (234 bytes))
1783135054: Sending PUBLISH to trackhub-laravel-subscriber (d0, q0, r0, m0, 'trackhub/gps', ... (234 bytes))
1783135055: Received PUBLISH from esp32-gps-01-32a50528 (d0, q0, r0, m0, 'trackhub/gps', ... (234 bytes))
1783135055: Sending PUBLISH to trackhub-laravel-subscriber (d0, q0, r0, m0, 'trackhub/gps', ... (234 bytes))
1783135058: Received PUBLISH from esp32-gps-01-32a50528 (d0, q0, r0, m0, 'trackhub/gps', ... (234 bytes))
1783135058: Sending PUBLISH to trackhub-laravel-subscriber (d0, q0, r0, m0, 'trackhub/gps', ... (234 bytes))
1783135061: Received PUBLISH from esp32-gps-01-32a50528 (d0, q0, r0, m0, 'trackhub/gps', ... (234 bytes))
1783135061: Sending PUBLISH to trackhub-laravel-subscriber (d0, q0, r0, m0, 'trackhub/gps', ... (234 bytes))
1783135063: Received DISCONNECT from trackhub-laravel-subscriber
1783135063: Client trackhub-laravel-subscriber disconnected.
1783135064: Received PINGREQ from esp32-gps-01-32a50528
1783135064: Sending PINGRESP to esp32-gps-01-32a50528
1783135064: Received PUBLISH from esp32-gps-01-32a50528 (d0, q0, r0, m0, 'trackhub/gps', ... (276 bytes))
1783135067: Received PUBLISH from esp32-gps-01-32a50528 (d0, q0, r0, m0, 'trackhub/gps', ... (276 bytes))
1783135068: New connection from 192.168.141.167:57892 on port 1883.
1783135068: New client connected from 192.168.141.167:57892 as trackhub-laravel-subscriber (p2, c1, k30).
1783135068: No will message specified.
1783135068: Sending CONNACK to trackhub-laravel-subscriber (0, 0)
1783135068: Received SUBSCRIBE from trackhub-laravel-subscriber
1783135068: 	trackhub/gps (QoS 0)
1783135068: trackhub-laravel-subscriber 0 trackhub/gps
1783135068: Sending SUBACK to trackhub-laravel-subscriber
1783135070: Received PUBLISH from esp32-gps-01-32a50528 (d0, q0, r0, m0, 'trackhub/gps', ... (276 bytes))
1783135070: Sending PUBLISH to trackhub-laravel-subscriber (d0, q0, r0, m0, 'trackhub/gps', ... (276 bytes))
1783135073: Received PUBLISH from esp32-gps-01-32a50528 (d0, q0, r0, m0, 'trackhub/gps', ... (276 bytes))
1783135073: Sending PUBLISH to trackhub-laravel-subscriber (d0, q0, r0, m0, 'trackhub/gps', ... (276 bytes))
1783135076: Received PUBLISH from esp32-gps-01-32a50528 (d0, q0, r0, m0, 'trackhub/gps', ... (256 bytes))
1783135076: Sending PUBLISH to trackhub-laravel-subscriber (d0, q0, r0, m0, 'trackhub/gps', ... (256 bytes))
1783135079: Received PINGREQ from esp32-gps-01-32a50528
1783135079: Sending PINGRESP to esp32-gps-01-32a50528
1783135079: Received PUBLISH from esp32-gps-01-32a50528 (d0, q0, r0, m0, 'trackhub/gps', ... (276 bytes))
1783135079: Sending PUBLISH to trackhub-laravel-subscriber (d0, q0, r0, m0, 'trackhub/gps', ... (276 bytes))
1783135082: Received PUBLISH from esp32-gps-01-32a50528 (d0, q0, r0, m0, 'trackhub/gps', ... (256 bytes))
1783135082: Sending PUBLISH to trackhub-laravel-subscriber (d0, q0, r0, m0, 'trackhub/gps', ... (256 bytes))
1783135085: Received PUBLISH from esp32-gps-01-32a50528 (d0, q0, r0, m0, 'trackhub/gps', ... (259 bytes))
1783135085: Sending PUBLISH to trackhub-laravel-subscriber (d0, q0, r0, m0, 'trackhub/gps', ... (259 bytes))
1783135089: Received PUBLISH from esp32-gps-01-32a50528 (d0, q0, r0, m0, 'trackhub/gps', ... (259 bytes))
1783135089: Sending PUBLISH to trackhub-laravel-subscriber (d0, q0, r0, m0, 'trackhub/gps', ... (259 bytes))
1783135092: Received PUBLISH from esp32-gps-01-32a50528 (d0, q0, r0, m0, 'trackhub/gps', ... (259 bytes))
1783135092: Sending PUBLISH to trackhub-laravel-subscriber (d0, q0, r0, m0, 'trackhub/gps', ... (259 bytes))
1783135094: Received PINGREQ from esp32-gps-01-32a50528
1783135094: Sending PINGRESP to esp32-gps-01-32a50528
1783135095: Received PUBLISH from esp32-gps-01-32a50528 (d0, q0, r0, m0, 'trackhub/gps', ... (259 bytes))
1783135095: Sending PUBLISH to trackhub-laravel-subscriber (d0, q0, r0, m0, 'trackhub/gps', ... (259 bytes))
1783135098: Received PUBLISH from esp32-gps-01-32a50528 (d0, q0, r0, m0, 'trackhub/gps', ... (266 bytes))
1783135098: Sending PUBLISH to trackhub-laravel-subscriber (d0, q0, r0, m0, 'trackhub/gps', ... (266 bytes))
1783135099: Received DISCONNECT from trackhub-laravel-subscriber
1783135099: Client trackhub-laravel-subscriber disconnected.
1783135101: Received PUBLISH from esp32-gps-01-32a50528 (d0, q0, r0, m0, 'trackhub/gps', ... (266 bytes))
1783135104: Received PUBLISH from esp32-gps-01-32a50528 (d0, q0, r0, m0, 'trackhub/gps', ... (266 bytes))
1783135104: New connection from 192.168.141.167:63450 on port 1883.
1783135104: New client connected from 192.168.141.167:63450 as trackhub-laravel-subscriber (p2, c1, k30).
1783135104: No will message specified.
1783135104: Sending CONNACK to trackhub-laravel-subscriber (0, 0)
1783135104: Received SUBSCRIBE from trackhub-laravel-subscriber
1783135104: 	trackhub/gps (QoS 0)
1783135104: trackhub-laravel-subscriber 0 trackhub/gps
1783135104: Sending SUBACK to trackhub-laravel-subscriber
1783135107: Received PUBLISH from esp32-gps-01-32a50528 (d0, q0, r0, m0, 'trackhub/gps', ... (266 bytes))
1783135107: Sending PUBLISH to trackhub-laravel-subscriber (d0, q0, r0, m0, 'trackhub/gps', ... (266 bytes))
1783135109: Received PINGREQ from esp32-gps-01-32a50528
1783135109: Sending PINGRESP to esp32-gps-01-32a50528
1783135110: Received PUBLISH from esp32-gps-01-32a50528 (d0, q0, r0, m0, 'trackhub/gps', ... (271 bytes))
1783135110: Sending PUBLISH to trackhub-laravel-subscriber (d0, q0, r0, m0, 'trackhub/gps', ... (271 bytes))
1783135112: Client trackhub-laravel-subscriber closed its connection.
1783135113: Received PUBLISH from esp32-gps-01-32a50528 (d0, q0, r0, m0, 'trackhub/gps', ... (271 bytes))
1783135114: New connection from 192.168.141.167:55562 on port 1883.
1783135114: New client connected from 192.168.141.167:55562 as trackhub-laravel-subscriber (p2, c1, k30).
1783135114: No will message specified.
1783135114: Sending CONNACK to trackhub-laravel-subscriber (0, 0)
1783135114: Received SUBSCRIBE from trackhub-laravel-subscriber
1783135114: 	trackhub/gps (QoS 0)
1783135114: trackhub-laravel-subscriber 0 trackhub/gps
1783135114: Sending SUBACK to trackhub-laravel-subscriber
1783135116: Received PUBLISH from esp32-gps-01-32a50528 (d0, q0, r0, m0, 'trackhub/gps', ... (271 bytes))
1783135116: Sending PUBLISH to trackhub-laravel-subscriber (d0, q0, r0, m0, 'trackhub/gps', ... (271 bytes))
1783135119: Received PUBLISH from esp32-gps-01-32a50528 (d0, q0, r0, m0, 'trackhub/gps', ... (271 bytes))
1783135119: Sending PUBLISH to trackhub-laravel-subscriber (d0, q0, r0, m0, 'trackhub/gps', ... (271 bytes))
1783135122: Received PUBLISH from esp32-gps-01-32a50528 (d0, q0, r0, m0, 'trackhub/gps', ... (271 bytes))
1783135122: Sending PUBLISH to trackhub-laravel-subscriber (d0, q0, r0, m0, 'trackhub/gps', ... (271 bytes))
1783135124: Received PINGREQ from esp32-gps-01-32a50528
1783135124: Sending PINGRESP to esp32-gps-01-32a50528
1783135125: Received PUBLISH from esp32-gps-01-32a50528 (d0, q0, r0, m0, 'trackhub/gps', ... (273 bytes))
1783135125: Sending PUBLISH to trackhub-laravel-subscriber (d0, q0, r0, m0, 'trackhub/gps', ... (273 bytes))
1783135128: Received PUBLISH from esp32-gps-01-32a50528 (d0, q0, r0, m0, 'trackhub/gps', ... (273 bytes))
1783135128: Sending PUBLISH to trackhub-laravel-subscriber (d0, q0, r0, m0, 'trackhub/gps', ... (273 bytes))
1783135131: Received PUBLISH from esp32-gps-01-32a50528 (d0, q0, r0, m0, 'trackhub/gps', ... (273 bytes))
1783135131: Sending PUBLISH to trackhub-laravel-subscriber (d0, q0, r0, m0, 'trackhub/gps', ... (273 bytes))
1783135134: Received PUBLISH from esp32-gps-01-32a50528 (d0, q0, r0, m0, 'trackhub/gps', ... (269 bytes))
1783135134: Sending PUBLISH to trackhub-laravel-subscriber (d0, q0, r0, m0, 'trackhub/gps', ... (269 bytes))
1783135145: Client trackhub-laravel-subscriber closed its connection.
1783135156: Client esp32-gps-01-32a50528 has exceeded timeout, disconnecting.
1783135221: New connection from 192.168.141.57:57363 on port 1883.
1783135221: New client connected from 192.168.141.57:57363 as esp32-gps-01-32a50528 (p2, c1, k15).
1783135221: No will message specified.
1783135221: Sending CONNACK to esp32-gps-01-32a50528 (0, 0)
1783135221: Received PUBLISH from esp32-gps-01-32a50528 (d0, q0, r0, m0, 'trackhub/gps', ... (240 bytes))
1783135224: Received PUBLISH from esp32-gps-01-32a50528 (d0, q0, r0, m0, 'trackhub/gps', ... (269 bytes))
1783135227: Received PUBLISH from esp32-gps-01-32a50528 (d0, q0, r0, m0, 'trackhub/gps', ... (271 bytes))
1783135249: Client esp32-gps-01-32a50528 has exceeded timeout, disconnecting.
1783135281: New connection from 192.168.141.57:57373 on port 1883.
1783135281: New client connected from 192.168.141.57:57373 as esp32-gps-01-32a50528 (p2, c1, k15).
1783135281: No will message specified.
1783135281: Sending CONNACK to esp32-gps-01-32a50528 (0, 0)
1783135281: Received PUBLISH from esp32-gps-01-32a50528 (d0, q0, r0, m0, 'trackhub/gps', ... (273 bytes))
1783135282: Received PUBLISH from esp32-gps-01-32a50528 (d0, q0, r0, m0, 'trackhub/gps', ... (274 bytes))
1783135282: Received PUBLISH from esp32-gps-01-32a50528 (d0, q0, r0, m0, 'trackhub/gps', ... (274 bytes))
1783135282: Received PUBLISH from esp32-gps-01-32a50528 (d0, q0, r0, m0, 'trackhub/gps', ... (247 bytes))
1783135282: Received PUBLISH from esp32-gps-01-32a50528 (d0, q0, r0, m0, 'trackhub/gps', ... (310 bytes))
1783135286: Received PUBLISH from esp32-gps-01-32a50528 (d0, q0, r0, m0, 'trackhub/gps', ... (275 bytes))
1783135287: New connection from 192.168.141.167:50304 on port 1883.
1783135287: New client connected from 192.168.141.167:50304 as trackhub-laravel-subscriber (p2, c1, k30).
1783135287: No will message specified.
1783135287: Sending CONNACK to trackhub-laravel-subscriber (0, 0)
1783135287: Received SUBSCRIBE from trackhub-laravel-subscriber
1783135287: 	trackhub/gps (QoS 0)
1783135287: trackhub-laravel-subscriber 0 trackhub/gps
1783135287: Sending SUBACK to trackhub-laravel-subscriber
1783135289: Received PUBLISH from esp32-gps-01-32a50528 (d0, q0, r0, m0, 'trackhub/gps', ... (275 bytes))
1783135289: Sending PUBLISH to trackhub-laravel-subscriber (d0, q0, r0, m0, 'trackhub/gps', ... (275 bytes))
1783135292: Received PUBLISH from esp32-gps-01-32a50528 (d0, q0, r0, m0, 'trackhub/gps', ... (275 bytes))
1783135292: Sending PUBLISH to trackhub-laravel-subscriber (d0, q0, r0, m0, 'trackhub/gps', ... (275 bytes))
1783135295: Received PUBLISH from esp32-gps-01-32a50528 (d0, q0, r0, m0, 'trackhub/gps', ... (275 bytes))
1783135295: Sending PUBLISH to trackhub-laravel-subscriber (d0, q0, r0, m0, 'trackhub/gps', ... (275 bytes))
1783135296: Received PINGREQ from esp32-gps-01-32a50528
1783135296: Sending PINGRESP to esp32-gps-01-32a50528
1783135298: Received PUBLISH from esp32-gps-01-32a50528 (d0, q0, r0, m0, 'trackhub/gps', ... (275 bytes))
1783135298: Sending PUBLISH to trackhub-laravel-subscriber (d0, q0, r0, m0, 'trackhub/gps', ... (275 bytes))
1783135301: Received PUBLISH from esp32-gps-01-32a50528 (d0, q0, r0, m0, 'trackhub/gps', ... (275 bytes))
1783135301: Sending PUBLISH to trackhub-laravel-subscriber (d0, q0, r0, m0, 'trackhub/gps', ... (275 bytes))
1783135304: Received PUBLISH from esp32-gps-01-32a50528 (d0, q0, r0, m0, 'trackhub/gps', ... (262 bytes))
1783135304: Sending PUBLISH to trackhub-laravel-subscriber (d0, q0, r0, m0, 'trackhub/gps', ... (262 bytes))
1783135307: Received PUBLISH from esp32-gps-01-32a50528 (d0, q0, r0, m0, 'trackhub/gps', ... (262 bytes))
1783135307: Sending PUBLISH to trackhub-laravel-subscriber (d0, q0, r0, m0, 'trackhub/gps', ... (262 bytes))
1783135310: Received PUBLISH from esp32-gps-01-32a50528 (d0, q0, r0, m0, 'trackhub/gps', ... (262 bytes))
1783135310: Sending PUBLISH to trackhub-laravel-subscriber (d0, q0, r0, m0, 'trackhub/gps', ... (262 bytes))
1783135311: Received PINGREQ from esp32-gps-01-32a50528
1783135311: Sending PINGRESP to esp32-gps-01-32a50528
1783135318: Received DISCONNECT from trackhub-laravel-subscriber
1783135318: Client trackhub-laravel-subscriber disconnected.
1783135323: New connection from 192.168.141.167:61505 on port 1883.
1783135323: New client connected from 192.168.141.167:61505 as trackhub-laravel-subscriber (p2, c1, k30).
1783135323: No will message specified.
1783135323: Sending CONNACK to trackhub-laravel-subscriber (0, 0)
1783135323: Received SUBSCRIBE from trackhub-laravel-subscriber
1783135323: 	trackhub/gps (QoS 0)
1783135323: trackhub-laravel-subscriber 0 trackhub/gps
1783135323: Sending SUBACK to trackhub-laravel-subscriber
1783135331: Client esp32-gps-01-32a50528 closed its connection.
1783135333: Received PINGREQ from trackhub-laravel-subscriber
1783135333: Sending PINGRESP to trackhub-laravel-subscriber
1783135343: Received PINGREQ from trackhub-laravel-subscriber
1783135343: Sending PINGRESP to trackhub-laravel-subscriber
1783135353: Received PINGREQ from trackhub-laravel-subscriber
1783135353: Sending PINGRESP to trackhub-laravel-subscriber
1783135363: Received PINGREQ from trackhub-laravel-subscriber
1783135363: Sending PINGRESP to trackhub-laravel-subscriber
1783135373: Received PINGREQ from trackhub-laravel-subscriber
1783135373: Sending PINGRESP to trackhub-laravel-subscriber
1783135383: Received PINGREQ from trackhub-laravel-subscriber
1783135383: Sending PINGRESP to trackhub-laravel-subscriber
1783135393: Received PINGREQ from trackhub-laravel-subscriber
1783135393: Sending PINGRESP to trackhub-laravel-subscriber
1783135400: New connection from 192.168.141.57:57392 on port 1883.
1783135400: New client connected from 192.168.141.57:57392 as esp32-gps-01-32a50528 (p2, c1, k15).
1783135400: No will message specified.
1783135400: Sending CONNACK to esp32-gps-01-32a50528 (0, 0)
1783135400: Received PUBLISH from esp32-gps-01-32a50528 (d0, q0, r0, m0, 'trackhub/gps', ... (256 bytes))
1783135400: Sending PUBLISH to trackhub-laravel-subscriber (d0, q0, r0, m0, 'trackhub/gps', ... (256 bytes))
1783135401: Received PUBLISH from esp32-gps-01-32a50528 (d0, q0, r0, m0, 'trackhub/gps', ... (224 bytes))
1783135401: Sending PUBLISH to trackhub-laravel-subscriber (d0, q0, r0, m0, 'trackhub/gps', ... (224 bytes))
1783135401: Received PUBLISH from esp32-gps-01-32a50528 (d0, q0, r0, m0, 'trackhub/gps', ... (272 bytes))
1783135401: Sending PUBLISH to trackhub-laravel-subscriber (d0, q0, r0, m0, 'trackhub/gps', ... (272 bytes))
1783135401: Received PUBLISH from esp32-gps-01-32a50528 (d0, q0, r0, m0, 'trackhub/gps', ... (261 bytes))
1783135401: Sending PUBLISH to trackhub-laravel-subscriber (d0, q0, r0, m0, 'trackhub/gps', ... (261 bytes))
1783135401: Received PUBLISH from esp32-gps-01-32a50528 (d0, q0, r0, m0, 'trackhub/gps', ... (233 bytes))
1783135401: Sending PUBLISH to trackhub-laravel-subscriber (d0, q0, r0, m0, 'trackhub/gps', ... (233 bytes))
1783135402: Received PUBLISH from esp32-gps-01-32a50528 (d0, q0, r0, m0, 'trackhub/gps', ... (255 bytes))
1783135402: Sending PUBLISH to trackhub-laravel-subscriber (d0, q0, r0, m0, 'trackhub/gps', ... (255 bytes))
1783135402: Received PUBLISH from esp32-gps-01-32a50528 (d0, q0, r0, m0, 'trackhub/gps', ... (274 bytes))
1783135402: Sending PUBLISH to trackhub-laravel-subscriber (d0, q0, r0, m0, 'trackhub/gps', ... (274 bytes))
1783135402: Received PUBLISH from esp32-gps-01-32a50528 (d0, q0, r0, m0, 'trackhub/gps', ... (236 bytes))
1783135402: Sending PUBLISH to trackhub-laravel-subscriber (d0, q0, r0, m0, 'trackhub/gps', ... (236 bytes))
1783135402: Received PUBLISH from esp32-gps-01-32a50528 (d0, q0, r0, m0, 'trackhub/gps', ... (276 bytes))
1783135402: Sending PUBLISH to trackhub-laravel-subscriber (d0, q0, r0, m0, 'trackhub/gps', ... (276 bytes))
1783135403: Received PUBLISH from esp32-gps-01-32a50528 (d0, q0, r0, m0, 'trackhub/gps', ... (233 bytes))
1783135403: Sending PUBLISH to trackhub-laravel-subscriber (d0, q0, r0, m0, 'trackhub/gps', ... (233 bytes))
1783135406: Received PUBLISH from esp32-gps-01-32a50528 (d0, q0, r0, m0, 'trackhub/gps', ... (234 bytes))
1783135406: Sending PUBLISH to trackhub-laravel-subscriber (d0, q0, r0, m0, 'trackhub/gps', ... (234 bytes))
1783135409: Received PUBLISH from esp32-gps-01-32a50528 (d0, q0, r0, m0, 'trackhub/gps', ... (234 bytes))
1783135409: Sending PUBLISH to trackhub-laravel-subscriber (d0, q0, r0, m0, 'trackhub/gps', ... (234 bytes))
1783135412: Received PUBLISH from esp32-gps-01-32a50528 (d0, q0, r0, m0, 'trackhub/gps', ... (234 bytes))
1783135412: Sending PUBLISH to trackhub-laravel-subscriber (d0, q0, r0, m0, 'trackhub/gps', ... (234 bytes))
1783135415: Received PINGREQ from esp32-gps-01-32a50528
1783135415: Sending PINGRESP to esp32-gps-01-32a50528
1783135415: Received PUBLISH from esp32-gps-01-32a50528 (d0, q0, r0, m0, 'trackhub/gps', ... (276 bytes))
1783135415: Sending PUBLISH to trackhub-laravel-subscriber (d0, q0, r0, m0, 'trackhub/gps', ... (276 bytes))
1783135418: Received PUBLISH from esp32-gps-01-32a50528 (d0, q0, r0, m0, 'trackhub/gps', ... (276 bytes))
1783135418: Sending PUBLISH to trackhub-laravel-subscriber (d0, q0, r0, m0, 'trackhub/gps', ... (276 bytes))
1783135421: Received PUBLISH from esp32-gps-01-32a50528 (d0, q0, r0, m0, 'trackhub/gps', ... (276 bytes))
1783135421: Sending PUBLISH to trackhub-laravel-subscriber (d0, q0, r0, m0, 'trackhub/gps', ... (276 bytes))
1783135424: Received PUBLISH from esp32-gps-01-32a50528 (d0, q0, r0, m0, 'trackhub/gps', ... (256 bytes))
1783135424: Sending PUBLISH to trackhub-laravel-subscriber (d0, q0, r0, m0, 'trackhub/gps', ... (256 bytes))
1783135427: Received PUBLISH from esp32-gps-01-32a50528 (d0, q0, r0, m0, 'trackhub/gps', ... (256 bytes))
1783135427: Sending PUBLISH to trackhub-laravel-subscriber (d0, q0, r0, m0, 'trackhub/gps', ... (256 bytes))
1783135429: Received DISCONNECT from trackhub-laravel-subscriber
1783135429: Client trackhub-laravel-subscriber disconnected.
1783135430: Received PINGREQ from esp32-gps-01-32a50528
1783135430: Sending PINGRESP to esp32-gps-01-32a50528
1783135430: Received PUBLISH from esp32-gps-01-32a50528 (d0, q0, r0, m0, 'trackhub/gps', ... (256 bytes))
1783135433: Received PUBLISH from esp32-gps-01-32a50528 (d0, q0, r0, m0, 'trackhub/gps', ... (259 bytes))
1783135434: New connection from 192.168.141.167:54753 on port 1883.
1783135434: New client connected from 192.168.141.167:54753 as trackhub-laravel-subscriber (p2, c1, k30).
1783135434: No will message specified.
1783135434: Sending CONNACK to trackhub-laravel-subscriber (0, 0)
1783135434: Received SUBSCRIBE from trackhub-laravel-subscriber
1783135434: 	trackhub/gps (QoS 0)
1783135434: trackhub-laravel-subscriber 0 trackhub/gps
1783135434: Sending SUBACK to trackhub-laravel-subscriber
1783135437: Received PUBLISH from esp32-gps-01-32a50528 (d0, q0, r0, m0, 'trackhub/gps', ... (259 bytes))
1783135437: Sending PUBLISH to trackhub-laravel-subscriber (d0, q0, r0, m0, 'trackhub/gps', ... (259 bytes))
1783135440: Received PUBLISH from esp32-gps-01-32a50528 (d0, q0, r0, m0, 'trackhub/gps', ... (257 bytes))
1783135440: Sending PUBLISH to trackhub-laravel-subscriber (d0, q0, r0, m0, 'trackhub/gps', ... (257 bytes))
1783135443: Received PUBLISH from esp32-gps-01-32a50528 (d0, q0, r0, m0, 'trackhub/gps', ... (266 bytes))
1783135443: Sending PUBLISH to trackhub-laravel-subscriber (d0, q0, r0, m0, 'trackhub/gps', ... (266 bytes))
1783135445: Received PINGREQ from esp32-gps-01-32a50528
1783135445: Sending PINGRESP to esp32-gps-01-32a50528
1783135446: Received PUBLISH from esp32-gps-01-32a50528 (d0, q0, r0, m0, 'trackhub/gps', ... (266 bytes))
1783135446: Sending PUBLISH to trackhub-laravel-subscriber (d0, q0, r0, m0, 'trackhub/gps', ... (266 bytes))
1783135449: Received PUBLISH from esp32-gps-01-32a50528 (d0, q0, r0, m0, 'trackhub/gps', ... (266 bytes))
1783135449: Sending PUBLISH to trackhub-laravel-subscriber (d0, q0, r0, m0, 'trackhub/gps', ... (266 bytes))
1783135452: Received PUBLISH from esp32-gps-01-32a50528 (d0, q0, r0, m0, 'trackhub/gps', ... (266 bytes))
1783135452: Sending PUBLISH to trackhub-laravel-subscriber (d0, q0, r0, m0, 'trackhub/gps', ... (266 bytes))
1783135455: Received PUBLISH from esp32-gps-01-32a50528 (d0, q0, r0, m0, 'trackhub/gps', ... (273 bytes))
1783135455: Sending PUBLISH to trackhub-laravel-subscriber (d0, q0, r0, m0, 'trackhub/gps', ... (273 bytes))
1783135458: Received PUBLISH from esp32-gps-01-32a50528 (d0, q0, r0, m0, 'trackhub/gps', ... (273 bytes))
1783135458: Sending PUBLISH to trackhub-laravel-subscriber (d0, q0, r0, m0, 'trackhub/gps', ... (273 bytes))
1783135460: Received PINGREQ from esp32-gps-01-32a50528
1783135460: Sending PINGRESP to esp32-gps-01-32a50528
1783135461: Received PUBLISH from esp32-gps-01-32a50528 (d0, q0, r0, m0, 'trackhub/gps', ... (273 bytes))
1783135461: Sending PUBLISH to trackhub-laravel-subscriber (d0, q0, r0, m0, 'trackhub/gps', ... (273 bytes))
1783135464: Received PUBLISH from esp32-gps-01-32a50528 (d0, q0, r0, m0, 'trackhub/gps', ... (273 bytes))
1783135464: Sending PUBLISH to trackhub-laravel-subscriber (d0, q0, r0, m0, 'trackhub/gps', ... (273 bytes))
1783135466: Received DISCONNECT from trackhub-laravel-subscriber
1783135466: Client trackhub-laravel-subscriber disconnected.
1783135467: Received PUBLISH from esp32-gps-01-32a50528 (d0, q0, r0, m0, 'trackhub/gps', ... (273 bytes))
1783135470: Received PUBLISH from esp32-gps-01-32a50528 (d0, q0, r0, m0, 'trackhub/gps', ... (273 bytes))
1783135471: New connection from 192.168.141.167:52873 on port 1883.
1783135471: New client connected from 192.168.141.167:52873 as trackhub-laravel-subscriber (p2, c1, k30).
1783135471: No will message specified.
1783135471: Sending CONNACK to trackhub-laravel-subscriber (0, 0)
1783135471: Received SUBSCRIBE from trackhub-laravel-subscriber
1783135471: 	trackhub/gps (QoS 0)
1783135471: trackhub-laravel-subscriber 0 trackhub/gps
1783135471: Sending SUBACK to trackhub-laravel-subscriber
1783135473: Received PUBLISH from esp32-gps-01-32a50528 (d0, q0, r0, m0, 'trackhub/gps', ... (275 bytes))
1783135473: Sending PUBLISH to trackhub-laravel-subscriber (d0, q0, r0, m0, 'trackhub/gps', ... (275 bytes))
1783135475: Received PINGREQ from esp32-gps-01-32a50528
1783135475: Sending PINGRESP to esp32-gps-01-32a50528
1783135476: Received PUBLISH from esp32-gps-01-32a50528 (d0, q0, r0, m0, 'trackhub/gps', ... (275 bytes))
1783135476: Sending PUBLISH to trackhub-laravel-subscriber (d0, q0, r0, m0, 'trackhub/gps', ... (275 bytes))
1783135479: Received PUBLISH from esp32-gps-01-32a50528 (d0, q0, r0, m0, 'trackhub/gps', ... (275 bytes))
1783135479: Sending PUBLISH to trackhub-laravel-subscriber (d0, q0, r0, m0, 'trackhub/gps', ... (275 bytes))
1783135482: Received PUBLISH from esp32-gps-01-32a50528 (d0, q0, r0, m0, 'trackhub/gps', ... (275 bytes))
1783135482: Sending PUBLISH to trackhub-laravel-subscriber (d0, q0, r0, m0, 'trackhub/gps', ... (275 bytes))
1783135485: Received PUBLISH from esp32-gps-01-32a50528 (d0, q0, r0, m0, 'trackhub/gps', ... (269 bytes))
1783135485: Sending PUBLISH to trackhub-laravel-subscriber (d0, q0, r0, m0, 'trackhub/gps', ... (269 bytes))
1783135488: Received PUBLISH from esp32-gps-01-32a50528 (d0, q0, r0, m0, 'trackhub/gps', ... (237 bytes))
1783135488: Sending PUBLISH to trackhub-laravel-subscriber (d0, q0, r0, m0, 'trackhub/gps', ... (237 bytes))
1783135490: Received PINGREQ from esp32-gps-01-32a50528
1783135490: Sending PINGRESP to esp32-gps-01-32a50528
1783135491: Received PUBLISH from esp32-gps-01-32a50528 (d0, q0, r0, m0, 'trackhub/gps', ... (237 bytes))
1783135491: Sending PUBLISH to trackhub-laravel-subscriber (d0, q0, r0, m0, 'trackhub/gps', ... (237 bytes))
1783135494: Received PUBLISH from esp32-gps-01-32a50528 (d0, q0, r0, m0, 'trackhub/gps', ... (237 bytes))
1783135494: Sending PUBLISH to trackhub-laravel-subscriber (d0, q0, r0, m0, 'trackhub/gps', ... (237 bytes))
1783135497: Received PUBLISH from esp32-gps-01-32a50528 (d0, q0, r0, m0, 'trackhub/gps', ... (237 bytes))
1783135497: Sending PUBLISH to trackhub-laravel-subscriber (d0, q0, r0, m0, 'trackhub/gps', ... (237 bytes))
1783135500: Received PUBLISH from esp32-gps-01-32a50528 (d0, q0, r0, m0, 'trackhub/gps', ... (237 bytes))
1783135500: Sending PUBLISH to trackhub-laravel-subscriber (d0, q0, r0, m0, 'trackhub/gps', ... (237 bytes))
1783135502: Received DISCONNECT from trackhub-laravel-subscriber
1783135502: Client trackhub-laravel-subscriber disconnected.
1783135503: Received PUBLISH from esp32-gps-01-32a50528 (d0, q0, r0, m0, 'trackhub/gps', ... (275 bytes))
1783135505: Received PINGREQ from esp32-gps-01-32a50528
1783135505: Sending PINGRESP to esp32-gps-01-32a50528
1783135506: Received PUBLISH from esp32-gps-01-32a50528 (d0, q0, r0, m0, 'trackhub/gps', ... (275 bytes))
1783135507: New connection from 192.168.141.167:52879 on port 1883.
1783135507: New client connected from 192.168.141.167:52879 as trackhub-laravel-subscriber (p2, c1, k30).
1783135507: No will message specified.
1783135507: Sending CONNACK to trackhub-laravel-subscriber (0, 0)
1783135507: Received SUBSCRIBE from trackhub-laravel-subscriber
1783135507: 	trackhub/gps (QoS 0)
1783135507: trackhub-laravel-subscriber 0 trackhub/gps
1783135507: Sending SUBACK to trackhub-laravel-subscriber
1783135509: Received PUBLISH from esp32-gps-01-32a50528 (d0, q0, r0, m0, 'trackhub/gps', ... (275 bytes))
1783135509: Sending PUBLISH to trackhub-laravel-subscriber (d0, q0, r0, m0, 'trackhub/gps', ... (275 bytes))
1783135512: Received PUBLISH from esp32-gps-01-32a50528 (d0, q0, r0, m0, 'trackhub/gps', ... (275 bytes))
1783135512: Sending PUBLISH to trackhub-laravel-subscriber (d0, q0, r0, m0, 'trackhub/gps', ... (275 bytes))
1783135515: Received PUBLISH from esp32-gps-01-32a50528 (d0, q0, r0, m0, 'trackhub/gps', ... (275 bytes))
1783135515: Sending PUBLISH to trackhub-laravel-subscriber (d0, q0, r0, m0, 'trackhub/gps', ... (275 bytes))
1783135518: Received PUBLISH from esp32-gps-01-32a50528 (d0, q0, r0, m0, 'trackhub/gps', ... (275 bytes))
1783135518: Sending PUBLISH to trackhub-laravel-subscriber (d0, q0, r0, m0, 'trackhub/gps', ... (275 bytes))
1783135520: Received PINGREQ from esp32-gps-01-32a50528
1783135520: Sending PINGRESP to esp32-gps-01-32a50528
1783135521: Received PUBLISH from esp32-gps-01-32a50528 (d0, q0, r0, m0, 'trackhub/gps', ... (275 bytes))
1783135521: Sending PUBLISH to trackhub-laravel-subscriber (d0, q0, r0, m0, 'trackhub/gps', ... (275 bytes))
1783135524: Received PUBLISH from esp32-gps-01-32a50528 (d0, q0, r0, m0, 'trackhub/gps', ... (275 bytes))
1783135524: Sending PUBLISH to trackhub-laravel-subscriber (d0, q0, r0, m0, 'trackhub/gps', ... (275 bytes))
1783135527: Received PUBLISH from esp32-gps-01-32a50528 (d0, q0, r0, m0, 'trackhub/gps', ... (275 bytes))
1783135527: Sending PUBLISH to trackhub-laravel-subscriber (d0, q0, r0, m0, 'trackhub/gps', ... (275 bytes))
1783135530: Received PUBLISH from esp32-gps-01-32a50528 (d0, q0, r0, m0, 'trackhub/gps', ... (275 bytes))
1783135530: Sending PUBLISH to trackhub-laravel-subscriber (d0, q0, r0, m0, 'trackhub/gps', ... (275 bytes))
1783135535: Client trackhub-laravel-subscriber closed its connection.
1783135552: Client esp32-gps-01-32a50528 has exceeded timeout, disconnecting.
1783136004: New connection from 192.168.141.57:65384 on port 1883.
1783136004: New client connected from 192.168.141.57:65384 as esp32-gps-01-32a50528 (p2, c1, k15).
1783136004: No will message specified.
1783136004: Sending CONNACK to esp32-gps-01-32a50528 (0, 0)
1783136004: Received PUBLISH from esp32-gps-01-32a50528 (d0, q0, r0, m0, 'trackhub/gps', ... (214 bytes))
1783136007: Received PUBLISH from esp32-gps-01-32a50528 (d0, q0, r0, m0, 'trackhub/gps', ... (275 bytes))
1783136010: Received PUBLISH from esp32-gps-01-32a50528 (d0, q0, r0, m0, 'trackhub/gps', ... (237 bytes))
1783136013: Received PUBLISH from esp32-gps-01-32a50528 (d0, q0, r0, m0, 'trackhub/gps', ... (275 bytes))
1783136016: Received PUBLISH from esp32-gps-01-32a50528 (d0, q0, r0, m0, 'trackhub/gps', ... (275 bytes))
1783136019: Received PINGREQ from esp32-gps-01-32a50528
1783136019: Sending PINGRESP to esp32-gps-01-32a50528
1783136019: Received PUBLISH from esp32-gps-01-32a50528 (d0, q0, r0, m0, 'trackhub/gps', ... (275 bytes))
1783136022: Received PUBLISH from esp32-gps-01-32a50528 (d0, q0, r0, m0, 'trackhub/gps', ... (275 bytes))
1783136025: Received PUBLISH from esp32-gps-01-32a50528 (d0, q0, r0, m0, 'trackhub/gps', ... (275 bytes))
1783136028: Received PUBLISH from esp32-gps-01-32a50528 (d0, q0, r0, m0, 'trackhub/gps', ... (275 bytes))
1783136031: Received PUBLISH from esp32-gps-01-32a50528 (d0, q0, r0, m0, 'trackhub/gps', ... (262 bytes))
1783136034: Received PINGREQ from esp32-gps-01-32a50528
1783136034: Sending PINGRESP to esp32-gps-01-32a50528
1783136034: Received PUBLISH from esp32-gps-01-32a50528 (d0, q0, r0, m0, 'trackhub/gps', ... (262 bytes))
1783136037: Received PUBLISH from esp32-gps-01-32a50528 (d0, q0, r0, m0, 'trackhub/gps', ... (262 bytes))
1783136040: Received PUBLISH from esp32-gps-01-32a50528 (d0, q0, r0, m0, 'trackhub/gps', ... (262 bytes))
1783136043: Received PUBLISH from esp32-gps-01-32a50528 (d0, q0, r0, m0, 'trackhub/gps', ... (262 bytes))
1783136046: Received PUBLISH from esp32-gps-01-32a50528 (d0, q0, r0, m0, 'trackhub/gps', ... (262 bytes))
1783136049: Received PINGREQ from esp32-gps-01-32a50528
1783136049: Sending PINGRESP to esp32-gps-01-32a50528
1783136049: Received PUBLISH from esp32-gps-01-32a50528 (d0, q0, r0, m0, 'trackhub/gps', ... (279 bytes))
1783136052: Received PUBLISH from esp32-gps-01-32a50528 (d0, q0, r0, m0, 'trackhub/gps', ... (279 bytes))
1783136055: Received PUBLISH from esp32-gps-01-32a50528 (d0, q0, r0, m0, 'trackhub/gps', ... (242 bytes))
1783136058: Received PUBLISH from esp32-gps-01-32a50528 (d0, q0, r0, m0, 'trackhub/gps', ... (242 bytes))
1783136061: Received PUBLISH from esp32-gps-01-32a50528 (d0, q0, r0, m0, 'trackhub/gps', ... (242 bytes))
1783136064: Received PINGREQ from esp32-gps-01-32a50528
1783136064: Sending PINGRESP to esp32-gps-01-32a50528
1783136064: Received PUBLISH from esp32-gps-01-32a50528 (d0, q0, r0, m0, 'trackhub/gps', ... (242 bytes))
1783136085: New connection from 192.168.141.57:54384 on port 1883.
1783136085: Client esp32-gps-01-32a50528 already connected, closing old connection.
1783136085: New client connected from 192.168.141.57:54384 as esp32-gps-01-32a50528 (p2, c1, k15).
1783136085: No will message specified.
1783136085: Sending CONNACK to esp32-gps-01-32a50528 (0, 0)
1783136090: Received PUBLISH from esp32-gps-01-32a50528 (d0, q0, r0, m0, 'trackhub/gps', ... (275 bytes))
1783136100: Received PUBLISH from esp32-gps-01-32a50528 (d0, q0, r0, m0, 'trackhub/gps', ... (237 bytes))
1783136100: Received PINGREQ from esp32-gps-01-32a50528
1783136100: Sending PINGRESP to esp32-gps-01-32a50528
1783136123: Client esp32-gps-01-32a50528 has exceeded timeout, disconnecting.
1783136280: Saving in-memory database to D:\gpstracker\MQTT\mosquitto\data\\mosquitto.db.
1783138081: Saving in-memory database to D:\gpstracker\MQTT\mosquitto\data\\mosquitto.db.
1783139882: Saving in-memory database to D:\gpstracker\MQTT\mosquitto\data\\mosquitto.db.
1783141380: New connection from 192.168.141.57:62295 on port 1883.
1783141380: New client connected from 192.168.141.57:62295 as esp32-gps-01-32a50528 (p2, c1, k15).
1783141380: No will message specified.
1783141380: Sending CONNACK to esp32-gps-01-32a50528 (0, 0)
1783141385: Received PUBLISH from esp32-gps-01-32a50528 (d0, q0, r0, m0, 'trackhub/gps', ... (275 bytes))
1783141395: Received PUBLISH from esp32-gps-01-32a50528 (d0, q0, r0, m0, 'trackhub/gps', ... (275 bytes))
1783141395: Received PINGREQ from esp32-gps-01-32a50528
1783141395: Sending PINGRESP to esp32-gps-01-32a50528
1783141405: Received PUBLISH from esp32-gps-01-32a50528 (d0, q0, r0, m0, 'trackhub/gps', ... (275 bytes))
1783141410: Received PINGREQ from esp32-gps-01-32a50528
1783141410: Sending PINGRESP to esp32-gps-01-32a50528
1783141415: Received PUBLISH from esp32-gps-01-32a50528 (d0, q0, r0, m0, 'trackhub/gps', ... (275 bytes))
1783141425: Received PUBLISH from esp32-gps-01-32a50528 (d0, q0, r0, m0, 'trackhub/gps', ... (249 bytes))
1783141425: Received PINGREQ from esp32-gps-01-32a50528
1783141425: Sending PINGRESP to esp32-gps-01-32a50528
1783141435: Received PUBLISH from esp32-gps-01-32a50528 (d0, q0, r0, m0, 'trackhub/gps', ... (249 bytes))
1783141440: Received PINGREQ from esp32-gps-01-32a50528
1783141440: Sending PINGRESP to esp32-gps-01-32a50528
1783141445: Received PUBLISH from esp32-gps-01-32a50528 (d0, q0, r0, m0, 'trackhub/gps', ... (249 bytes))
1783141467: Client esp32-gps-01-32a50528 has exceeded timeout, disconnecting.
1783141478: New connection from 192.168.141.57:57875 on port 1883.
1783141478: New client connected from 192.168.141.57:57875 as esp32-gps-01-32a50528 (p2, c1, k15).
1783141478: No will message specified.
1783141478: Sending CONNACK to esp32-gps-01-32a50528 (0, 0)
1783141479: Received PUBLISH from esp32-gps-01-32a50528 (d0, q0, r0, m0, 'trackhub/gps', ... (234 bytes))
1783141489: Received PUBLISH from esp32-gps-01-32a50528 (d0, q0, r0, m0, 'trackhub/gps', ... (271 bytes))
1783141511: Client esp32-gps-01-32a50528 has exceeded timeout, disconnecting.
1783141661: New connection from 192.168.141.57:51078 on port 1883.
1783141661: New client connected from 192.168.141.57:51078 as esp32-gps-01-32a50528 (p2, c1, k15).
1783141661: No will message specified.
1783141661: Sending CONNACK to esp32-gps-01-32a50528 (0, 0)
1783141671: mosquitto version 2.0.22 terminating
1783141671: Saving in-memory database to D:\gpstracker\MQTT\mosquitto\data\\mosquitto.db.
1783141902: mosquitto version 2.0.22 starting
1783141902: Config loaded from D:\gpstracker\MQTT\mosquitto-local.conf.
1783141902: Opening ipv4 listen socket on port 1883.
1783141902: mosquitto version 2.0.22 running
1783141926: mosquitto version 2.0.22 terminating
1783141926: Saving in-memory database to D:\gpstracker\MQTT\mosquitto\data\\mosquitto.db.
1783141965: mosquitto version 2.0.22 starting
1783141965: Config loaded from D:\gpstracker\MQTT\mosquitto-local.conf.
1783141965: Opening ipv4 listen socket on port 1883.
1783141965: mosquitto version 2.0.22 running
1783141994: New connection from 192.168.141.167:52369 on port 1883.
1783141994: New client connected from 192.168.141.167:52369 as trackhub-laravel-subscriber (p2, c1, k30).
1783141994: No will message specified.
1783141994: Sending CONNACK to trackhub-laravel-subscriber (0, 0)
1783141994: Received SUBSCRIBE from trackhub-laravel-subscriber
1783141994: 	trackhub/gps (QoS 0)
1783141994: trackhub-laravel-subscriber 0 trackhub/gps
1783141994: Sending SUBACK to trackhub-laravel-subscriber
1783142004: Received PINGREQ from trackhub-laravel-subscriber
1783142004: Sending PINGRESP to trackhub-laravel-subscriber
1783142008: New connection from 192.168.141.57:52794 on port 1883.
1783142008: New client connected from 192.168.141.57:52794 as esp32-gps-01-32a50528 (p2, c1, k15).
1783142008: No will message specified.
1783142008: Sending CONNACK to esp32-gps-01-32a50528 (0, 0)
1783142013: Received PUBLISH from esp32-gps-01-32a50528 (d0, q0, r0, m0, 'trackhub/gps', ... (273 bytes))
1783142013: Sending PUBLISH to trackhub-laravel-subscriber (d0, q0, r0, m0, 'trackhub/gps', ... (273 bytes))
1783142023: Received PUBLISH from esp32-gps-01-32a50528 (d0, q0, r0, m0, 'trackhub/gps', ... (261 bytes))
1783142023: Sending PUBLISH to trackhub-laravel-subscriber (d0, q0, r0, m0, 'trackhub/gps', ... (261 bytes))
1783142023: Received PINGREQ from esp32-gps-01-32a50528
1783142023: Sending PINGRESP to esp32-gps-01-32a50528
1783142033: Received PUBLISH from esp32-gps-01-32a50528 (d0, q0, r0, m0, 'trackhub/gps', ... (261 bytes))
1783142033: Sending PUBLISH to trackhub-laravel-subscriber (d0, q0, r0, m0, 'trackhub/gps', ... (261 bytes))
1783142038: Received PINGREQ from esp32-gps-01-32a50528
1783142038: Sending PINGRESP to esp32-gps-01-32a50528
1783142043: Received PUBLISH from esp32-gps-01-32a50528 (d0, q0, r0, m0, 'trackhub/gps', ... (261 bytes))
1783142043: Sending PUBLISH to trackhub-laravel-subscriber (d0, q0, r0, m0, 'trackhub/gps', ... (261 bytes))
1783142045: Received DISCONNECT from trackhub-laravel-subscriber
1783142045: Client trackhub-laravel-subscriber disconnected.
1783142050: New connection from 192.168.141.167:62615 on port 1883.
1783142050: New client connected from 192.168.141.167:62615 as trackhub-laravel-subscriber (p2, c1, k30).
1783142050: No will message specified.
1783142050: Sending CONNACK to trackhub-laravel-subscriber (0, 0)
1783142050: Received SUBSCRIBE from trackhub-laravel-subscriber
1783142050: 	trackhub/gps (QoS 0)
1783142050: trackhub-laravel-subscriber 0 trackhub/gps
1783142050: Sending SUBACK to trackhub-laravel-subscriber
1783142053: Received PUBLISH from esp32-gps-01-32a50528 (d0, q0, r0, m0, 'trackhub/gps', ... (275 bytes))
1783142053: Sending PUBLISH to trackhub-laravel-subscriber (d0, q0, r0, m0, 'trackhub/gps', ... (275 bytes))
1783142053: Received PINGREQ from esp32-gps-01-32a50528
1783142053: Sending PINGRESP to esp32-gps-01-32a50528
1783142057: Client trackhub-laravel-subscriber closed its connection.
1783142063: Received PUBLISH from esp32-gps-01-32a50528 (d0, q0, r0, m0, 'trackhub/gps', ... (275 bytes))
1783142068: Received PINGREQ from esp32-gps-01-32a50528
1783142068: Sending PINGRESP to esp32-gps-01-32a50528
1783142073: Received PUBLISH from esp32-gps-01-32a50528 (d0, q0, r0, m0, 'trackhub/gps', ... (275 bytes))
1783142083: Received PUBLISH from esp32-gps-01-32a50528 (d0, q0, r0, m0, 'trackhub/gps', ... (275 bytes))
1783142083: Received PINGREQ from esp32-gps-01-32a50528
1783142083: Sending PINGRESP to esp32-gps-01-32a50528
1783142091: New connection from 192.168.141.167:62619 on port 1883.
1783142091: New client connected from 192.168.141.167:62619 as trackhub-laravel-subscriber (p2, c1, k30).
1783142091: No will message specified.
1783142091: Sending CONNACK to trackhub-laravel-subscriber (0, 0)
1783142091: Received SUBSCRIBE from trackhub-laravel-subscriber
1783142091: 	trackhub/gps (QoS 0)
1783142091: trackhub-laravel-subscriber 0 trackhub/gps
1783142091: Sending SUBACK to trackhub-laravel-subscriber
1783142093: Received PUBLISH from esp32-gps-01-32a50528 (d0, q0, r0, m0, 'trackhub/gps', ... (275 bytes))
1783142093: Sending PUBLISH to trackhub-laravel-subscriber (d0, q0, r0, m0, 'trackhub/gps', ... (275 bytes))
1783142098: Received PINGREQ from esp32-gps-01-32a50528
1783142098: Sending PINGRESP to esp32-gps-01-32a50528
1783142121: Client esp32-gps-01-32a50528 has exceeded timeout, disconnecting.
1783142122: Received DISCONNECT from trackhub-laravel-subscriber
1783142122: Client trackhub-laravel-subscriber disconnected.
1783142127: New connection from 192.168.141.167:52035 on port 1883.
1783142127: New client connected from 192.168.141.167:52035 as trackhub-laravel-subscriber (p2, c1, k30).
1783142127: No will message specified.
1783142127: Sending CONNACK to trackhub-laravel-subscriber (0, 0)
1783142127: Received SUBSCRIBE from trackhub-laravel-subscriber
1783142127: 	trackhub/gps (QoS 0)
1783142127: trackhub-laravel-subscriber 0 trackhub/gps
1783142127: Sending SUBACK to trackhub-laravel-subscriber
1783142137: Received PINGREQ from trackhub-laravel-subscriber
1783142137: Sending PINGRESP to trackhub-laravel-subscriber
1783142147: Received PINGREQ from trackhub-laravel-subscriber
1783142147: Sending PINGRESP to trackhub-laravel-subscriber
1783142157: Received PINGREQ from trackhub-laravel-subscriber
1783142157: Sending PINGRESP to trackhub-laravel-subscriber
1783142164: New connection from 192.168.141.57:52803 on port 1883.
1783142164: New client connected from 192.168.141.57:52803 as esp32-gps-01-32a50528 (p2, c1, k15).
1783142164: No will message specified.
1783142164: Sending CONNACK to esp32-gps-01-32a50528 (0, 0)
1783142167: Received PINGREQ from trackhub-laravel-subscriber
1783142167: Sending PINGRESP to trackhub-laravel-subscriber
1783142173: Received PUBLISH from esp32-gps-01-32a50528 (d0, q0, r0, m0, 'trackhub/gps', ... (271 bytes))
1783142173: Sending PUBLISH to trackhub-laravel-subscriber (d0, q0, r0, m0, 'trackhub/gps', ... (271 bytes))
1783142173: Received PUBLISH from esp32-gps-01-32a50528 (d0, q0, r0, m0, 'trackhub/gps', ... (274 bytes))
1783142173: Sending PUBLISH to trackhub-laravel-subscriber (d0, q0, r0, m0, 'trackhub/gps', ... (274 bytes))
1783142173: Received PUBLISH from esp32-gps-01-32a50528 (d0, q0, r0, m0, 'trackhub/gps', ... (233 bytes))
1783142173: Sending PUBLISH to trackhub-laravel-subscriber (d0, q0, r0, m0, 'trackhub/gps', ... (233 bytes))
1783142173: Received PUBLISH from esp32-gps-01-32a50528 (d0, q0, r0, m0, 'trackhub/gps', ... (260 bytes))
1783142173: Sending PUBLISH to trackhub-laravel-subscriber (d0, q0, r0, m0, 'trackhub/gps', ... (260 bytes))
1783142179: Received PINGREQ from esp32-gps-01-32a50528
1783142179: Sending PINGRESP to esp32-gps-01-32a50528
1783142184: Received PUBLISH from esp32-gps-01-32a50528 (d0, q0, r0, m0, 'trackhub/gps', ... (275 bytes))
1783142184: Sending PUBLISH to trackhub-laravel-subscriber (d0, q0, r0, m0, 'trackhub/gps', ... (275 bytes))
1783142194: Received PINGREQ from esp32-gps-01-32a50528
1783142194: Sending PINGRESP to esp32-gps-01-32a50528
1783142194: Received PUBLISH from esp32-gps-01-32a50528 (d0, q0, r0, m0, 'trackhub/gps', ... (275 bytes))
1783142194: Sending PUBLISH to trackhub-laravel-subscriber (d0, q0, r0, m0, 'trackhub/gps', ... (275 bytes))
1783142202: Received DISCONNECT from trackhub-laravel-subscriber
1783142202: Client trackhub-laravel-subscriber disconnected.
1783142204: Received PUBLISH from esp32-gps-01-32a50528 (d0, q0, r0, m0, 'trackhub/gps', ... (275 bytes))
1783142207: New connection from 192.168.141.167:54262 on port 1883.
1783142207: New client connected from 192.168.141.167:54262 as trackhub-laravel-subscriber (p2, c1, k30).
1783142207: No will message specified.
1783142207: Sending CONNACK to trackhub-laravel-subscriber (0, 0)
1783142207: Received SUBSCRIBE from trackhub-laravel-subscriber
1783142207: 	trackhub/gps (QoS 0)
1783142207: trackhub-laravel-subscriber 0 trackhub/gps
1783142207: Sending SUBACK to trackhub-laravel-subscriber
1783142209: Received PINGREQ from esp32-gps-01-32a50528
1783142209: Sending PINGRESP to esp32-gps-01-32a50528
1783142214: Received PUBLISH from esp32-gps-01-32a50528 (d0, q0, r0, m0, 'trackhub/gps', ... (273 bytes))
1783142214: Sending PUBLISH to trackhub-laravel-subscriber (d0, q0, r0, m0, 'trackhub/gps', ... (273 bytes))
1783142224: Received PINGREQ from esp32-gps-01-32a50528
1783142224: Sending PINGRESP to esp32-gps-01-32a50528
1783142224: Received PUBLISH from esp32-gps-01-32a50528 (d0, q0, r0, m0, 'trackhub/gps', ... (275 bytes))
1783142224: Sending PUBLISH to trackhub-laravel-subscriber (d0, q0, r0, m0, 'trackhub/gps', ... (275 bytes))
1783142234: Received PUBLISH from esp32-gps-01-32a50528 (d0, q0, r0, m0, 'trackhub/gps', ... (277 bytes))
1783142234: Sending PUBLISH to trackhub-laravel-subscriber (d0, q0, r0, m0, 'trackhub/gps', ... (277 bytes))
1783142239: Received PINGREQ from esp32-gps-01-32a50528
1783142239: Sending PINGRESP to esp32-gps-01-32a50528
1783142243: Received DISCONNECT from trackhub-laravel-subscriber
1783142243: Client trackhub-laravel-subscriber disconnected.
1783142244: Received PUBLISH from esp32-gps-01-32a50528 (d0, q0, r0, m0, 'trackhub/gps', ... (277 bytes))
1783142248: New connection from 192.168.141.167:54750 on port 1883.
1783142248: New client connected from 192.168.141.167:54750 as trackhub-laravel-subscriber (p2, c1, k30).
1783142248: No will message specified.
1783142248: Sending CONNACK to trackhub-laravel-subscriber (0, 0)
1783142248: Received SUBSCRIBE from trackhub-laravel-subscriber
1783142248: 	trackhub/gps (QoS 0)
1783142248: trackhub-laravel-subscriber 0 trackhub/gps
1783142248: Sending SUBACK to trackhub-laravel-subscriber
1783142258: Received PINGREQ from trackhub-laravel-subscriber
1783142258: Sending PINGRESP to trackhub-laravel-subscriber
1783142267: Client esp32-gps-01-32a50528 has exceeded timeout, disconnecting.
1783142268: Received PINGREQ from trackhub-laravel-subscriber
1783142268: Sending PINGRESP to trackhub-laravel-subscriber
1783142278: Received PINGREQ from trackhub-laravel-subscriber
1783142278: Sending PINGRESP to trackhub-laravel-subscriber
1783142288: Received PINGREQ from trackhub-laravel-subscriber
1783142288: Sending PINGRESP to trackhub-laravel-subscriber
1783142298: Received PINGREQ from trackhub-laravel-subscriber
1783142298: Sending PINGRESP to trackhub-laravel-subscriber
1783142308: Received PINGREQ from trackhub-laravel-subscriber
1783142308: Sending PINGRESP to trackhub-laravel-subscriber
1783142318: Received PINGREQ from trackhub-laravel-subscriber
1783142318: Sending PINGRESP to trackhub-laravel-subscriber
1783142328: Received PINGREQ from trackhub-laravel-subscriber
1783142328: Sending PINGRESP to trackhub-laravel-subscriber
1783142338: Received PINGREQ from trackhub-laravel-subscriber
1783142338: Sending PINGRESP to trackhub-laravel-subscriber
1783142348: Received PINGREQ from trackhub-laravel-subscriber
1783142348: Sending PINGRESP to trackhub-laravel-subscriber
1783142358: Received PINGREQ from trackhub-laravel-subscriber
1783142358: Sending PINGRESP to trackhub-laravel-subscriber
1783142368: Received PINGREQ from trackhub-laravel-subscriber
1783142368: Sending PINGRESP to trackhub-laravel-subscriber
1783142374: New connection from 192.168.141.57:57151 on port 1883.
1783142374: New client connected from 192.168.141.57:57151 as esp32-gps-01-32a50528 (p2, c1, k15).
1783142374: No will message specified.
1783142374: Sending CONNACK to esp32-gps-01-32a50528 (0, 0)
1783142378: Received PINGREQ from trackhub-laravel-subscriber
1783142378: Sending PINGRESP to trackhub-laravel-subscriber
1783142379: Received PUBLISH from esp32-gps-01-32a50528 (d0, q0, r0, m0, 'trackhub/gps', ... (275 bytes))
1783142379: Sending PUBLISH to trackhub-laravel-subscriber (d0, q0, r0, m0, 'trackhub/gps', ... (275 bytes))
1783142389: Received PUBLISH from esp32-gps-01-32a50528 (d0, q0, r0, m0, 'trackhub/gps', ... (271 bytes))
1783142389: Sending PUBLISH to trackhub-laravel-subscriber (d0, q0, r0, m0, 'trackhub/gps', ... (271 bytes))
1783142389: Received PINGREQ from esp32-gps-01-32a50528
1783142389: Sending PINGRESP to esp32-gps-01-32a50528
1783142399: Received PUBLISH from esp32-gps-01-32a50528 (d0, q0, r0, m0, 'trackhub/gps', ... (263 bytes))
1783142399: Sending PUBLISH to trackhub-laravel-subscriber (d0, q0, r0, m0, 'trackhub/gps', ... (263 bytes))
1783142404: Received PINGREQ from esp32-gps-01-32a50528
1783142404: Sending PINGRESP to esp32-gps-01-32a50528
1783142408: Received DISCONNECT from trackhub-laravel-subscriber
1783142408: Client trackhub-laravel-subscriber disconnected.
1783142409: Received PUBLISH from esp32-gps-01-32a50528 (d0, q0, r0, m0, 'trackhub/gps', ... (263 bytes))
1783142413: New connection from 192.168.141.167:64004 on port 1883.
1783142413: New client connected from 192.168.141.167:64004 as trackhub-laravel-subscriber (p2, c1, k30).
1783142413: No will message specified.
1783142413: Sending CONNACK to trackhub-laravel-subscriber (0, 0)
1783142413: Received SUBSCRIBE from trackhub-laravel-subscriber
1783142413: 	trackhub/gps (QoS 0)
1783142413: trackhub-laravel-subscriber 0 trackhub/gps
1783142413: Sending SUBACK to trackhub-laravel-subscriber
1783142419: Received PUBLISH from esp32-gps-01-32a50528 (d0, q0, r0, m0, 'trackhub/gps', ... (264 bytes))
1783142419: Sending PUBLISH to trackhub-laravel-subscriber (d0, q0, r0, m0, 'trackhub/gps', ... (264 bytes))
1783142419: Received PINGREQ from esp32-gps-01-32a50528
1783142419: Sending PINGRESP to esp32-gps-01-32a50528
1783142429: Received PUBLISH from esp32-gps-01-32a50528 (d0, q0, r0, m0, 'trackhub/gps', ... (264 bytes))
1783142429: Sending PUBLISH to trackhub-laravel-subscriber (d0, q0, r0, m0, 'trackhub/gps', ... (264 bytes))
1783142434: Received PINGREQ from esp32-gps-01-32a50528
1783142434: Sending PINGRESP to esp32-gps-01-32a50528
1783142448: Received DISCONNECT from trackhub-laravel-subscriber
1783142448: Client trackhub-laravel-subscriber disconnected.
1783142453: New connection from 192.168.141.167:51298 on port 1883.
1783142453: New client connected from 192.168.141.167:51298 as trackhub-laravel-subscriber (p2, c1, k30).
1783142453: No will message specified.
1783142453: Sending CONNACK to trackhub-laravel-subscriber (0, 0)
1783142453: Received SUBSCRIBE from trackhub-laravel-subscriber
1783142453: 	trackhub/gps (QoS 0)
1783142453: trackhub-laravel-subscriber 0 trackhub/gps
1783142453: Sending SUBACK to trackhub-laravel-subscriber
1783142457: Client esp32-gps-01-32a50528 has exceeded timeout, disconnecting.
1783142463: Received PINGREQ from trackhub-laravel-subscriber
1783142463: Sending PINGRESP to trackhub-laravel-subscriber
1783142473: Received PINGREQ from trackhub-laravel-subscriber
1783142473: Sending PINGRESP to trackhub-laravel-subscriber
1783142483: Received PINGREQ from trackhub-laravel-subscriber
1783142483: Sending PINGRESP to trackhub-laravel-subscriber
1783142493: Received PINGREQ from trackhub-laravel-subscriber
1783142493: Sending PINGRESP to trackhub-laravel-subscriber
1783142503: Received PINGREQ from trackhub-laravel-subscriber
1783142503: Sending PINGRESP to trackhub-laravel-subscriber
1783142513: Received PINGREQ from trackhub-laravel-subscriber
1783142513: Sending PINGRESP to trackhub-laravel-subscriber
1783142523: Received PINGREQ from trackhub-laravel-subscriber
1783142523: Sending PINGRESP to trackhub-laravel-subscriber
1783142533: Received PINGREQ from trackhub-laravel-subscriber
1783142533: Sending PINGRESP to trackhub-laravel-subscriber
1783142543: Received PINGREQ from trackhub-laravel-subscriber
1783142543: Sending PINGRESP to trackhub-laravel-subscriber
1783142553: Received PINGREQ from trackhub-laravel-subscriber
1783142553: Sending PINGRESP to trackhub-laravel-subscriber
1783142563: Received PINGREQ from trackhub-laravel-subscriber
1783142563: Sending PINGRESP to trackhub-laravel-subscriber
1783142573: Received PINGREQ from trackhub-laravel-subscriber
1783142573: Sending PINGRESP to trackhub-laravel-subscriber
1783142583: Received PINGREQ from trackhub-laravel-subscriber
1783142583: Sending PINGRESP to trackhub-laravel-subscriber
1783142593: Received PINGREQ from trackhub-laravel-subscriber
1783142593: Sending PINGRESP to trackhub-laravel-subscriber
1783142603: Received PINGREQ from trackhub-laravel-subscriber
1783142603: Sending PINGRESP to trackhub-laravel-subscriber
1783142613: Received PINGREQ from trackhub-laravel-subscriber
1783142613: Sending PINGRESP to trackhub-laravel-subscriber
1783142623: Received PINGREQ from trackhub-laravel-subscriber
1783142623: Sending PINGRESP to trackhub-laravel-subscriber
1783142633: Received PINGREQ from trackhub-laravel-subscriber
1783142633: Sending PINGRESP to trackhub-laravel-subscriber
1783142643: Received PINGREQ from trackhub-laravel-subscriber
1783142643: Sending PINGRESP to trackhub-laravel-subscriber
1783142653: Received PINGREQ from trackhub-laravel-subscriber
1783142653: Sending PINGRESP to trackhub-laravel-subscriber
1783142663: Received PINGREQ from trackhub-laravel-subscriber
1783142663: Sending PINGRESP to trackhub-laravel-subscriber
1783142673: Received PINGREQ from trackhub-laravel-subscriber
1783142673: Sending PINGRESP to trackhub-laravel-subscriber
1783142683: Received PINGREQ from trackhub-laravel-subscriber
1783142683: Sending PINGRESP to trackhub-laravel-subscriber
1783142693: Received PINGREQ from trackhub-laravel-subscriber
1783142693: Sending PINGRESP to trackhub-laravel-subscriber
1783142703: Received PINGREQ from trackhub-laravel-subscriber
1783142703: Sending PINGRESP to trackhub-laravel-subscriber
1783142713: Received PINGREQ from trackhub-laravel-subscriber
1783142713: Sending PINGRESP to trackhub-laravel-subscriber
1783142723: Received PINGREQ from trackhub-laravel-subscriber
1783142723: Sending PINGRESP to trackhub-laravel-subscriber
1783142733: Received PINGREQ from trackhub-laravel-subscriber
1783142733: Sending PINGRESP to trackhub-laravel-subscriber
1783142743: Received PINGREQ from trackhub-laravel-subscriber
1783142743: Sending PINGRESP to trackhub-laravel-subscriber
1783142753: Received PINGREQ from trackhub-laravel-subscriber
1783142753: Sending PINGRESP to trackhub-laravel-subscriber
1783142763: Received PINGREQ from trackhub-laravel-subscriber
1783142763: Sending PINGRESP to trackhub-laravel-subscriber
1783142773: Received PINGREQ from trackhub-laravel-subscriber
1783142773: Sending PINGRESP to trackhub-laravel-subscriber
1783142783: Received PINGREQ from trackhub-laravel-subscriber
1783142783: Sending PINGRESP to trackhub-laravel-subscriber
1783142793: Received PINGREQ from trackhub-laravel-subscriber
1783142793: Sending PINGRESP to trackhub-laravel-subscriber
1783142803: Received PINGREQ from trackhub-laravel-subscriber
1783142803: Sending PINGRESP to trackhub-laravel-subscriber
1783142813: Received PINGREQ from trackhub-laravel-subscriber
1783142813: Sending PINGRESP to trackhub-laravel-subscriber
1783142823: Received PINGREQ from trackhub-laravel-subscriber
1783142823: Sending PINGRESP to trackhub-laravel-subscriber
1783142833: Received PINGREQ from trackhub-laravel-subscriber
1783142833: Sending PINGRESP to trackhub-laravel-subscriber
1783142843: Received PINGREQ from trackhub-laravel-subscriber
1783142843: Sending PINGRESP to trackhub-laravel-subscriber
1783142853: Received PINGREQ from trackhub-laravel-subscriber
1783142853: Sending PINGRESP to trackhub-laravel-subscriber
1783142863: Received PINGREQ from trackhub-laravel-subscriber
1783142863: Sending PINGRESP to trackhub-laravel-subscriber
1783142873: Received PINGREQ from trackhub-laravel-subscriber
1783142873: Sending PINGRESP to trackhub-laravel-subscriber
1783142883: Received PINGREQ from trackhub-laravel-subscriber
1783142883: Sending PINGRESP to trackhub-laravel-subscriber
1783142893: Received PINGREQ from trackhub-laravel-subscriber
1783142893: Sending PINGRESP to trackhub-laravel-subscriber
1783142903: Received PINGREQ from trackhub-laravel-subscriber
1783142903: Sending PINGRESP to trackhub-laravel-subscriber
1783142913: Received PINGREQ from trackhub-laravel-subscriber
1783142913: Sending PINGRESP to trackhub-laravel-subscriber
1783142923: Received PINGREQ from trackhub-laravel-subscriber
1783142923: Sending PINGRESP to trackhub-laravel-subscriber
1783142933: Received PINGREQ from trackhub-laravel-subscriber
1783142933: Sending PINGRESP to trackhub-laravel-subscriber
1783142943: Received PINGREQ from trackhub-laravel-subscriber
1783142943: Sending PINGRESP to trackhub-laravel-subscriber
1783142953: Received PINGREQ from trackhub-laravel-subscriber
1783142953: Sending PINGRESP to trackhub-laravel-subscriber
1783142963: Received PINGREQ from trackhub-laravel-subscriber
1783142963: Sending PINGRESP to trackhub-laravel-subscriber
1783142973: Received PINGREQ from trackhub-laravel-subscriber
1783142973: Sending PINGRESP to trackhub-laravel-subscriber
1783142983: Received PINGREQ from trackhub-laravel-subscriber
1783142983: Sending PINGRESP to trackhub-laravel-subscriber
1783142993: Received PINGREQ from trackhub-laravel-subscriber
1783142993: Sending PINGRESP to trackhub-laravel-subscriber
1783143003: Received PINGREQ from trackhub-laravel-subscriber
1783143003: Sending PINGRESP to trackhub-laravel-subscriber
1783143013: Received PINGREQ from trackhub-laravel-subscriber
1783143013: Sending PINGRESP to trackhub-laravel-subscriber
1783143023: Received PINGREQ from trackhub-laravel-subscriber
1783143023: Sending PINGRESP to trackhub-laravel-subscriber
1783143033: Received PINGREQ from trackhub-laravel-subscriber
1783143033: Sending PINGRESP to trackhub-laravel-subscriber
1783143043: Received PINGREQ from trackhub-laravel-subscriber
1783143043: Sending PINGRESP to trackhub-laravel-subscriber
1783143044: Client trackhub-laravel-subscriber closed its connection.
1783143047: mosquitto version 2.0.22 terminating
1783143047: Saving in-memory database to D:\gpstracker\MQTT\mosquitto\data\\mosquitto.db.
1783143121: mosquitto version 2.0.22 starting
1783143121: Config loaded from D:\gpstracker\MQTT\mosquitto-local.conf.
1783143121: Opening ipv4 listen socket on port 1883.
1783143121: mosquitto version 2.0.22 running
1783143126: New connection from 192.168.141.167:64742 on port 1883.
1783143126: New client connected from 192.168.141.167:64742 as trackhub-laravel-subscriber (p2, c1, k30).
1783143126: No will message specified.
1783143126: Sending CONNACK to trackhub-laravel-subscriber (0, 0)
1783143126: Received SUBSCRIBE from trackhub-laravel-subscriber
1783143126: 	trackhub/gps (QoS 0)
1783143126: trackhub-laravel-subscriber 0 trackhub/gps
1783143126: Sending SUBACK to trackhub-laravel-subscriber
1783143136: Received PINGREQ from trackhub-laravel-subscriber
1783143136: Sending PINGRESP to trackhub-laravel-subscriber
1783143146: Received PINGREQ from trackhub-laravel-subscriber
1783143146: Sending PINGRESP to trackhub-laravel-subscriber
1783143156: Received PINGREQ from trackhub-laravel-subscriber
1783143156: Sending PINGRESP to trackhub-laravel-subscriber
1783143159: New connection from 192.168.141.57:57429 on port 1883.
1783143159: New client connected from 192.168.141.57:57429 as esp32-gps-01-32a50528 (p2, c1, k15).
1783143159: No will message specified.
1783143159: Sending CONNACK to esp32-gps-01-32a50528 (0, 0)
1783143164: Received PUBLISH from esp32-gps-01-32a50528 (d0, q0, r0, m0, 'trackhub/gps', ... (276 bytes))
1783143164: Sending PUBLISH to trackhub-laravel-subscriber (d0, q0, r0, m0, 'trackhub/gps', ... (276 bytes))
1783143174: Received PUBLISH from esp32-gps-01-32a50528 (d0, q0, r0, m0, 'trackhub/gps', ... (276 bytes))
1783143174: Sending PUBLISH to trackhub-laravel-subscriber (d0, q0, r0, m0, 'trackhub/gps', ... (276 bytes))
1783143174: Received PINGREQ from esp32-gps-01-32a50528
1783143174: Sending PINGRESP to esp32-gps-01-32a50528
1783143193: Received DISCONNECT from trackhub-laravel-subscriber
1783143193: Client trackhub-laravel-subscriber disconnected.
1783143196: Client esp32-gps-01-32a50528 has exceeded timeout, disconnecting.
1783143198: New connection from 192.168.141.167:51115 on port 1883.
1783143198: New client connected from 192.168.141.167:51115 as trackhub-laravel-subscriber (p2, c1, k30).
1783143198: No will message specified.
1783143198: Sending CONNACK to trackhub-laravel-subscriber (0, 0)
1783143198: Received SUBSCRIBE from trackhub-laravel-subscriber
1783143198: 	trackhub/gps (QoS 0)
1783143198: trackhub-laravel-subscriber 0 trackhub/gps
1783143198: Sending SUBACK to trackhub-laravel-subscriber
1783143208: Received PINGREQ from trackhub-laravel-subscriber
1783143208: Sending PINGRESP to trackhub-laravel-subscriber
1783143218: Received PINGREQ from trackhub-laravel-subscriber
1783143218: Sending PINGRESP to trackhub-laravel-subscriber
1783143228: Received PINGREQ from trackhub-laravel-subscriber
1783143228: Sending PINGRESP to trackhub-laravel-subscriber
1783143238: Received PINGREQ from trackhub-laravel-subscriber
1783143238: Sending PINGRESP to trackhub-laravel-subscriber
1783143248: Received PINGREQ from trackhub-laravel-subscriber
1783143248: Sending PINGRESP to trackhub-laravel-subscriber
1783143249: New connection from 192.168.141.57:57440 on port 1883.
1783143249: New client connected from 192.168.141.57:57440 as esp32-gps-01-32a50528 (p2, c1, k15).
1783143249: No will message specified.
1783143249: Sending CONNACK to esp32-gps-01-32a50528 (0, 0)
1783143254: Received PUBLISH from esp32-gps-01-32a50528 (d0, q0, r0, m0, 'trackhub/gps', ... (272 bytes))
1783143254: Sending PUBLISH to trackhub-laravel-subscriber (d0, q0, r0, m0, 'trackhub/gps', ... (272 bytes))
1783143254: Received PUBLISH from esp32-gps-01-32a50528 (d0, q0, r0, m0, 'trackhub/gps', ... (275 bytes))
1783143254: Sending PUBLISH to trackhub-laravel-subscriber (d0, q0, r0, m0, 'trackhub/gps', ... (275 bytes))
1783143254: Received PUBLISH from esp32-gps-01-32a50528 (d0, q0, r0, m0, 'trackhub/gps', ... (234 bytes))
1783143254: Sending PUBLISH to trackhub-laravel-subscriber (d0, q0, r0, m0, 'trackhub/gps', ... (234 bytes))
1783143254: Received PUBLISH from esp32-gps-01-32a50528 (d0, q0, r0, m0, 'trackhub/gps', ... (266 bytes))
1783143254: Sending PUBLISH to trackhub-laravel-subscriber (d0, q0, r0, m0, 'trackhub/gps', ... (266 bytes))
1783143264: Received PINGREQ from esp32-gps-01-32a50528
1783143264: Sending PINGRESP to esp32-gps-01-32a50528
1783143265: Received PUBLISH from esp32-gps-01-32a50528 (d0, q0, r0, m0, 'trackhub/gps', ... (276 bytes))
1783143265: Sending PUBLISH to trackhub-laravel-subscriber (d0, q0, r0, m0, 'trackhub/gps', ... (276 bytes))
1783143275: Received PUBLISH from esp32-gps-01-32a50528 (d0, q0, r0, m0, 'trackhub/gps', ... (276 bytes))
1783143275: Sending PUBLISH to trackhub-laravel-subscriber (d0, q0, r0, m0, 'trackhub/gps', ... (276 bytes))
1783143279: Received PINGREQ from esp32-gps-01-32a50528
1783143279: Sending PINGRESP to esp32-gps-01-32a50528
1783143283: Received DISCONNECT from trackhub-laravel-subscriber
1783143283: Client trackhub-laravel-subscriber disconnected.
1783143285: Received PUBLISH from esp32-gps-01-32a50528 (d0, q0, r0, m0, 'trackhub/gps', ... (276 bytes))
1783143288: New connection from 192.168.141.167:53960 on port 1883.
1783143288: New client connected from 192.168.141.167:53960 as trackhub-laravel-subscriber (p2, c1, k30).
1783143288: No will message specified.
1783143288: Sending CONNACK to trackhub-laravel-subscriber (0, 0)
1783143288: Received SUBSCRIBE from trackhub-laravel-subscriber
1783143288: 	trackhub/gps (QoS 0)
1783143288: trackhub-laravel-subscriber 0 trackhub/gps
1783143288: Sending SUBACK to trackhub-laravel-subscriber
1783143294: Received PINGREQ from esp32-gps-01-32a50528
1783143294: Sending PINGRESP to esp32-gps-01-32a50528
1783143295: Received PUBLISH from esp32-gps-01-32a50528 (d0, q0, r0, m0, 'trackhub/gps', ... (269 bytes))
1783143295: Sending PUBLISH to trackhub-laravel-subscriber (d0, q0, r0, m0, 'trackhub/gps', ... (269 bytes))
1783143305: Received PUBLISH from esp32-gps-01-32a50528 (d0, q0, r0, m0, 'trackhub/gps', ... (269 bytes))
1783143305: Sending PUBLISH to trackhub-laravel-subscriber (d0, q0, r0, m0, 'trackhub/gps', ... (269 bytes))
1783143309: Received PINGREQ from esp32-gps-01-32a50528
1783143309: Sending PINGRESP to esp32-gps-01-32a50528
1783143315: Received PUBLISH from esp32-gps-01-32a50528 (d0, q0, r0, m0, 'trackhub/gps', ... (274 bytes))
1783143315: Sending PUBLISH to trackhub-laravel-subscriber (d0, q0, r0, m0, 'trackhub/gps', ... (274 bytes))
1783143324: Received PINGREQ from esp32-gps-01-32a50528
1783143324: Sending PINGRESP to esp32-gps-01-32a50528
1783143324: Client trackhub-laravel-subscriber closed its connection.
1783143325: Received PUBLISH from esp32-gps-01-32a50528 (d0, q0, r0, m0, 'trackhub/gps', ... (271 bytes))
1783143329: New connection from 192.168.141.167:50114 on port 1883.
1783143329: New client connected from 192.168.141.167:50114 as trackhub-laravel-subscriber (p2, c1, k30).
1783143329: No will message specified.
1783143329: Sending CONNACK to trackhub-laravel-subscriber (0, 0)
1783143329: Received SUBSCRIBE from trackhub-laravel-subscriber
1783143329: 	trackhub/gps (QoS 0)
1783143329: trackhub-laravel-subscriber 0 trackhub/gps
1783143329: Sending SUBACK to trackhub-laravel-subscriber
1783143335: Received PUBLISH from esp32-gps-01-32a50528 (d0, q0, r0, m0, 'trackhub/gps', ... (248 bytes))
1783143335: Sending PUBLISH to trackhub-laravel-subscriber (d0, q0, r0, m0, 'trackhub/gps', ... (248 bytes))
1783143339: Received PINGREQ from esp32-gps-01-32a50528
1783143339: Sending PINGRESP to esp32-gps-01-32a50528
1783143345: Received PUBLISH from esp32-gps-01-32a50528 (d0, q0, r0, m0, 'trackhub/gps', ... (248 bytes))
1783143345: Sending PUBLISH to trackhub-laravel-subscriber (d0, q0, r0, m0, 'trackhub/gps', ... (248 bytes))
1783143354: Received PINGREQ from esp32-gps-01-32a50528
1783143354: Sending PINGRESP to esp32-gps-01-32a50528
1783143355: Received PUBLISH from esp32-gps-01-32a50528 (d0, q0, r0, m0, 'trackhub/gps', ... (248 bytes))
1783143355: Sending PUBLISH to trackhub-laravel-subscriber (d0, q0, r0, m0, 'trackhub/gps', ... (248 bytes))
1783143364: Client trackhub-laravel-subscriber closed its connection.
1783143369: New connection from 192.168.141.167:60307 on port 1883.
1783143369: New client connected from 192.168.141.167:60307 as trackhub-laravel-subscriber (p2, c1, k30).
1783143369: No will message specified.
1783143369: Sending CONNACK to trackhub-laravel-subscriber (0, 0)
1783143369: Received SUBSCRIBE from trackhub-laravel-subscriber
1783143369: 	trackhub/gps (QoS 0)
1783143369: trackhub-laravel-subscriber 0 trackhub/gps
1783143369: Sending SUBACK to trackhub-laravel-subscriber
1783143378: Client esp32-gps-01-32a50528 has exceeded timeout, disconnecting.
1783143378: Client trackhub-laravel-subscriber closed its connection.
1783143984: New connection from 192.168.141.57:49952 on port 1883.
1783143984: New client connected from 192.168.141.57:49952 as esp32-gps-01-32a50528 (p2, c1, k15).
1783143984: No will message specified.
1783143984: Sending CONNACK to esp32-gps-01-32a50528 (0, 0)
1783143989: Received PUBLISH from esp32-gps-01-32a50528 (d0, q0, r0, m0, 'trackhub/gps', ... (234 bytes))
1783143999: Received PUBLISH from esp32-gps-01-32a50528 (d0, q0, r0, m0, 'trackhub/gps', ... (235 bytes))
1783143999: Received PINGREQ from esp32-gps-01-32a50528
1783143999: Sending PINGRESP to esp32-gps-01-32a50528
1783144009: Received PUBLISH from esp32-gps-01-32a50528 (d0, q0, r0, m0, 'trackhub/gps', ... (243 bytes))
1783144014: Received PINGREQ from esp32-gps-01-32a50528
1783144014: Sending PINGRESP to esp32-gps-01-32a50528
1783144019: Received PUBLISH from esp32-gps-01-32a50528 (d0, q0, r0, m0, 'trackhub/gps', ... (234 bytes))
1783144042: Client esp32-gps-01-32a50528 has exceeded timeout, disconnecting.
1783144045: New connection from 192.168.141.57:60600 on port 1883.
1783144045: New client connected from 192.168.141.57:60600 as esp32-gps-01-32a50528 (p2, c1, k15).
1783144045: No will message specified.
1783144045: Sending CONNACK to esp32-gps-01-32a50528 (0, 0)
1783144049: Received PUBLISH from esp32-gps-01-32a50528 (d0, q0, r0, m0, 'trackhub/gps', ... (276 bytes))
1783144059: Received PUBLISH from esp32-gps-01-32a50528 (d0, q0, r0, m0, 'trackhub/gps', ... (276 bytes))
1783144060: Received PINGREQ from esp32-gps-01-32a50528
1783144060: Sending PINGRESP to esp32-gps-01-32a50528
1783144069: Received PUBLISH from esp32-gps-01-32a50528 (d0, q0, r0, m0, 'trackhub/gps', ... (256 bytes))
1783144075: Received PINGREQ from esp32-gps-01-32a50528
1783144075: Sending PINGRESP to esp32-gps-01-32a50528
1783144079: Received PUBLISH from esp32-gps-01-32a50528 (d0, q0, r0, m0, 'trackhub/gps', ... (256 bytes))
1783144089: Received PUBLISH from esp32-gps-01-32a50528 (d0, q0, r0, m0, 'trackhub/gps', ... (256 bytes))
1783144090: Received PINGREQ from esp32-gps-01-32a50528
1783144090: Sending PINGRESP to esp32-gps-01-32a50528
1783144099: Received PUBLISH from esp32-gps-01-32a50528 (d0, q0, r0, m0, 'trackhub/gps', ... (256 bytes))
1783144105: Received PINGREQ from esp32-gps-01-32a50528
1783144105: Sending PINGRESP to esp32-gps-01-32a50528
1783144109: Received PUBLISH from esp32-gps-01-32a50528 (d0, q0, r0, m0, 'trackhub/gps', ... (261 bytes))
1783144119: Received PUBLISH from esp32-gps-01-32a50528 (d0, q0, r0, m0, 'trackhub/gps', ... (263 bytes))
1783144120: Received PINGREQ from esp32-gps-01-32a50528
1783144120: Sending PINGRESP to esp32-gps-01-32a50528
1783144129: Received PUBLISH from esp32-gps-01-32a50528 (d0, q0, r0, m0, 'trackhub/gps', ... (263 bytes))
1783144135: Received PINGREQ from esp32-gps-01-32a50528
1783144135: Sending PINGRESP to esp32-gps-01-32a50528
1783144140: Received PUBLISH from esp32-gps-01-32a50528 (d0, q0, r0, m0, 'trackhub/gps', ... (263 bytes))
1783144150: Received PUBLISH from esp32-gps-01-32a50528 (d0, q0, r0, m0, 'trackhub/gps', ... (263 bytes))
1783144150: Received PINGREQ from esp32-gps-01-32a50528
1783144150: Sending PINGRESP to esp32-gps-01-32a50528
1783144160: Received PUBLISH from esp32-gps-01-32a50528 (d0, q0, r0, m0, 'trackhub/gps', ... (261 bytes))
1783144165: Received PINGREQ from esp32-gps-01-32a50528
1783144165: Sending PINGRESP to esp32-gps-01-32a50528
1783144170: Received PUBLISH from esp32-gps-01-32a50528 (d0, q0, r0, m0, 'trackhub/gps', ... (268 bytes))
1783144180: Received PUBLISH from esp32-gps-01-32a50528 (d0, q0, r0, m0, 'trackhub/gps', ... (268 bytes))
1783144180: Received PINGREQ from esp32-gps-01-32a50528
1783144180: Sending PINGRESP to esp32-gps-01-32a50528
1783144190: Received PUBLISH from esp32-gps-01-32a50528 (d0, q0, r0, m0, 'trackhub/gps', ... (268 bytes))
1783144195: Received PINGREQ from esp32-gps-01-32a50528
1783144195: Sending PINGRESP to esp32-gps-01-32a50528
1783144200: Received PUBLISH from esp32-gps-01-32a50528 (d0, q0, r0, m0, 'trackhub/gps', ... (268 bytes))
1783144210: Received PUBLISH from esp32-gps-01-32a50528 (d0, q0, r0, m0, 'trackhub/gps', ... (268 bytes))
1783144210: Received PINGREQ from esp32-gps-01-32a50528
1783144210: Sending PINGRESP to esp32-gps-01-32a50528
1783144220: Received PUBLISH from esp32-gps-01-32a50528 (d0, q0, r0, m0, 'trackhub/gps', ... (273 bytes))
1783144225: Received PINGREQ from esp32-gps-01-32a50528
1783144225: Sending PINGRESP to esp32-gps-01-32a50528
1783144230: Received PUBLISH from esp32-gps-01-32a50528 (d0, q0, r0, m0, 'trackhub/gps', ... (273 bytes))
1783144240: Received PUBLISH from esp32-gps-01-32a50528 (d0, q0, r0, m0, 'trackhub/gps', ... (275 bytes))
1783144240: Received PINGREQ from esp32-gps-01-32a50528
1783144240: Sending PINGRESP to esp32-gps-01-32a50528
1783144250: Received PUBLISH from esp32-gps-01-32a50528 (d0, q0, r0, m0, 'trackhub/gps', ... (273 bytes))
1783144255: Received PINGREQ from esp32-gps-01-32a50528
1783144255: Sending PINGRESP to esp32-gps-01-32a50528
1783144260: Received PUBLISH from esp32-gps-01-32a50528 (d0, q0, r0, m0, 'trackhub/gps', ... (273 bytes))
1783144270: Received PUBLISH from esp32-gps-01-32a50528 (d0, q0, r0, m0, 'trackhub/gps', ... (273 bytes))
1783144270: Received PINGREQ from esp32-gps-01-32a50528
1783144270: Sending PINGRESP to esp32-gps-01-32a50528
1783144293: Client esp32-gps-01-32a50528 has exceeded timeout, disconnecting.
1783144372: New connection from 192.168.141.57:60618 on port 1883.
1783144372: New client connected from 192.168.141.57:60618 as esp32-gps-01-32a50528 (p2, c1, k15).
1783144372: No will message specified.
1783144372: Sending CONNACK to esp32-gps-01-32a50528 (0, 0)
1783144382: Received PUBLISH from esp32-gps-01-32a50528 (d0, q0, r0, m0, 'trackhub/gps', ... (275 bytes))
1783144382: Received PUBLISH from esp32-gps-01-32a50528 (d0, q0, r0, m0, 'trackhub/gps', ... (272 bytes))
1783144382: Received PUBLISH from esp32-gps-01-32a50528 (d0, q0, r0, m0, 'trackhub/gps', ... (277 bytes))
1783144383: Received PUBLISH from esp32-gps-01-32a50528 (d0, q0, r0, m0, 'trackhub/gps', ... (255 bytes))
1783144383: Received PUBLISH from esp32-gps-01-32a50528 (d0, q0, r0, m0, 'trackhub/gps', ... (267 bytes))
1783144383: Received PUBLISH from esp32-gps-01-32a50528 (d0, q0, r0, m0, 'trackhub/gps', ... (272 bytes))
1783144387: Received PINGREQ from esp32-gps-01-32a50528
1783144387: Sending PINGRESP to esp32-gps-01-32a50528
1783144394: Received PUBLISH from esp32-gps-01-32a50528 (d0, q0, r0, m0, 'trackhub/gps', ... (275 bytes))
1783144402: Received PINGREQ from esp32-gps-01-32a50528
1783144402: Sending PINGRESP to esp32-gps-01-32a50528
1783144404: Received PUBLISH from esp32-gps-01-32a50528 (d0, q0, r0, m0, 'trackhub/gps', ... (275 bytes))
1783144414: Received PUBLISH from esp32-gps-01-32a50528 (d0, q0, r0, m0, 'trackhub/gps', ... (251 bytes))
1783144417: Received PINGREQ from esp32-gps-01-32a50528
1783144417: Sending PINGRESP to esp32-gps-01-32a50528
1783144424: Received PUBLISH from esp32-gps-01-32a50528 (d0, q0, r0, m0, 'trackhub/gps', ... (273 bytes))
1783144432: Received PINGREQ from esp32-gps-01-32a50528
1783144432: Sending PINGRESP to esp32-gps-01-32a50528
1783144434: Received PUBLISH from esp32-gps-01-32a50528 (d0, q0, r0, m0, 'trackhub/gps', ... (275 bytes))
1783144444: Received PUBLISH from esp32-gps-01-32a50528 (d0, q0, r0, m0, 'trackhub/gps', ... (275 bytes))
1783144447: Received PINGREQ from esp32-gps-01-32a50528
1783144447: Sending PINGRESP to esp32-gps-01-32a50528
1783144454: Received PUBLISH from esp32-gps-01-32a50528 (d0, q0, r0, m0, 'trackhub/gps', ... (275 bytes))
1783144462: Received PINGREQ from esp32-gps-01-32a50528
1783144462: Sending PINGRESP to esp32-gps-01-32a50528
1783144464: Received PUBLISH from esp32-gps-01-32a50528 (d0, q0, r0, m0, 'trackhub/gps', ... (275 bytes))
1783144474: Received PUBLISH from esp32-gps-01-32a50528 (d0, q0, r0, m0, 'trackhub/gps', ... (275 bytes))
1783144477: Received PINGREQ from esp32-gps-01-32a50528
1783144477: Sending PINGRESP to esp32-gps-01-32a50528
1783144484: Received PUBLISH from esp32-gps-01-32a50528 (d0, q0, r0, m0, 'trackhub/gps', ... (275 bytes))
1783144492: Received PINGREQ from esp32-gps-01-32a50528
1783144492: Sending PINGRESP to esp32-gps-01-32a50528
1783144494: Received PUBLISH from esp32-gps-01-32a50528 (d0, q0, r0, m0, 'trackhub/gps', ... (275 bytes))
1783144504: Received PUBLISH from esp32-gps-01-32a50528 (d0, q0, r0, m0, 'trackhub/gps', ... (275 bytes))
1783144507: Received PINGREQ from esp32-gps-01-32a50528
1783144507: Sending PINGRESP to esp32-gps-01-32a50528
1783144514: Received PUBLISH from esp32-gps-01-32a50528 (d0, q0, r0, m0, 'trackhub/gps', ... (275 bytes))
1783144522: Received PINGREQ from esp32-gps-01-32a50528
1783144522: Sending PINGRESP to esp32-gps-01-32a50528
1783144524: Received PUBLISH from esp32-gps-01-32a50528 (d0, q0, r0, m0, 'trackhub/gps', ... (275 bytes))
1783144534: Received PUBLISH from esp32-gps-01-32a50528 (d0, q0, r0, m0, 'trackhub/gps', ... (249 bytes))
1783144537: Received PINGREQ from esp32-gps-01-32a50528
1783144537: Sending PINGRESP to esp32-gps-01-32a50528
1783144544: Received PUBLISH from esp32-gps-01-32a50528 (d0, q0, r0, m0, 'trackhub/gps', ... (275 bytes))
1783144552: Received PINGREQ from esp32-gps-01-32a50528
1783144552: Sending PINGRESP to esp32-gps-01-32a50528
1783144554: Received PUBLISH from esp32-gps-01-32a50528 (d0, q0, r0, m0, 'trackhub/gps', ... (249 bytes))
1783144564: Received PUBLISH from esp32-gps-01-32a50528 (d0, q0, r0, m0, 'trackhub/gps', ... (249 bytes))
1783144567: Received PINGREQ from esp32-gps-01-32a50528
1783144567: Sending PINGRESP to esp32-gps-01-32a50528
1783144574: Received PUBLISH from esp32-gps-01-32a50528 (d0, q0, r0, m0, 'trackhub/gps', ... (249 bytes))
1783144582: Received PINGREQ from esp32-gps-01-32a50528
1783144582: Sending PINGRESP to esp32-gps-01-32a50528
1783144584: Received PUBLISH from esp32-gps-01-32a50528 (d0, q0, r0, m0, 'trackhub/gps', ... (249 bytes))
1783144594: Received PUBLISH from esp32-gps-01-32a50528 (d0, q0, r0, m0, 'trackhub/gps', ... (249 bytes))
1783144597: Received PINGREQ from esp32-gps-01-32a50528
1783144597: Sending PINGRESP to esp32-gps-01-32a50528
1783144604: Received PUBLISH from esp32-gps-01-32a50528 (d0, q0, r0, m0, 'trackhub/gps', ... (278 bytes))
1783144612: Received PINGREQ from esp32-gps-01-32a50528
1783144612: Sending PINGRESP to esp32-gps-01-32a50528
1783144614: Received PUBLISH from esp32-gps-01-32a50528 (d0, q0, r0, m0, 'trackhub/gps', ... (278 bytes))
1783144624: Received PUBLISH from esp32-gps-01-32a50528 (d0, q0, r0, m0, 'trackhub/gps', ... (249 bytes))
1783144627: Received PINGREQ from esp32-gps-01-32a50528
1783144627: Sending PINGRESP to esp32-gps-01-32a50528
1783144634: Received PUBLISH from esp32-gps-01-32a50528 (d0, q0, r0, m0, 'trackhub/gps', ... (278 bytes))
1783144642: Received PINGREQ from esp32-gps-01-32a50528
1783144642: Sending PINGRESP to esp32-gps-01-32a50528
1783144644: Received PUBLISH from esp32-gps-01-32a50528 (d0, q0, r0, m0, 'trackhub/gps', ... (241 bytes))
1783144654: Received PUBLISH from esp32-gps-01-32a50528 (d0, q0, r0, m0, 'trackhub/gps', ... (241 bytes))
1783144657: Received PINGREQ from esp32-gps-01-32a50528
1783144657: Sending PINGRESP to esp32-gps-01-32a50528
1783144664: Received PUBLISH from esp32-gps-01-32a50528 (d0, q0, r0, m0, 'trackhub/gps', ... (234 bytes))
1783144672: Received PINGREQ from esp32-gps-01-32a50528
1783144672: Sending PINGRESP to esp32-gps-01-32a50528
1783144674: Received PUBLISH from esp32-gps-01-32a50528 (d0, q0, r0, m0, 'trackhub/gps', ... (234 bytes))
1783144684: Received PUBLISH from esp32-gps-01-32a50528 (d0, q0, r0, m0, 'trackhub/gps', ... (234 bytes))
1783144687: Received PINGREQ from esp32-gps-01-32a50528
1783144687: Sending PINGRESP to esp32-gps-01-32a50528
1783144694: Received PUBLISH from esp32-gps-01-32a50528 (d0, q0, r0, m0, 'trackhub/gps', ... (234 bytes))
1783144702: Received PINGREQ from esp32-gps-01-32a50528
1783144702: Sending PINGRESP to esp32-gps-01-32a50528
1783144704: Received PUBLISH from esp32-gps-01-32a50528 (d0, q0, r0, m0, 'trackhub/gps', ... (276 bytes))
1783144714: Received PUBLISH from esp32-gps-01-32a50528 (d0, q0, r0, m0, 'trackhub/gps', ... (276 bytes))
1783144717: Received PINGREQ from esp32-gps-01-32a50528
1783144717: Sending PINGRESP to esp32-gps-01-32a50528
1783144724: Received PUBLISH from esp32-gps-01-32a50528 (d0, q0, r0, m0, 'trackhub/gps', ... (276 bytes))
1783144732: Received PINGREQ from esp32-gps-01-32a50528
1783144732: Sending PINGRESP to esp32-gps-01-32a50528
1783144734: Received PUBLISH from esp32-gps-01-32a50528 (d0, q0, r0, m0, 'trackhub/gps', ... (276 bytes))
1783144744: Received PUBLISH from esp32-gps-01-32a50528 (d0, q0, r0, m0, 'trackhub/gps', ... (276 bytes))
1783144747: Received PINGREQ from esp32-gps-01-32a50528
1783144747: Sending PINGRESP to esp32-gps-01-32a50528
1783144754: Received PUBLISH from esp32-gps-01-32a50528 (d0, q0, r0, m0, 'trackhub/gps', ... (276 bytes))
1783144762: Received PINGREQ from esp32-gps-01-32a50528
1783144762: Sending PINGRESP to esp32-gps-01-32a50528
1783144764: Received PUBLISH from esp32-gps-01-32a50528 (d0, q0, r0, m0, 'trackhub/gps', ... (256 bytes))
1783144775: Received PUBLISH from esp32-gps-01-32a50528 (d0, q0, r0, m0, 'trackhub/gps', ... (256 bytes))
1783144777: Received PINGREQ from esp32-gps-01-32a50528
1783144777: Sending PINGRESP to esp32-gps-01-32a50528
1783144785: Received PUBLISH from esp32-gps-01-32a50528 (d0, q0, r0, m0, 'trackhub/gps', ... (256 bytes))
1783144792: Received PINGREQ from esp32-gps-01-32a50528
1783144792: Sending PINGRESP to esp32-gps-01-32a50528
1783144795: Received PUBLISH from esp32-gps-01-32a50528 (d0, q0, r0, m0, 'trackhub/gps', ... (256 bytes))
1783144805: Received PUBLISH from esp32-gps-01-32a50528 (d0, q0, r0, m0, 'trackhub/gps', ... (276 bytes))
1783144807: Received PINGREQ from esp32-gps-01-32a50528
1783144807: Sending PINGRESP to esp32-gps-01-32a50528
1783144815: Received PUBLISH from esp32-gps-01-32a50528 (d0, q0, r0, m0, 'trackhub/gps', ... (276 bytes))
1783144822: Received PINGREQ from esp32-gps-01-32a50528
1783144822: Sending PINGRESP to esp32-gps-01-32a50528
1783144825: Received PUBLISH from esp32-gps-01-32a50528 (d0, q0, r0, m0, 'trackhub/gps', ... (256 bytes))
1783144835: Received PUBLISH from esp32-gps-01-32a50528 (d0, q0, r0, m0, 'trackhub/gps', ... (256 bytes))
1783144837: Received PINGREQ from esp32-gps-01-32a50528
1783144837: Sending PINGRESP to esp32-gps-01-32a50528
1783144845: Received PUBLISH from esp32-gps-01-32a50528 (d0, q0, r0, m0, 'trackhub/gps', ... (256 bytes))
1783144852: Received PINGREQ from esp32-gps-01-32a50528
1783144852: Sending PINGRESP to esp32-gps-01-32a50528
1783144855: Received PUBLISH from esp32-gps-01-32a50528 (d0, q0, r0, m0, 'trackhub/gps', ... (268 bytes))
1783144865: Received PUBLISH from esp32-gps-01-32a50528 (d0, q0, r0, m0, 'trackhub/gps', ... (268 bytes))
1783144867: Received PINGREQ from esp32-gps-01-32a50528
1783144867: Sending PINGRESP to esp32-gps-01-32a50528
1783144875: Received PUBLISH from esp32-gps-01-32a50528 (d0, q0, r0, m0, 'trackhub/gps', ... (268 bytes))
1783144882: Received PINGREQ from esp32-gps-01-32a50528
1783144882: Sending PINGRESP to esp32-gps-01-32a50528
1783144885: Received PUBLISH from esp32-gps-01-32a50528 (d0, q0, r0, m0, 'trackhub/gps', ... (268 bytes))
1783144895: Received PUBLISH from esp32-gps-01-32a50528 (d0, q0, r0, m0, 'trackhub/gps', ... (268 bytes))
1783144897: Received PINGREQ from esp32-gps-01-32a50528
1783144897: Sending PINGRESP to esp32-gps-01-32a50528
1783144905: Received PUBLISH from esp32-gps-01-32a50528 (d0, q0, r0, m0, 'trackhub/gps', ... (268 bytes))
1783144912: Received PINGREQ from esp32-gps-01-32a50528
1783144912: Sending PINGRESP to esp32-gps-01-32a50528
1783144915: Received PUBLISH from esp32-gps-01-32a50528 (d0, q0, r0, m0, 'trackhub/gps', ... (270 bytes))
1783144922: Saving in-memory database to D:\gpstracker\MQTT\mosquitto\data\\mosquitto.db.
1783144925: Received PUBLISH from esp32-gps-01-32a50528 (d0, q0, r0, m0, 'trackhub/gps', ... (270 bytes))
1783144927: Received PINGREQ from esp32-gps-01-32a50528
1783144927: Sending PINGRESP to esp32-gps-01-32a50528
1783144935: Received PUBLISH from esp32-gps-01-32a50528 (d0, q0, r0, m0, 'trackhub/gps', ... (275 bytes))
1783144942: Received PINGREQ from esp32-gps-01-32a50528
1783144942: Sending PINGRESP to esp32-gps-01-32a50528
1783144945: Received PUBLISH from esp32-gps-01-32a50528 (d0, q0, r0, m0, 'trackhub/gps', ... (275 bytes))
1783144955: Received PUBLISH from esp32-gps-01-32a50528 (d0, q0, r0, m0, 'trackhub/gps', ... (275 bytes))
1783144957: Received PINGREQ from esp32-gps-01-32a50528
1783144957: Sending PINGRESP to esp32-gps-01-32a50528
1783144965: Received PUBLISH from esp32-gps-01-32a50528 (d0, q0, r0, m0, 'trackhub/gps', ... (275 bytes))
1783144973: Received PINGREQ from esp32-gps-01-32a50528
1783144973: Sending PINGRESP to esp32-gps-01-32a50528
1783144975: Received PUBLISH from esp32-gps-01-32a50528 (d0, q0, r0, m0, 'trackhub/gps', ... (275 bytes))
1783144985: Received PUBLISH from esp32-gps-01-32a50528 (d0, q0, r0, m0, 'trackhub/gps', ... (251 bytes))
1783144988: Received PINGREQ from esp32-gps-01-32a50528
1783144988: Sending PINGRESP to esp32-gps-01-32a50528
1783144995: Received PUBLISH from esp32-gps-01-32a50528 (d0, q0, r0, m0, 'trackhub/gps', ... (275 bytes))
1783145003: Received PINGREQ from esp32-gps-01-32a50528
1783145003: Sending PINGRESP to esp32-gps-01-32a50528
1783145005: Received PUBLISH from esp32-gps-01-32a50528 (d0, q0, r0, m0, 'trackhub/gps', ... (275 bytes))
1783145015: Received PUBLISH from esp32-gps-01-32a50528 (d0, q0, r0, m0, 'trackhub/gps', ... (275 bytes))
1783145018: Received PINGREQ from esp32-gps-01-32a50528
1783145018: Sending PINGRESP to esp32-gps-01-32a50528
1783145025: Received PUBLISH from esp32-gps-01-32a50528 (d0, q0, r0, m0, 'trackhub/gps', ... (275 bytes))
1783145033: Received PINGREQ from esp32-gps-01-32a50528
1783145033: Sending PINGRESP to esp32-gps-01-32a50528
1783145035: Received PUBLISH from esp32-gps-01-32a50528 (d0, q0, r0, m0, 'trackhub/gps', ... (275 bytes))
1783145045: Received PUBLISH from esp32-gps-01-32a50528 (d0, q0, r0, m0, 'trackhub/gps', ... (251 bytes))
1783145048: Received PINGREQ from esp32-gps-01-32a50528
1783145048: Sending PINGRESP to esp32-gps-01-32a50528
1783145055: Received PUBLISH from esp32-gps-01-32a50528 (d0, q0, r0, m0, 'trackhub/gps', ... (251 bytes))
1783145063: Received PINGREQ from esp32-gps-01-32a50528
1783145063: Sending PINGRESP to esp32-gps-01-32a50528
1783145065: Received PUBLISH from esp32-gps-01-32a50528 (d0, q0, r0, m0, 'trackhub/gps', ... (251 bytes))
1783145075: Received PUBLISH from esp32-gps-01-32a50528 (d0, q0, r0, m0, 'trackhub/gps', ... (251 bytes))
1783145078: Received PINGREQ from esp32-gps-01-32a50528
1783145078: Sending PINGRESP to esp32-gps-01-32a50528
1783145085: Received PUBLISH from esp32-gps-01-32a50528 (d0, q0, r0, m0, 'trackhub/gps', ... (275 bytes))
1783145093: Received PINGREQ from esp32-gps-01-32a50528
1783145093: Sending PINGRESP to esp32-gps-01-32a50528
1783145095: Received PUBLISH from esp32-gps-01-32a50528 (d0, q0, r0, m0, 'trackhub/gps', ... (275 bytes))
1783145104: mosquitto version 2.0.22 terminating
1783145104: Saving in-memory database to D:\gpstracker\MQTT\mosquitto\data\\mosquitto.db.
